customer_name,customer_email,customer_type,country,channel,product,ticket_id,subject,description,category,priority,sentiment,assigned_team,status
Clinton Nichols,alexanderharmon@example.org,Enterprise,Canada,Chat,API Platform,TKT-DD82610CA0,Organization details incorrect,"I have been trying to access my account since yesterday using Google Chrome on my Linux desktop running Windows 11. The system displays 'Validation failed'. I already cleared browser cache, but the issue still persists. My profile is incomplete. Please update my account.",Account,Medium,Negative,Account Support Team,Open
Michael Lopez,matthew78@example.org,Premium,Canada,Phone,Web Dashboard,TKT-132439D31D,Reset code invalid,"I have been trying to access my account since today using Google Chrome on my Linux desktop running Windows 10. The system displays 'OTP expired'. I already checked my spam folder, but the issue still persists. My team cannot access shared resources. Please provide a working reset link.",Password Reset,Medium,Negative,Authentication Team,Open
Megan Garcia,brookserika@example.org,Enterprise,Brazil,Website,Reporting Engine,TKT-0B7E32F4C9,Business profile issue,"I have been trying to access my account since yesterday using Mozilla Firefox on my Linux desktop running Windows 10. The system displays 'Verification failed'. I already updated my browser, but the issue still persists. Business information is incorrect. Please update my account.",Account,Low,Neutral,Account Support Team,Open
Debra Garcia,kathryn26@example.org,Enterprise,India,Mobile App,Web Dashboard,TKT-F837AEB837,Login failed,"I have been trying to access my account since yesterday using Mozilla Firefox on my iPhone running iOS 18. The system displays 'Access denied'. I already cleared browser cache, but the issue still persists. I cannot continue my work. Kindly resolve this as soon as possible.",Login,Medium,Negative,Authentication Team,Open
Kristen Morris,veronicagonzales@example.net,Free,United Kingdom,Mobile App,CRM Suite,TKT-604F417304,Password reset page not working,"I have been trying to access my account since for the last two days using Microsoft Edge on my Android phone running macOS Sonoma. The system displays 'Invalid reset token'. I already requested another reset email, but the issue still persists. I cannot access my account. Please provide a working reset link.",Password Reset,Medium,Neutral,Authentication Team,Open
Albert Johns,gpham@example.com,Premium,USA,Mobile App,Reporting Engine,TKT-CF1ED31FD3,Password change failed,"I have been trying to access my account since this morning using Google Chrome on my Windows laptop running Windows 10. The system displays 'Verification failed'. I already checked my spam folder, but the issue still persists. I cannot continue using the platform. Please provide a working reset link.",Password Reset,Low,Neutral,Authentication Team,Open
Emily Hatfield,krista72@example.net,Premium,Brazil,Website,Reporting Engine,TKT-A97ADC9670,Unable to update profile,"I have been trying to access my account since this morning using Mozilla Firefox on my Linux desktop running Ubuntu 24.04. The system displays 'Validation failed'. I already logged out and logged back in, but the issue still persists. My team cannot use account features. Kindly verify my account.",Account,Low,Neutral,Account Support Team,Open
Denise Young,chapmanmelinda@example.org,Premium,Canada,Chat,API Platform,TKT-1CD4914852,Password reset page not working,"I have been trying to access my account since today using Mozilla Firefox on my iPhone running iOS 18. The system displays 'Unexpected server error'. I already requested another reset email, but the issue still persists. My work is delayed. Looking forward to your assistance.",Password Reset,Medium,Negative,Authentication Team,Open
Eddie Nelson,brittanysoto@example.net,Basic,Singapore,Email,Payment Gateway,TKT-75361C68EE,Two-factor authentication failed,"I have been trying to access my account since last night using Microsoft Edge on my Linux desktop running Windows 11. The system displays 'Access denied'. I already cleared browser cache, but the issue still persists. I cannot continue my work. Kindly resolve this as soon as possible.",Login,Medium,Negative,Authentication Team,Open
Kevin Evans,zlopez@example.net,Enterprise,Singapore,Mobile App,CRM Suite,TKT-1CA1DE1010,Login stuck on loading screen,"I have been trying to access my account since today using Safari on my iPad running Ubuntu 24.04. The system displays 'Connection timeout'. I already disabled VPN, but the issue still persists. This issue is impacting productivity. Looking forward to your assistance.",Login,High,Negative,Authentication Team,Open
Christopher Aguilar,nancygates@example.org,Enterprise,Australia,Mobile App,Reporting Engine,TKT-759E517387,Two-factor authentication failed,"I have been trying to access my account since for the past week using Microsoft Edge on my Android phone running iOS 18. The system displays 'Invalid credentials'. I already disabled VPN, but the issue still persists. I cannot continue my work. Please investigate this issue.",Login,High,Negative,Authentication Team,Open
Jennifer Smith,eballard@example.org,Premium,Australia,Mobile App,Cloud Storage,TKT-1DCBA17A62,Forgot password issue,"I have been trying to access my account since for the last two days using Google Chrome on my iPad running Android 15. The system displays 'Email not recognized'. I already used another device, but the issue still persists. I cannot access my account. Kindly investigate this issue.",Password Reset,Medium,Negative,Authentication Team,Open
Jeffrey Fields,cjones@example.net,Premium,UAE,Chat,Mobile Application,TKT-9AA9EB1514,Forgot password issue,"I have been trying to access my account since yesterday using Safari on my MacBook Pro running Ubuntu 24.04. The system displays 'Reset token expired'. I already requested another reset email, but the issue still persists. I cannot continue using the platform. Please help me reset my password.",Password Reset,Low,Neutral,Authentication Team,Open
Whitney Williams,crystalstewart@example.org,Free,India,Mobile App,CRM Suite,TKT-7091D7470F,Cannot create new password,"I have been trying to access my account since this morning using Safari on my MacBook Pro running macOS Sonoma. The system displays 'OTP expired'. I already used another device, but the issue still persists. My team cannot access shared resources. Looking forward to your assistance.",Password Reset,Low,Neutral,Authentication Team,Open
Elizabeth Wong,travis42@example.com,Enterprise,Germany,Chat,Mobile Application,TKT-E320C9B568,Phone number update failed,"I have been trying to access my account since yesterday using Mozilla Firefox on my Android phone running Android 15. The system displays 'Verification failed'. I already updated my browser, but the issue still persists. My team cannot use account features. Please resolve this issue.",Account,Low,Negative,Account Support Team,Open
Tiffany Gordon,kimberly73@example.com,Free,Japan,Website,Web Dashboard,TKT-F09038CAD2,Account verification pending,"I have been trying to access my account since yesterday using Google Chrome on my Linux desktop running macOS Sonoma. The system displays 'Permission denied'. I already logged out and logged back in, but the issue still persists. My team cannot use account features. Please update my account.",Account,Low,Neutral,Account Support Team,Open
Bruce Santiago,janetharris@example.org,Enterprise,Australia,Chat,Web Dashboard,TKT-178A1B4729,Unexpected logout after login,"I have been trying to access my account since yesterday using Microsoft Edge on my iPad running Ubuntu 24.04. The system displays 'Session expired'. I already tried another browser, but the issue still persists. My business operations are affected. Looking forward to your assistance.",Login,High,Negative,Authentication Team,Open
Deborah Byrd,tortiz@example.org,Enterprise,Canada,Mobile App,CRM Suite,TKT-E2AFD5FDA4,Reset code invalid,"I have been trying to access my account since this morning using Google Chrome on my MacBook Pro running Windows 11. The system displays 'OTP expired'. I already used another device, but the issue still persists. I cannot access my account. Please help me reset my password.",Password Reset,Medium,Neutral,Authentication Team,Open
Jeremy Hancock,heidi11@example.org,Free,Japan,Chat,CRM Suite,TKT-42E1A3F7D9,Account verification pending,"I have been trying to access my account since today using Google Chrome on my Android phone running Ubuntu 24.04. The system displays 'Permission denied'. I already logged out and logged back in, but the issue still persists. My profile is incomplete. Please update my account.",Account,Medium,Neutral,Account Support Team,Open
Carlos Bell,johnsoncody@example.net,Free,UAE,Mobile App,API Platform,TKT-41469F1C0E,Reset link expired,"I have been trying to access my account since last night using Microsoft Edge on my Android phone running Android 15. The system displays 'Reset token expired'. I already tried another browser, but the issue still persists. I cannot continue using the platform. Please help me reset my password.",Password Reset,Low,Neutral,Authentication Team,Open
James Miller,hstrong@example.com,Enterprise,India,Email,Reporting Engine,TKT-F3AEA52D24,Reset link expired,"I have been trying to access my account since for the last two days using Mozilla Firefox on my iPhone running Windows 10. The system displays 'Verification failed'. I already tried another browser, but the issue still persists. My work is delayed. Looking forward to your assistance.",Password Reset,Low,Negative,Authentication Team,Open
Cheryl Richards,parkermichele@example.com,Free,United Kingdom,Website,Web Dashboard,TKT-7641165828,Temporary password not working,"I have been trying to access my account since today using Google Chrome on my iPad running Ubuntu 24.04. The system displays 'Reset token expired'. I already requested another reset email, but the issue still persists. I cannot access my account. Looking forward to your assistance.",Password Reset,Low,Negative,Authentication Team,Open
Alexandria Hood,morenojennifer@example.org,Basic,Brazil,Mobile App,Payment Gateway,TKT-62FDAC3FDA,Unable to login,"I have been trying to access my account since for the past week using Safari on my Linux desktop running Windows 10. The system displays 'Authentication failed'. I already disabled VPN, but the issue still persists. This issue is impacting productivity. Kindly resolve this as soon as possible.",Login,Medium,Negative,Authentication Team,Open
Cody Payne,yhunt@example.net,Free,Japan,Phone,Payment Gateway,TKT-9E1B187E86,Unable to update profile,"I have been trying to access my account since today using Mozilla Firefox on my Linux desktop running Windows 11. The system displays 'Unexpected server error'. I already updated my browser, but the issue still persists. Business information is incorrect. Please update my account.",Account,Medium,Negative,Account Support Team,Open
Carla Fernandez,michelle45@example.net,Enterprise,Germany,Website,Web Dashboard,TKT-09120714C3,Temporary password not working,"I have been trying to access my account since today using Mozilla Firefox on my Android phone running Windows 10. The system displays 'Unexpected server error'. I already requested another reset email, but the issue still persists. My work is delayed. Looking forward to your assistance.",Password Reset,Medium,Neutral,Authentication Team,Open
Kristin Bush,xroberts@example.com,Premium,Singapore,Phone,Payment Gateway,TKT-376625F1A5,Unable to access dashboard,"I have been trying to access my account since last night using Mozilla Firefox on my Android phone running iOS 18. The system displays 'Internal server error'. I already reset my password, but the issue still persists. This issue is impacting productivity. Please investigate this issue.",Login,Medium,Negative,Authentication Team,Open
Nathan Patterson,kennedyantonio@example.org,Enterprise,Singapore,Mobile App,CRM Suite,TKT-0DA731635F,Unexpected logout after login,"I have been trying to access my account since today using Google Chrome on my Android phone running macOS Sonoma. The system displays 'Invalid credentials'. I already disabled VPN, but the issue still persists. Customers are waiting for a response. Kindly resolve this as soon as possible.",Login,Medium,Negative,Authentication Team,Open
Mercedes Frye,brentsanchez@example.net,Free,USA,Chat,Payment Gateway,TKT-2A12B83AA2,Login page not responding,"I have been trying to access my account since this morning using Microsoft Edge on my MacBook Pro running Android 15. The system displays 'Internal server error'. I already disabled VPN, but the issue still persists. Customers are waiting for a response. Kindly resolve this as soon as possible.",Login,High,Negative,Authentication Team,Open
Natalie Moody,garzajason@example.org,Premium,Canada,Mobile App,Web Dashboard,TKT-8BCBFD241A,Account verification pending,"I have been trying to access my account since this morning using Google Chrome on my iPhone running macOS Sonoma. The system displays 'Verification failed'. I already used another device, but the issue still persists. Business information is incorrect. Please update my account.",Account,Medium,Neutral,Account Support Team,Open
Stephen Miller,dmoore@example.net,Enterprise,Germany,Chat,Cloud Storage,TKT-5879F087AF,Temporary password not working,"I have been trying to access my account since yesterday using Safari on my iPad running iOS 18. The system displays 'Verification failed'. I already used another device, but the issue still persists. I cannot continue using the platform. Kindly investigate this issue.",Password Reset,Low,Negative,Authentication Team,Open
Cassandra Nguyen MD,josephwelch@example.org,Basic,Australia,Email,Cloud Storage,TKT-D5D066ECF8,Organization details incorrect,"I have been trying to access my account since last week using Microsoft Edge on my iPhone running iOS 18. The system displays 'Verification failed'. I already logged out and logged back in, but the issue still persists. My profile is incomplete. Kindly verify my account.",Account,Medium,Neutral,Account Support Team,Open
Patrick Gomez,mooretodd@example.org,Basic,Canada,Chat,Mobile Application,TKT-305E7EDDF9,Reset code invalid,"I have been trying to access my account since this morning using Google Chrome on my Windows laptop running macOS Sonoma. The system displays 'Email not recognized'. I already cleared browser cache, but the issue still persists. I cannot access my account. Looking forward to your assistance.",Password Reset,Medium,Negative,Authentication Team,Open
Carolyn Joyce,susanrobbins@example.net,Premium,United Kingdom,Phone,API Platform,TKT-3F0F00C85F,Login failed,"I have been trying to access my account since today using Mozilla Firefox on my Windows laptop running Ubuntu 24.04. The system displays 'Invalid credentials'. I already reset my password, but the issue still persists. This issue is impacting productivity. Kindly resolve this as soon as possible.",Login,High,Negative,Authentication Team,Open
Robert Miller,vschmidt@example.net,Free,Japan,Chat,AI Analytics Platform,TKT-7DFC9D1157,Unable to update profile,"I have been trying to access my account since this morning using Mozilla Firefox on my Windows laptop running Windows 11. The system displays 'Permission denied'. I already used another device, but the issue still persists. Business information is incorrect. Please resolve this issue.",Account,Medium,Neutral,Account Support Team,Open
Jeffrey Robbins,oanderson@example.org,Premium,Japan,Website,AI Analytics Platform,TKT-C8CA190528,Login page not responding,"I have been trying to access my account since for the past week using Safari on my Windows laptop running Windows 10. The system displays 'Access denied'. I already used another device, but the issue still persists. I cannot continue my work. Please provide a solution.",Login,Medium,Negative,Authentication Team,Open
Gina Lee,townsendlauren@example.net,Free,Canada,Chat,AI Analytics Platform,TKT-AAC9D9D5CB,Phone number update failed,"I have been trying to access my account since last week using Safari on my Android phone running Android 15. The system displays 'Unexpected server error'. I already logged out and logged back in, but the issue still persists. My team cannot use account features. Please update my account.",Account,Medium,Negative,Account Support Team,Open
Travis Lopez,wufrank@example.net,Basic,Singapore,Chat,AI Analytics Platform,TKT-126121C54B,Unable to reset password,"I have been trying to access my account since for the last two days using Safari on my Android phone running Ubuntu 24.04. The system displays 'Verification failed'. I already requested another reset email, but the issue still persists. I cannot continue using the platform. Looking forward to your assistance.",Password Reset,Medium,Neutral,Authentication Team,Open
Joel Mcmahon,gvega@example.org,Basic,Canada,Phone,CRM Suite,TKT-67F9B99A76,Login page not responding,"I have been trying to access my account since for the last two days using Safari on my Android phone running Ubuntu 24.04. The system displays 'Session expired'. I already reset my password, but the issue still persists. I cannot continue my work. Please investigate this issue.",Login,High,Negative,Authentication Team,Open
Alan Lynch,delgadoapril@example.com,Premium,Australia,Chat,AI Analytics Platform,TKT-1597C4961E,Authentication error,"I have been trying to access my account since for the past week using Microsoft Edge on my iPhone running Android 15. The system displays 'Internal server error'. I already reinstalled the application, but the issue still persists. My business operations are affected. Please investigate this issue.",Login,High,Negative,Authentication Team,Open
Ryan Stone,jillian51@example.net,Premium,UAE,Email,CRM Suite,TKT-3CEC3D7E2B,Business profile issue,"I have been trying to access my account since last week using Microsoft Edge on my MacBook Pro running Android 15. The system displays 'Permission denied'. I already updated my browser, but the issue still persists. My team cannot use account features. Please resolve this issue.",Account,Medium,Neutral,Account Support Team,Open
Elizabeth Le DDS,debra23@example.org,Free,Germany,Website,Mobile Application,TKT-6B1C4A4200,Account settings not saving,"I have been trying to access my account since this morning using Safari on my Android phone running Android 15. The system displays 'Unexpected server error'. I already logged out and logged back in, but the issue still persists. My profile is incomplete. Kindly verify my account.",Account,Medium,Neutral,Account Support Team,Open
Keith Smith DDS,lisa23@example.org,Basic,Japan,Chat,API Platform,TKT-539B1404B0,Reset code invalid,"I have been trying to access my account since this morning using Safari on my iPhone running iOS 18. The system displays 'Verification failed'. I already used another device, but the issue still persists. My team cannot access shared resources. Looking forward to your assistance.",Password Reset,Low,Negative,Authentication Team,Open
Lori Maldonado,laurasuarez@example.org,Basic,Brazil,Phone,Web Dashboard,TKT-DA1FF7C34D,Forgot password issue,"I have been trying to access my account since for the last two days using Google Chrome on my iPad running iOS 18. The system displays 'OTP expired'. I already used another device, but the issue still persists. I cannot continue using the platform. Please provide a working reset link.",Password Reset,Low,Neutral,Authentication Team,Open
Jessica Gardner,garciacynthia@example.org,Premium,Brazil,Email,Cloud Storage,TKT-29F8911848,Unable to verify account,"I have been trying to access my account since last week using Google Chrome on my iPhone running Windows 10. The system displays 'Unexpected server error'. I already used another device, but the issue still persists. My profile is incomplete. Kindly verify my account.",Account,Low,Negative,Account Support Team,Open
Matthew Colon,derrickbailey@example.net,Premium,India,Mobile App,API Platform,TKT-4745159D95,Password reset page not working,"I have been trying to access my account since for the last two days using Google Chrome on my Android phone running iOS 18. The system displays 'Reset token expired'. I already used another device, but the issue still persists. I cannot access my account. Kindly investigate this issue.",Password Reset,Medium,Neutral,Authentication Team,Open
Jessica Ferguson,dawn46@example.net,Basic,UAE,Website,Cloud Storage,TKT-ADBDE66BA3,Business profile issue,"I have been trying to access my account since yesterday using Microsoft Edge on my Windows laptop running Windows 11. The system displays 'Validation failed'. I already logged out and logged back in, but the issue still persists. My profile is incomplete. Kindly verify my account.",Account,Low,Neutral,Account Support Team,Open
George Gomez,brian08@example.net,Enterprise,United Kingdom,Mobile App,Reporting Engine,TKT-EDABC1BC16,Temporary password not working,"I have been trying to access my account since this morning using Mozilla Firefox on my Windows laptop running macOS Sonoma. The system displays 'Verification failed'. I already requested another reset email, but the issue still persists. I cannot access my account. Kindly investigate this issue.",Password Reset,Medium,Neutral,Authentication Team,Open
Martin Blanchard,michelle43@example.org,Enterprise,United Kingdom,Email,Payment Gateway,TKT-8F3EF10C33,Unable to login,"I have been trying to access my account since yesterday using Microsoft Edge on my iPhone running Windows 10. The system displays 'Authentication failed'. I already cleared browser cache, but the issue still persists. My business operations are affected. Kindly resolve this as soon as possible.",Login,High,Negative,Authentication Team,Open
John Chapman MD,nlewis@example.net,Basic,United Kingdom,Mobile App,Cloud Storage,TKT-6F65DA3508,Password reset email not received,"I have been trying to access my account since this morning using Google Chrome on my Windows laptop running macOS Sonoma. The system displays 'Reset token expired'. I already tried another browser, but the issue still persists. My work is delayed. Please help me reset my password.",Password Reset,Low,Neutral,Authentication Team,Open
Caleb Hawkins,connorstrickland@example.com,Enterprise,Japan,Chat,API Platform,TKT-BCCFF17AD1,Unable to access dashboard,"I have been trying to access my account since last night using Microsoft Edge on my Linux desktop running Android 15. The system displays 'Session expired'. I already restarted the application, but the issue still persists. My business operations are affected. Kindly resolve this as soon as possible.",Login,Medium,Negative,Authentication Team,Open
Angel Reed,bethany91@example.org,Premium,USA,Phone,Reporting Engine,TKT-450F99D49A,Password change failed,"I have been trying to access my account since this morning using Microsoft Edge on my Windows laptop running iOS 18. The system displays 'Unexpected server error'. I already requested another reset email, but the issue still persists. My team cannot access shared resources. Please provide a working reset link.",Password Reset,Medium,Negative,Authentication Team,Open
Sandra Gordon,kfletcher@example.net,Enterprise,Japan,Mobile App,Payment Gateway,TKT-C4E8EA7C66,Reset link expired,"I have been trying to access my account since yesterday using Google Chrome on my Linux desktop running iOS 18. The system displays 'Invalid reset token'. I already cleared browser cache, but the issue still persists. My team cannot access shared resources. Please help me reset my password.",Password Reset,Medium,Negative,Authentication Team,Open
Debra Cervantes,mneal@example.org,Premium,Japan,Email,CRM Suite,TKT-A4D11FF922,Unable to update profile,"I have been trying to access my account since last week using Safari on my Android phone running Ubuntu 24.04. The system displays 'Unexpected server error'. I already logged out and logged back in, but the issue still persists. My profile is incomplete. Please update my account.",Account,Low,Neutral,Account Support Team,Open
Garrett Schmidt,michaelwilliams@example.com,Free,India,Website,Cloud Storage,TKT-B5955D7D4D,Cannot sign in,"I have been trying to access my account since yesterday using Google Chrome on my iPhone running Windows 10. The system displays 'Session expired'. I already cleared browser cache, but the issue still persists. My business operations are affected. Looking forward to your assistance.",Login,Medium,Negative,Authentication Team,Open
Debra Drake,lortiz@example.org,Enterprise,India,Website,CRM Suite,TKT-8FE4B09E1E,Account settings not saving,"I have been trying to access my account since yesterday using Mozilla Firefox on my Windows laptop running Android 15. The system displays 'Permission denied'. I already logged out and logged back in, but the issue still persists. My profile is incomplete. Please resolve this issue.",Account,Low,Negative,Account Support Team,Open
Sandra Olson,jamesthomas@example.net,Basic,Japan,Phone,API Platform,TKT-23199E2A75,Unable to login,"I have been trying to access my account since today using Safari on my iPad running Android 15. The system displays 'Unexpected server error'. I already used another device, but the issue still persists. My support team is blocked. Please investigate this issue.",Login,High,Negative,Authentication Team,Open
Scott Horne,benitezamber@example.com,Free,India,Email,API Platform,TKT-0D8D7437F1,Organization details incorrect,"I have been trying to access my account since yesterday using Google Chrome on my Android phone running macOS Sonoma. The system displays 'Profile update failed'. I already logged out and logged back in, but the issue still persists. Business information is incorrect. Kindly verify my account.",Account,Medium,Neutral,Account Support Team,Open
Alison Watts,cmccormick@example.com,Free,United Kingdom,Phone,CRM Suite,TKT-E060DA614D,Phone number update failed,"I have been trying to access my account since today using Google Chrome on my Windows laptop running Ubuntu 24.04. The system displays 'Validation failed'. I already logged out and logged back in, but the issue still persists. My profile is incomplete. Please resolve this issue.",Account,Medium,Neutral,Account Support Team,Open
Zachary Saunders,steven35@example.com,Basic,Australia,Phone,CRM Suite,TKT-63CA69EEB6,Account verification pending,"I have been trying to access my account since today using Google Chrome on my iPhone running Ubuntu 24.04. The system displays 'Profile update failed'. I already updated my browser, but the issue still persists. My team cannot use account features. Please update my account.",Account,Medium,Neutral,Account Support Team,Open
Larry Russell,corey75@example.org,Basic,Germany,Email,Reporting Engine,TKT-204DDBF29F,Unexpected logout after login,"I have been trying to access my account since for the last two days using Safari on my Android phone running Windows 10. The system displays 'Session expired'. I already restarted the application, but the issue still persists. Customers are waiting for a response. Please provide a solution.",Login,High,Negative,Authentication Team,Open
James Palmer,madelinemiller@example.org,Basic,Canada,Phone,CRM Suite,TKT-8C6A04DB4A,Account locked after multiple attempts,"I have been trying to access my account since for the last two days using Mozilla Firefox on my MacBook Pro running Windows 11. The system displays 'Access denied'. I already reinstalled the application, but the issue still persists. I cannot continue my work. Please investigate this issue.",Login,Medium,Negative,Authentication Team,Open
Jennifer Hart,greentammie@example.org,Premium,Canada,Chat,AI Analytics Platform,TKT-6BEA36939F,Organization details incorrect,"I have been trying to access my account since today using Mozilla Firefox on my iPhone running Windows 10. The system displays 'Verification failed'. I already updated my browser, but the issue still persists. Business information is incorrect. Please resolve this issue.",Account,Low,Neutral,Account Support Team,Open
Mark Hooper,kristen03@example.com,Free,Germany,Email,Web Dashboard,TKT-E5680E7ED9,Unable to reset password,"I have been trying to access my account since this morning using Safari on my iPad running Android 15. The system displays 'Reset token expired'. I already used another device, but the issue still persists. My work is delayed. Please provide a working reset link.",Password Reset,Medium,Neutral,Authentication Team,Open
Samantha White,debrajones@example.com,Free,Japan,Phone,Payment Gateway,TKT-4F0EC28681,Unable to update profile,"I have been trying to access my account since today using Safari on my Linux desktop running Android 15. The system displays 'Unexpected server error'. I already cleared browser cache, but the issue still persists. My profile is incomplete. Please update my account.",Account,Low,Neutral,Account Support Team,Open
Dawn Pierce,williamskristina@example.org,Premium,Canada,Email,Cloud Storage,TKT-4C02748A07,Password reset loop,"I have been trying to access my account since today using Mozilla Firefox on my Linux desktop running macOS Sonoma. The system displays 'Reset token expired'. I already checked my spam folder, but the issue still persists. My team cannot access shared resources. Kindly investigate this issue.",Password Reset,Medium,Negative,Authentication Team,Open
Cody Bishop,kiara65@example.org,Basic,Singapore,Email,Mobile Application,TKT-A2DCA59E8F,Password reset page not working,"I have been trying to access my account since last night using Google Chrome on my MacBook Pro running Android 15. The system displays 'Unexpected server error'. I already used another device, but the issue still persists. My work is delayed. Please provide a working reset link.",Password Reset,Medium,Negative,Authentication Team,Open
Daniel Small,hgreen@example.org,Enterprise,Brazil,Chat,Mobile Application,TKT-1BE742FCE1,Password reset page not working,"I have been trying to access my account since today using Mozilla Firefox on my iPhone running Windows 11. The system displays 'Verification failed'. I already checked my spam folder, but the issue still persists. My team cannot access shared resources. Please help me reset my password.",Password Reset,Medium,Neutral,Authentication Team,Open
Brian Wilkerson,ggray@example.org,Enterprise,Singapore,Mobile App,Web Dashboard,TKT-B149EE1A35,Login page not responding,"I have been trying to access my account since for the past week using Mozilla Firefox on my iPad running Windows 10. The system displays 'Internal server error'. I already reset my password, but the issue still persists. My business operations are affected. Looking forward to your assistance.",Login,High,Negative,Authentication Team,Open
David Collins,bryan79@example.net,Basic,India,Email,Payment Gateway,TKT-C049E7B2B0,Password reset page not working,"I have been trying to access my account since yesterday using Microsoft Edge on my Linux desktop running iOS 18. The system displays 'Unexpected server error'. I already cleared browser cache, but the issue still persists. My work is delayed. Please provide a working reset link.",Password Reset,Low,Negative,Authentication Team,Open
Christina Casey,brandongriffin@example.net,Enterprise,United Kingdom,Phone,CRM Suite,TKT-66901EFF51,Organization details incorrect,"I have been trying to access my account since this morning using Safari on my iPhone running Windows 11. The system displays 'Validation failed'. I already logged out and logged back in, but the issue still persists. Business information is incorrect. Kindly verify my account.",Account,Medium,Neutral,Account Support Team,Open
Kevin Edwards,stephanie78@example.net,Free,India,Phone,Reporting Engine,TKT-648767CFC2,Two-factor authentication failed,"I have been trying to access my account since yesterday using Safari on my Windows laptop running Android 15. The system displays 'Connection timeout'. I already reinstalled the application, but the issue still persists. I cannot continue my work. Please provide a solution.",Login,Medium,Negative,Authentication Team,Open
Kevin Stanley,barbara15@example.com,Premium,United Kingdom,Email,Web Dashboard,TKT-62A7507ACE,Forgot password issue,"I have been trying to access my account since for the last two days using Google Chrome on my MacBook Pro running Windows 11. The system displays 'OTP expired'. I already tried another browser, but the issue still persists. I cannot continue using the platform. Looking forward to your assistance.",Password Reset,Low,Negative,Authentication Team,Open
Pamela Alexander,garrettboyer@example.com,Basic,USA,Mobile App,Cloud Storage,TKT-FB1FF4A19B,Cannot sign in,"I have been trying to access my account since for the last two days using Microsoft Edge on my iPhone running iOS 18. The system displays 'Unexpected server error'. I already used another device, but the issue still persists. I cannot continue my work. Looking forward to your assistance.",Login,High,Negative,Authentication Team,Open
William Vaughan,michellefitzpatrick@example.net,Premium,USA,Email,Reporting Engine,TKT-24528937D0,Unable to login,"I have been trying to access my account since this morning using Mozilla Firefox on my iPhone running iOS 18. The system displays 'Internal server error'. I already reinstalled the application, but the issue still persists. My support team is blocked. Looking forward to your assistance.",Login,Medium,Negative,Authentication Team,Open
Tina Stokes,ashleykimberly@example.net,Basic,Japan,Chat,Mobile Application,TKT-9ADB1B1E3D,Phone number update failed,"I have been trying to access my account since this morning using Mozilla Firefox on my Windows laptop running macOS Sonoma. The system displays 'Unexpected server error'. I already used another device, but the issue still persists. My team cannot use account features. Please resolve this issue.",Account,Medium,Negative,Account Support Team,Open
Joseph Copeland,cchapman@example.com,Free,UAE,Mobile App,AI Analytics Platform,TKT-7170CF3652,Unable to reset password,"I have been trying to access my account since this morning using Mozilla Firefox on my iPad running macOS Sonoma. The system displays 'OTP expired'. I already tried another browser, but the issue still persists. My team cannot access shared resources. Kindly investigate this issue.",Password Reset,Low,Neutral,Authentication Team,Open
Shawn Sullivan,lindseyerica@example.net,Basic,Japan,Chat,Cloud Storage,TKT-73CFE538C6,Account locked after multiple attempts,"I have been trying to access my account since this morning using Microsoft Edge on my iPhone running Ubuntu 24.04. The system displays 'Invalid credentials'. I already reset my password, but the issue still persists. I cannot continue my work. Looking forward to your assistance.",Login,Medium,Negative,Authentication Team,Open
William Harmon,bsmith@example.net,Premium,Singapore,Phone,Mobile Application,TKT-5413E89AB3,Unable to login,"I have been trying to access my account since last night using Mozilla Firefox on my iPad running Android 15. The system displays 'Connection timeout'. I already tried another browser, but the issue still persists. This issue is impacting productivity. Please provide a solution.",Login,Medium,Negative,Authentication Team,Open
Brady Williams,bdiaz@example.com,Basic,United Kingdom,Website,Reporting Engine,TKT-B743D587FA,Account verification pending,"I have been trying to access my account since yesterday using Microsoft Edge on my MacBook Pro running Windows 11. The system displays 'Validation failed'. I already logged out and logged back in, but the issue still persists. Business information is incorrect. Please update my account.",Account,Medium,Neutral,Account Support Team,Open
Cynthia Patel,sarahmiller@example.net,Basic,Singapore,Chat,API Platform,TKT-9FEEF675B4,Reset link expired,"I have been trying to access my account since yesterday using Google Chrome on my MacBook Pro running Android 15. The system displays 'Email not recognized'. I already requested another reset email, but the issue still persists. My team cannot access shared resources. Please help me reset my password.",Password Reset,Medium,Neutral,Authentication Team,Open
Christine Lopez DDS,haleybrown@example.net,Free,United Kingdom,Chat,Cloud Storage,TKT-3F240809F4,Organization details incorrect,"I have been trying to access my account since today using Mozilla Firefox on my MacBook Pro running Windows 11. The system displays 'Validation failed'. I already logged out and logged back in, but the issue still persists. My team cannot use account features. Kindly verify my account.",Account,Medium,Neutral,Account Support Team,Open
Ellen Riley,rhondahardy@example.net,Premium,United Kingdom,Phone,CRM Suite,TKT-128567AD1C,Login failed,"I have been trying to access my account since yesterday using Google Chrome on my Android phone running iOS 18. The system displays 'Invalid credentials'. I already restarted the application, but the issue still persists. Customers are waiting for a response. Please investigate this issue.",Login,High,Negative,Authentication Team,Open
Cassandra White,eduardomiddleton@example.org,Premium,USA,Website,Web Dashboard,TKT-AF7530D230,Organization details incorrect,"I have been trying to access my account since last week using Microsoft Edge on my Android phone running Windows 11. The system displays 'Profile update failed'. I already used another device, but the issue still persists. My profile is incomplete. Kindly verify my account.",Account,Low,Negative,Account Support Team,Open
Mark Hall,heather49@example.org,Enterprise,Japan,Mobile App,API Platform,TKT-D3C430D1CD,Reset link expired,"I have been trying to access my account since for the last two days using Safari on my MacBook Pro running macOS Sonoma. The system displays 'OTP expired'. I already requested another reset email, but the issue still persists. My team cannot access shared resources. Please help me reset my password.",Password Reset,Medium,Negative,Authentication Team,Open
Katherine Evans,wandahubbard@example.net,Free,United Kingdom,Mobile App,Web Dashboard,TKT-F6C6F382CD,Account locked,"I have been trying to access my account since yesterday using Google Chrome on my Linux desktop running Windows 11. The system displays 'Profile update failed'. I already cleared browser cache, but the issue still persists. My profile is incomplete. Please resolve this issue.",Account,Medium,Negative,Account Support Team,Open
Patrick Lewis,karenrodriguez@example.com,Basic,USA,Email,CRM Suite,TKT-6642A53C81,Cannot create new password,"I have been trying to access my account since for the last two days using Safari on my Windows laptop running Ubuntu 24.04. The system displays 'Unexpected server error'. I already requested another reset email, but the issue still persists. I cannot access my account. Kindly investigate this issue.",Password Reset,Low,Neutral,Authentication Team,Open
Kara Williams,sharon33@example.com,Free,Singapore,Email,Reporting Engine,TKT-82310F5C39,Temporary password not working,"I have been trying to access my account since for the last two days using Microsoft Edge on my Android phone running Windows 10. The system displays 'Invalid reset token'. I already requested another reset email, but the issue still persists. I cannot continue using the platform. Please help me reset my password.",Password Reset,Medium,Neutral,Authentication Team,Open
Philip Owens,ydawson@example.net,Basic,UAE,Chat,Mobile Application,TKT-26A17E66F7,Password reset email not received,"I have been trying to access my account since today using Microsoft Edge on my Windows laptop running macOS Sonoma. The system displays 'Reset token expired'. I already checked my spam folder, but the issue still persists. My work is delayed. Please help me reset my password.",Password Reset,Medium,Neutral,Authentication Team,Open
John Thomas,sarah96@example.com,Free,United Kingdom,Website,Reporting Engine,TKT-CDFDE2762E,Change registered email,"I have been trying to access my account since last week using Safari on my Android phone running macOS Sonoma. The system displays 'Unexpected server error'. I already updated my browser, but the issue still persists. My profile is incomplete. Please resolve this issue.",Account,Low,Neutral,Account Support Team,Open
Brianna Johnson,dgray@example.net,Enterprise,Germany,Website,Reporting Engine,TKT-5619162710,Password reset loop,"I have been trying to access my account since yesterday using Microsoft Edge on my MacBook Pro running Windows 10. The system displays 'Reset token expired'. I already requested another reset email, but the issue still persists. My work is delayed. Please help me reset my password.",Password Reset,Low,Neutral,Authentication Team,Open
Erin Glass,eritter@example.net,Free,USA,Email,Cloud Storage,TKT-D8E691A6A0,Login stuck on loading screen,"I have been trying to access my account since yesterday using Microsoft Edge on my MacBook Pro running Android 15. The system displays 'Invalid credentials'. I already reinstalled the application, but the issue still persists. This issue is impacting productivity. Kindly resolve this as soon as possible.",Login,High,Negative,Authentication Team,Open
Amy Hernandez,april23@example.org,Premium,Singapore,Phone,Cloud Storage,TKT-4BD7B9FBFB,Unable to login,"I have been trying to access my account since for the last two days using Mozilla Firefox on my iPhone running Windows 11. The system displays 'Unexpected server error'. I already tried another browser, but the issue still persists. My business operations are affected. Please investigate this issue.",Login,Medium,Negative,Authentication Team,Open
Darrell Wilson,tinacarr@example.net,Premium,Brazil,Mobile App,Web Dashboard,TKT-1BFE4054BD,Business profile issue,"I have been trying to access my account since last week using Google Chrome on my Windows laptop running Windows 11. The system displays 'Verification failed'. I already logged out and logged back in, but the issue still persists. My team cannot use account features. Please resolve this issue.",Account,Medium,Neutral,Account Support Team,Open
George Miller,steven69@example.com,Basic,Brazil,Mobile App,CRM Suite,TKT-207CA3B946,Account verification pending,"I have been trying to access my account since last week using Google Chrome on my Windows laptop running Ubuntu 24.04. The system displays 'Permission denied'. I already updated my browser, but the issue still persists. Business information is incorrect. Kindly verify my account.",Account,Medium,Neutral,Account Support Team,Open
Jamie Simpson,padillaalexander@example.org,Enterprise,Brazil,Email,API Platform,TKT-640E09D75D,Account locked,"I have been trying to access my account since yesterday using Microsoft Edge on my iPhone running Android 15. The system displays 'Permission denied'. I already used another device, but the issue still persists. Business information is incorrect. Please resolve this issue.",Account,Medium,Negative,Account Support Team,Open
Ariana Woodward DDS,timothy05@example.org,Premium,India,Mobile App,Payment Gateway,TKT-ABCA71C62C,Unable to update profile,"I have been trying to access my account since last week using Safari on my Windows laptop running iOS 18. The system displays 'Validation failed'. I already used another device, but the issue still persists. My profile is incomplete. Kindly verify my account.",Account,Low,Neutral,Account Support Team,Open
Amber Hunter,lorimiller@example.net,Enterprise,United Kingdom,Chat,API Platform,TKT-4E07754C2A,Unable to login,"I have been trying to access my account since last night using Google Chrome on my Android phone running Ubuntu 24.04. The system displays 'Unexpected server error'. I already tried another browser, but the issue still persists. Customers are waiting for a response. Please investigate this issue.",Login,Medium,Negative,Authentication Team,Open
Paula Ferrell,nathaniel55@example.com,Enterprise,India,Mobile App,Mobile Application,TKT-3288E1C634,Unable to access dashboard,"I have been trying to access my account since today using Mozilla Firefox on my iPad running iOS 18. The system displays 'Connection timeout'. I already restarted the application, but the issue still persists. My business operations are affected. Please investigate this issue.",Login,Medium,Negative,Authentication Team,Open
Joseph Leon,zbarajas@example.org,Enterprise,USA,Mobile App,API Platform,TKT-32599B30D6,Temporary password not working,"I have been trying to access my account since this morning using Google Chrome on my Android phone running Windows 11. The system displays 'Reset token expired'. I already checked my spam folder, but the issue still persists. My team cannot access shared resources. Please help me reset my password.",Password Reset,Low,Neutral,Authentication Team,Open
Heather Adkins,anthonylopez@example.com,Basic,India,Mobile App,API Platform,TKT-C6E44339C4,Cannot create new password,"I have been trying to access my account since this morning using Safari on my iPad running Windows 10. The system displays 'Email not recognized'. I already cleared browser cache, but the issue still persists. I cannot access my account. Looking forward to your assistance.",Password Reset,Low,Neutral,Authentication Team,Open
Taylor Harper,nhunt@example.com,Premium,Australia,Chat,Mobile Application,TKT-D7C1F9275C,Reset code invalid,"I have been trying to access my account since yesterday using Google Chrome on my Android phone running Windows 10. The system displays 'Email not recognized'. I already checked my spam folder, but the issue still persists. My work is delayed. Looking forward to your assistance.",Password Reset,Medium,Negative,Authentication Team,Open
Janet Stewart,walterwalter@example.org,Premium,Singapore,Website,API Platform,TKT-8F0E2244C1,Change registered email,"I have been trying to access my account since this morning using Safari on my Windows laptop running macOS Sonoma. The system displays 'Profile update failed'. I already updated my browser, but the issue still persists. Business information is incorrect. Please update my account.",Account,Low,Negative,Account Support Team,Open
Jenna Mcneil,johnsonjoseph@example.com,Enterprise,Australia,Chat,Web Dashboard,TKT-2A4DFACF9E,Password reset page not working,"I have been trying to access my account since for the last two days using Microsoft Edge on my MacBook Pro running Ubuntu 24.04. The system displays 'OTP expired'. I already used another device, but the issue still persists. My work is delayed. Kindly investigate this issue.",Password Reset,Low,Negative,Authentication Team,Open
Virginia Williams,hgreene@example.net,Basic,United Kingdom,Chat,CRM Suite,TKT-0D9AB8DF84,Unexpected logout after login,"I have been trying to access my account since last night using Mozilla Firefox on my iPhone running macOS Sonoma. The system displays 'Authentication failed'. I already tried another browser, but the issue still persists. Customers are waiting for a response. Please provide a solution.",Login,Medium,Negative,Authentication Team,Open
Lynn Martinez DDS,albert06@example.com,Free,Canada,Website,CRM Suite,TKT-2AA04C1934,Password reset email not received,"I have been trying to access my account since today using Safari on my Android phone running Ubuntu 24.04. The system displays 'Reset token expired'. I already used another device, but the issue still persists. I cannot access my account. Please provide a working reset link.",Password Reset,Low,Negative,Authentication Team,Open
Melissa Jackson,sescobar@example.org,Basic,Canada,Website,CRM Suite,TKT-2FE52003E9,Account locked after multiple attempts,"I have been trying to access my account since today using Mozilla Firefox on my iPhone running Android 15. The system displays 'Internal server error'. I already restarted the application, but the issue still persists. This issue is impacting productivity. Please investigate this issue.",Login,Medium,Negative,Authentication Team,Open
Andrea Robertson,bentondavid@example.org,Basic,Australia,Website,Cloud Storage,TKT-BB1AFCCBA2,Phone number update failed,"I have been trying to access my account since last week using Google Chrome on my Windows laptop running iOS 18. The system displays 'Profile update failed'. I already logged out and logged back in, but the issue still persists. Business information is incorrect. Kindly verify my account.",Account,Low,Negative,Account Support Team,Open
Colleen Mays,alicia59@example.org,Premium,Japan,Mobile App,CRM Suite,TKT-EA07574519,Profile information incorrect,"I have been trying to access my account since yesterday using Microsoft Edge on my Windows laptop running Ubuntu 24.04. The system displays 'Verification failed'. I already cleared browser cache, but the issue still persists. My team cannot use account features. Please resolve this issue.",Account,Low,Neutral,Account Support Team,Open
Amber Moore,amartin@example.org,Premium,India,Mobile App,Payment Gateway,TKT-CEBF49C2BB,Forgot password issue,"I have been trying to access my account since today using Safari on my iPhone running Android 15. The system displays 'OTP expired'. I already cleared browser cache, but the issue still persists. My team cannot access shared resources. Kindly investigate this issue.",Password Reset,Medium,Neutral,Authentication Team,Open
Michael Hunter,brownjordan@example.com,Free,UAE,Chat,Mobile Application,TKT-E839178EDB,Account locked after multiple attempts,"I have been trying to access my account since this morning using Google Chrome on my iPhone running Windows 11. The system displays 'Unexpected server error'. I already reset my password, but the issue still persists. My business operations are affected. Kindly resolve this as soon as possible.",Login,Medium,Negative,Authentication Team,Open
Daniel Rodriguez,bryanmurphy@example.net,Premium,Canada,Mobile App,Cloud Storage,TKT-8AE7CE1DE1,Change registered email,"I have been trying to access my account since this morning using Google Chrome on my MacBook Pro running Android 15. The system displays 'Verification failed'. I already used another device, but the issue still persists. My profile is incomplete. Please resolve this issue.",Account,Medium,Neutral,Account Support Team,Open
Cory Paul,johnsonkimberly@example.com,Basic,UAE,Mobile App,AI Analytics Platform,TKT-DA871BFED6,Cannot create new password,"I have been trying to access my account since this morning using Mozilla Firefox on my iPad running Windows 11. The system displays 'Invalid reset token'. I already tried another browser, but the issue still persists. My work is delayed. Looking forward to your assistance.",Password Reset,Low,Negative,Authentication Team,Open
Clayton Colon,igriffin@example.org,Enterprise,Japan,Email,Web Dashboard,TKT-71494BA396,Profile information incorrect,"I have been trying to access my account since this morning using Google Chrome on my MacBook Pro running Ubuntu 24.04. The system displays 'Profile update failed'. I already logged out and logged back in, but the issue still persists. My team cannot use account features. Please resolve this issue.",Account,Low,Negative,Account Support Team,Open
Michael Nixon,ericbrown@example.com,Free,UAE,Phone,Reporting Engine,TKT-D4E536F512,Password reset loop,"I have been trying to access my account since yesterday using Microsoft Edge on my iPad running macOS Sonoma. The system displays 'Email not recognized'. I already tried another browser, but the issue still persists. My team cannot access shared resources. Kindly investigate this issue.",Password Reset,Low,Negative,Authentication Team,Open
Charles Barber,christinesmith@example.net,Enterprise,India,Phone,AI Analytics Platform,TKT-19E0063028,Account verification pending,"I have been trying to access my account since yesterday using Mozilla Firefox on my Windows laptop running Android 15. The system displays 'Unexpected server error'. I already logged out and logged back in, but the issue still persists. Business information is incorrect. Please resolve this issue.",Account,Medium,Neutral,Account Support Team,Open
Timothy Powell,zvalentine@example.net,Premium,Australia,Chat,Cloud Storage,TKT-70409BD2E3,Password reset page not working,"I have been trying to access my account since yesterday using Mozilla Firefox on my Android phone running Windows 11. The system displays 'OTP expired'. I already checked my spam folder, but the issue still persists. I cannot access my account. Please help me reset my password.",Password Reset,Medium,Negative,Authentication Team,Open
Stacey Hill,potterkatie@example.org,Free,India,Phone,Web Dashboard,TKT-052EC242D5,Business profile issue,"I have been trying to access my account since this morning using Microsoft Edge on my Android phone running Ubuntu 24.04. The system displays 'Unexpected server error'. I already logged out and logged back in, but the issue still persists. Business information is incorrect. Please update my account.",Account,Medium,Neutral,Account Support Team,Open
Jeremy Carpenter,zbishop@example.net,Free,United Kingdom,Email,API Platform,TKT-1EA7D725D8,Reset code invalid,"I have been trying to access my account since today using Mozilla Firefox on my Android phone running Android 15. The system displays 'Email not recognized'. I already used another device, but the issue still persists. My team cannot access shared resources. Please provide a working reset link.",Password Reset,Low,Neutral,Authentication Team,Open
Joseph Nicholson,jennifer17@example.com,Free,USA,Phone,Web Dashboard,TKT-76A75FC503,Two-factor authentication failed,"I have been trying to access my account since this morning using Google Chrome on my MacBook Pro running Ubuntu 24.04. The system displays 'Authentication failed'. I already used another device, but the issue still persists. This issue is impacting productivity. Please provide a solution.",Login,High,Negative,Authentication Team,Open
Dawn Summers,bhuynh@example.org,Free,Germany,Website,Payment Gateway,TKT-0C061FA391,Two-factor authentication failed,"I have been trying to access my account since today using Google Chrome on my iPhone running Windows 11. The system displays 'Authentication failed'. I already disabled VPN, but the issue still persists. I cannot continue my work. Looking forward to your assistance.",Login,Medium,Negative,Authentication Team,Open
Charles Weaver,fsmith@example.org,Basic,India,Chat,Web Dashboard,TKT-91072438CD,Phone number update failed,"I have been trying to access my account since last week using Google Chrome on my Android phone running iOS 18. The system displays 'Verification failed'. I already cleared browser cache, but the issue still persists. My team cannot use account features. Please resolve this issue.",Account,Medium,Negative,Account Support Team,Open
Jesus Gallegos,derrick74@example.com,Enterprise,Australia,Email,Web Dashboard,TKT-0FD00646D1,Forgot password issue,"I have been trying to access my account since last night using Safari on my Windows laptop running Windows 10. The system displays 'Verification failed'. I already cleared browser cache, but the issue still persists. My work is delayed. Please provide a working reset link.",Password Reset,Low,Neutral,Authentication Team,Open
Ashley White,kathydavis@example.com,Free,Singapore,Chat,Web Dashboard,TKT-257FFFCA78,Password change failed,"I have been trying to access my account since for the last two days using Microsoft Edge on my iPhone running iOS 18. The system displays 'Email not recognized'. I already checked my spam folder, but the issue still persists. My work is delayed. Please help me reset my password.",Password Reset,Low,Neutral,Authentication Team,Open
Theresa Wright,tfry@example.org,Enterprise,UAE,Email,Cloud Storage,TKT-FE9915BE32,Change registered email,"I have been trying to access my account since this morning using Microsoft Edge on my Linux desktop running iOS 18. The system displays 'Unexpected server error'. I already cleared browser cache, but the issue still persists. My team cannot use account features. Please resolve this issue.",Account,Low,Negative,Account Support Team,Open
Brandon Guerrero,sarahjohnson@example.org,Enterprise,UAE,Email,AI Analytics Platform,TKT-16EFA0BBF0,Temporary password not working,"I have been trying to access my account since for the last two days using Safari on my iPhone running Windows 10. The system displays 'Unexpected server error'. I already requested another reset email, but the issue still persists. My work is delayed. Looking forward to your assistance.",Password Reset,Low,Neutral,Authentication Team,Open
Crystal Shaw,james75@example.org,Premium,Australia,Phone,AI Analytics Platform,TKT-C452BDD5AB,Reset code invalid,"I have been trying to access my account since last night using Microsoft Edge on my Android phone running Ubuntu 24.04. The system displays 'Unexpected server error'. I already requested another reset email, but the issue still persists. My team cannot access shared resources. Please help me reset my password.",Password Reset,Low,Negative,Authentication Team,Open
Matthew Ingram,ogomez@example.net,Premium,Germany,Phone,Reporting Engine,TKT-5C1BFCFB82,Unable to access dashboard,"I have been trying to access my account since last night using Mozilla Firefox on my Android phone running iOS 18. The system displays 'Invalid credentials'. I already reset my password, but the issue still persists. My support team is blocked. Please investigate this issue.",Login,Medium,Negative,Authentication Team,Open
Andrew Ruiz,rachael86@example.org,Enterprise,Canada,Phone,API Platform,TKT-6047FC57AD,Business profile issue,"I have been trying to access my account since yesterday using Microsoft Edge on my Windows laptop running Android 15. The system displays 'Unexpected server error'. I already used another device, but the issue still persists. My team cannot use account features. Please resolve this issue.",Account,Low,Negative,Account Support Team,Open
Brittany Simmons,rebekahrojas@example.org,Free,Germany,Website,Web Dashboard,TKT-8C99D9A1E9,Cannot create new password,"I have been trying to access my account since for the last two days using Mozilla Firefox on my Android phone running iOS 18. The system displays 'Invalid reset token'. I already cleared browser cache, but the issue still persists. I cannot access my account. Looking forward to your assistance.",Password Reset,Medium,Negative,Authentication Team,Open
Christopher Brown,wsimpson@example.net,Free,United Kingdom,Email,Reporting Engine,TKT-8F9FB7AE94,Cannot create new password,"I have been trying to access my account since for the last two days using Microsoft Edge on my Linux desktop running Windows 10. The system displays 'Email not recognized'. I already tried another browser, but the issue still persists. I cannot access my account. Kindly investigate this issue.",Password Reset,Low,Negative,Authentication Team,Open
Brianna Gonzalez,cjohnson@example.org,Basic,Brazil,Website,Mobile Application,TKT-17F2060C3B,Unable to reset password,"I have been trying to access my account since for the last two days using Google Chrome on my Windows laptop running Ubuntu 24.04. The system displays 'Unexpected server error'. I already used another device, but the issue still persists. My team cannot access shared resources. Looking forward to your assistance.",Password Reset,Medium,Negative,Authentication Team,Open
Jacqueline Duncan,tyler94@example.net,Basic,Brazil,Mobile App,CRM Suite,TKT-638B7B9518,Account locked,"I have been trying to access my account since last week using Microsoft Edge on my iPhone running Windows 11. The system displays 'Verification failed'. I already used another device, but the issue still persists. My team cannot use account features. Please update my account.",Account,Low,Neutral,Account Support Team,Open
Collin Brooks,johnchambers@example.net,Enterprise,India,Mobile App,Payment Gateway,TKT-F4EAFEFED4,Unable to login,"I have been trying to access my account since for the past week using Microsoft Edge on my iPad running Android 15. The system displays 'Internal server error'. I already disabled VPN, but the issue still persists. I cannot continue my work. Looking forward to your assistance.",Login,Medium,Negative,Authentication Team,Open
Deborah Vargas,jeffery46@example.net,Premium,Germany,Mobile App,AI Analytics Platform,TKT-46451BB0EE,Change registered email,"I have been trying to access my account since yesterday using Mozilla Firefox on my MacBook Pro running macOS Sonoma. The system displays 'Validation failed'. I already updated my browser, but the issue still persists. My team cannot use account features. Please update my account.",Account,Low,Negative,Account Support Team,Open
Kyle Barry,vwatkins@example.org,Enterprise,Canada,Phone,Reporting Engine,TKT-B5DB296D55,Unexpected logout after login,"I have been trying to access my account since today using Safari on my iPad running Ubuntu 24.04. The system displays 'Connection timeout'. I already restarted the application, but the issue still persists. This issue is impacting productivity. Kindly resolve this as soon as possible.",Login,Medium,Negative,Authentication Team,Open
Judy King,ricky98@example.com,Free,UAE,Phone,API Platform,TKT-311E681D17,Cannot create new password,"I have been trying to access my account since for the last two days using Microsoft Edge on my iPad running Windows 10. The system displays 'Invalid reset token'. I already checked my spam folder, but the issue still persists. I cannot access my account. Please provide a working reset link.",Password Reset,Low,Negative,Authentication Team,Open
Janice Burke,hchavez@example.com,Premium,Brazil,Mobile App,CRM Suite,TKT-B8BCA388ED,Unable to reset password,"I have been trying to access my account since for the last two days using Google Chrome on my MacBook Pro running Android 15. The system displays 'Verification failed'. I already checked my spam folder, but the issue still persists. I cannot continue using the platform. Kindly investigate this issue.",Password Reset,Low,Neutral,Authentication Team,Open
Daniel Alvarez,nicholas80@example.org,Basic,UAE,Mobile App,CRM Suite,TKT-478E8A6124,Change registered email,"I have been trying to access my account since this morning using Microsoft Edge on my Android phone running Windows 11. The system displays 'Validation failed'. I already logged out and logged back in, but the issue still persists. My team cannot use account features. Please update my account.",Account,Medium,Neutral,Account Support Team,Open
Laura Williams,rbarnes@example.com,Enterprise,Singapore,Email,Cloud Storage,TKT-EA39D6D0E4,Change registered email,"I have been trying to access my account since today using Microsoft Edge on my iPhone running Android 15. The system displays 'Unexpected server error'. I already updated my browser, but the issue still persists. Business information is incorrect. Please update my account.",Account,Medium,Neutral,Account Support Team,Open
Sharon Lam,nicholasrivera@example.com,Enterprise,Singapore,Mobile App,Payment Gateway,TKT-D2AD8CFF07,Unable to login,"I have been trying to access my account since this morning using Microsoft Edge on my MacBook Pro running iOS 18. The system displays 'Session expired'. I already disabled VPN, but the issue still persists. This issue is impacting productivity. Please investigate this issue.",Login,Medium,Negative,Authentication Team,Open
Douglas Li,yangmichael@example.com,Basic,Japan,Chat,Mobile Application,TKT-000E902277,Forgot password issue,"I have been trying to access my account since last night using Microsoft Edge on my Linux desktop running Windows 11. The system displays 'OTP expired'. I already tried another browser, but the issue still persists. I cannot continue using the platform. Kindly investigate this issue.",Password Reset,Medium,Negative,Authentication Team,Open
Harold Kelly,garciarobert@example.org,Enterprise,USA,Email,API Platform,TKT-B0C6DB7DBC,Account locked after multiple attempts,"I have been trying to access my account since last night using Google Chrome on my iPad running Windows 10. The system displays 'Access denied'. I already reinstalled the application, but the issue still persists. This issue is impacting productivity. Please provide a solution.",Login,High,Negative,Authentication Team,Open
Earl Alvarez,angelacross@example.net,Enterprise,United Kingdom,Email,AI Analytics Platform,TKT-102C69B437,Two-factor authentication failed,"I have been trying to access my account since today using Safari on my Windows laptop running macOS Sonoma. The system displays 'Authentication failed'. I already cleared browser cache, but the issue still persists. I cannot continue my work. Please investigate this issue.",Login,High,Negative,Authentication Team,Open
Regina Smith,johnsonsandra@example.org,Premium,Canada,Mobile App,CRM Suite,TKT-72941C58D6,Unable to login,"I have been trying to access my account since for the past week using Safari on my Linux desktop running Windows 11. The system displays 'Internal server error'. I already used another device, but the issue still persists. My support team is blocked. Please investigate this issue.",Login,High,Negative,Authentication Team,Open
Tony Campbell,rfields@example.com,Free,Germany,Phone,Cloud Storage,TKT-49C5EAB97C,Account settings not saving,"I have been trying to access my account since today using Mozilla Firefox on my Windows laptop running Windows 11. The system displays 'Permission denied'. I already used another device, but the issue still persists. Business information is incorrect. Kindly verify my account.",Account,Medium,Neutral,Account Support Team,Open
Vanessa Perez,cassandra02@example.net,Premium,Japan,Website,Mobile Application,TKT-D985FA0FBA,Profile information incorrect,"I have been trying to access my account since last week using Mozilla Firefox on my Linux desktop running Windows 10. The system displays 'Profile update failed'. I already used another device, but the issue still persists. Business information is incorrect. Please update my account.",Account,Low,Negative,Account Support Team,Open
Ronald Hayes,pjacobson@example.com,Enterprise,Germany,Chat,API Platform,TKT-E27C8B4D56,Profile information incorrect,"I have been trying to access my account since yesterday using Mozilla Firefox on my Android phone running macOS Sonoma. The system displays 'Unexpected server error'. I already updated my browser, but the issue still persists. My profile is incomplete. Please update my account.",Account,Low,Negative,Account Support Team,Open
Paul Aguirre,gdavis@example.com,Free,Singapore,Phone,Cloud Storage,TKT-A7F6CBD68E,Change registered email,"I have been trying to access my account since yesterday using Mozilla Firefox on my MacBook Pro running Android 15. The system displays 'Permission denied'. I already used another device, but the issue still persists. My team cannot use account features. Please resolve this issue.",Account,Medium,Neutral,Account Support Team,Open
Robert Harris,careyadam@example.net,Enterprise,India,Chat,API Platform,TKT-5007849CC8,Authentication error,"I have been trying to access my account since for the last two days using Google Chrome on my iPad running Ubuntu 24.04. The system displays 'Invalid credentials'. I already tried another browser, but the issue still persists. This issue is impacting productivity. Kindly resolve this as soon as possible.",Login,High,Negative,Authentication Team,Open
Jaime Oliver,xbarnes@example.org,Basic,UAE,Chat,Web Dashboard,TKT-909F760EBD,Business profile issue,"I have been trying to access my account since yesterday using Google Chrome on my iPhone running Ubuntu 24.04. The system displays 'Permission denied'. I already logged out and logged back in, but the issue still persists. My profile is incomplete. Kindly verify my account.",Account,Low,Neutral,Account Support Team,Open
James Levine,carloscallahan@example.net,Basic,Singapore,Chat,Cloud Storage,TKT-9D22534029,Login failed,"I have been trying to access my account since last night using Mozilla Firefox on my Windows laptop running Windows 11. The system displays 'Connection timeout'. I already restarted the application, but the issue still persists. My business operations are affected. Looking forward to your assistance.",Login,High,Negative,Authentication Team,Open
John Austin,joetaylor@example.net,Free,USA,Website,Payment Gateway,TKT-E54FD4B98D,Account locked after multiple attempts,"I have been trying to access my account since this morning using Microsoft Edge on my Android phone running Ubuntu 24.04. The system displays 'Invalid credentials'. I already used another device, but the issue still persists. My support team is blocked. Kindly resolve this as soon as possible.",Login,High,Negative,Authentication Team,Open
Eddie Cox,chall@example.org,Free,Germany,Email,Payment Gateway,TKT-2C9D08B163,Authentication error,"I have been trying to access my account since last night using Microsoft Edge on my Linux desktop running iOS 18. The system displays 'Connection timeout'. I already reinstalled the application, but the issue still persists. My support team is blocked. Looking forward to your assistance.",Login,High,Negative,Authentication Team,Open
Emily Riddle,monicarios@example.com,Free,United Kingdom,Chat,Reporting Engine,TKT-2BE417A47C,Authentication error,"I have been trying to access my account since for the last two days using Microsoft Edge on my Windows laptop running Android 15. The system displays 'Unexpected server error'. I already reinstalled the application, but the issue still persists. I cannot continue my work. Please provide a solution.",Login,Medium,Negative,Authentication Team,Open
Kimberly Good,uharris@example.com,Premium,India,Mobile App,Web Dashboard,TKT-6E9EF8DC41,Temporary password not working,"I have been trying to access my account since for the last two days using Safari on my MacBook Pro running iOS 18. The system displays 'Invalid reset token'. I already used another device, but the issue still persists. I cannot continue using the platform. Please help me reset my password.",Password Reset,Low,Neutral,Authentication Team,Open
Jennifer Ward,obrienallen@example.org,Enterprise,USA,Mobile App,Web Dashboard,TKT-A394D2DBBD,Phone number update failed,"I have been trying to access my account since today using Google Chrome on my Windows laptop running macOS Sonoma. The system displays 'Profile update failed'. I already logged out and logged back in, but the issue still persists. My team cannot use account features. Please resolve this issue.",Account,Low,Negative,Account Support Team,Open
John Hubbard,kylethompson@example.org,Free,India,Phone,CRM Suite,TKT-06B9F45B57,Password reset email not received,"I have been trying to access my account since yesterday using Mozilla Firefox on my iPhone running Android 15. The system displays 'Email not recognized'. I already checked my spam folder, but the issue still persists. I cannot access my account. Please help me reset my password.",Password Reset,Medium,Neutral,Authentication Team,Open
Martha Williamson,scottwilliam@example.com,Enterprise,USA,Mobile App,API Platform,TKT-C9EC71C8EF,Account locked after multiple attempts,"I have been trying to access my account since last night using Microsoft Edge on my iPad running Windows 11. The system displays 'Internal server error'. I already reinstalled the application, but the issue still persists. This issue is impacting productivity. Looking forward to your assistance.",Login,High,Negative,Authentication Team,Open
Barbara Miller,erik31@example.org,Premium,Australia,Mobile App,Payment Gateway,TKT-64054802CA,Organization details incorrect,"I have been trying to access my account since today using Mozilla Firefox on my iPhone running iOS 18. The system displays 'Unexpected server error'. I already logged out and logged back in, but the issue still persists. Business information is incorrect. Kindly verify my account.",Account,Medium,Neutral,Account Support Team,Open
Shannon Smith,duncanjoseph@example.org,Basic,Japan,Chat,Payment Gateway,TKT-CA788FB7CB,Password reset page not working,"I have been trying to access my account since last night using Google Chrome on my iPhone running Windows 11. The system displays 'Unexpected server error'. I already used another device, but the issue still persists. I cannot access my account. Please provide a working reset link.",Password Reset,Medium,Negative,Authentication Team,Open
Nathan Mccarthy,harold47@example.net,Enterprise,Canada,Website,Cloud Storage,TKT-498332F99E,Unable to verify account,"I have been trying to access my account since yesterday using Mozilla Firefox on my Linux desktop running iOS 18. The system displays 'Profile update failed'. I already logged out and logged back in, but the issue still persists. My profile is incomplete. Kindly verify my account.",Account,Low,Neutral,Account Support Team,Open
Stacey Medina PhD,upalmer@example.net,Enterprise,UAE,Chat,AI Analytics Platform,TKT-3CF60318C5,Login page not responding,"I have been trying to access my account since this morning using Mozilla Firefox on my iPhone running Android 15. The system displays 'Access denied'. I already reinstalled the application, but the issue still persists. This issue is impacting productivity. Please investigate this issue.",Login,Medium,Negative,Authentication Team,Open
Teresa Vincent,destiny85@example.net,Basic,USA,Email,Mobile Application,TKT-3E3EFE01B2,Unable to login,"I have been trying to access my account since last night using Microsoft Edge on my Windows laptop running Windows 10. The system displays 'Authentication failed'. I already cleared browser cache, but the issue still persists. My support team is blocked. Kindly resolve this as soon as possible.",Login,High,Negative,Authentication Team,Open
Kelly Rhodes,williammendez@example.com,Free,USA,Chat,Reporting Engine,TKT-247D1C6F6B,Two-factor authentication failed,"I have been trying to access my account since for the past week using Microsoft Edge on my Windows laptop running Windows 11. The system displays 'Authentication failed'. I already disabled VPN, but the issue still persists. I cannot continue my work. Please provide a solution.",Login,High,Negative,Authentication Team,Open
Heather Douglas,adamwang@example.net,Free,United Kingdom,Phone,Reporting Engine,TKT-A935F68AFA,Reset code invalid,"I have been trying to access my account since for the last two days using Mozilla Firefox on my Windows laptop running Android 15. The system displays 'OTP expired'. I already tried another browser, but the issue still persists. My work is delayed. Looking forward to your assistance.",Password Reset,Low,Negative,Authentication Team,Open
Dalton Johnson,ortegajason@example.com,Free,UAE,Phone,CRM Suite,TKT-B1F138ED6F,Reset link expired,"I have been trying to access my account since this morning using Microsoft Edge on my Windows laptop running Windows 10. The system displays 'Invalid reset token'. I already requested another reset email, but the issue still persists. I cannot continue using the platform. Please help me reset my password.",Password Reset,Low,Negative,Authentication Team,Open
Jose Jackson,estradajulia@example.net,Free,Canada,Mobile App,AI Analytics Platform,TKT-1358CC2FE4,Reset code invalid,"I have been trying to access my account since today using Mozilla Firefox on my MacBook Pro running Android 15. The system displays 'OTP expired'. I already requested another reset email, but the issue still persists. I cannot access my account. Kindly investigate this issue.",Password Reset,Low,Negative,Authentication Team,Open
Savannah Levy,qhoward@example.org,Premium,United Kingdom,Email,Mobile Application,TKT-976CEEC5D4,Organization details incorrect,"I have been trying to access my account since last week using Safari on my Android phone running Ubuntu 24.04. The system displays 'Profile update failed'. I already logged out and logged back in, but the issue still persists. Business information is incorrect. Kindly verify my account.",Account,Low,Neutral,Account Support Team,Open
Crystal Pruitt,tmadden@example.net,Premium,India,Mobile App,Payment Gateway,TKT-0F4ABA0864,Organization details incorrect,"I have been trying to access my account since yesterday using Microsoft Edge on my iPhone running iOS 18. The system displays 'Verification failed'. I already used another device, but the issue still persists. My team cannot use account features. Please update my account.",Account,Medium,Negative,Account Support Team,Open
Michael Kerr,xgonzales@example.org,Free,UAE,Phone,AI Analytics Platform,TKT-A629B3883F,Login page not responding,"I have been trying to access my account since for the last two days using Safari on my Android phone running Windows 11. The system displays 'Session expired'. I already tried another browser, but the issue still persists. I cannot continue my work. Kindly resolve this as soon as possible.",Login,High,Negative,Authentication Team,Open
Lance Hudson,richardhernandez@example.net,Enterprise,Canada,Chat,Mobile Application,TKT-FEA3D5336A,Forgot password issue,"I have been trying to access my account since yesterday using Google Chrome on my MacBook Pro running iOS 18. The system displays 'Email not recognized'. I already checked my spam folder, but the issue still persists. My work is delayed. Please provide a working reset link.",Password Reset,Medium,Negative,Authentication Team,Open
Brittany Pugh,brandon29@example.com,Enterprise,Japan,Chat,Payment Gateway,TKT-A0C62D677D,Login page not responding,"I have been trying to access my account since last night using Microsoft Edge on my Android phone running Ubuntu 24.04. The system displays 'Connection timeout'. I already reset my password, but the issue still persists. My support team is blocked. Kindly resolve this as soon as possible.",Login,High,Negative,Authentication Team,Open
Samuel Elliott,hayescrystal@example.org,Basic,Singapore,Email,AI Analytics Platform,TKT-5619F5C9BF,Account locked after multiple attempts,"I have been trying to access my account since last night using Microsoft Edge on my Android phone running Android 15. The system displays 'Connection timeout'. I already used another device, but the issue still persists. My business operations are affected. Please investigate this issue.",Login,Medium,Negative,Authentication Team,Open
Monica Mejia,riddlejoshua@example.net,Premium,Canada,Website,Mobile Application,TKT-A1E72E2677,Authentication error,"I have been trying to access my account since yesterday using Google Chrome on my iPhone running Windows 11. The system displays 'Authentication failed'. I already reset my password, but the issue still persists. I cannot continue my work. Kindly resolve this as soon as possible.",Login,High,Negative,Authentication Team,Open
Amy Downs,michael16@example.com,Free,Brazil,Mobile App,Payment Gateway,TKT-07AA097BEE,Temporary password not working,"I have been trying to access my account since this morning using Safari on my Windows laptop running Windows 10. The system displays 'Reset token expired'. I already cleared browser cache, but the issue still persists. I cannot continue using the platform. Kindly investigate this issue.",Password Reset,Medium,Negative,Authentication Team,Open
Ms. Crystal Kaufman,marcus55@example.org,Basic,Japan,Chat,Mobile Application,TKT-46A256009B,Organization details incorrect,"I have been trying to access my account since yesterday using Mozilla Firefox on my Android phone running Windows 10. The system displays 'Unexpected server error'. I already cleared browser cache, but the issue still persists. My profile is incomplete. Please resolve this issue.",Account,Medium,Negative,Account Support Team,Open
Laurie Bullock,tammy77@example.com,Enterprise,Canada,Website,Mobile Application,TKT-26821A31D3,Reset link expired,"I have been trying to access my account since for the last two days using Safari on my Linux desktop running iOS 18. The system displays 'Unexpected server error'. I already requested another reset email, but the issue still persists. I cannot continue using the platform. Please help me reset my password.",Password Reset,Low,Neutral,Authentication Team,Open
Diana Lee,bhayes@example.com,Premium,India,Phone,Payment Gateway,TKT-A1C25E7B1E,Change registered email,"I have been trying to access my account since today using Microsoft Edge on my Linux desktop running Windows 11. The system displays 'Profile update failed'. I already used another device, but the issue still persists. Business information is incorrect. Please update my account.",Account,Low,Neutral,Account Support Team,Open
Scott Frey,suzannejohnston@example.net,Premium,United Kingdom,Email,Payment Gateway,TKT-8D6F88F064,Authentication error,"I have been trying to access my account since today using Google Chrome on my iPad running Windows 10. The system displays 'Connection timeout'. I already disabled VPN, but the issue still persists. I cannot continue my work. Please investigate this issue.",Login,High,Negative,Authentication Team,Open
Tommy Cox,xchang@example.org,Basic,Brazil,Mobile App,CRM Suite,TKT-14A7326B4A,Cannot create new password,"I have been trying to access my account since for the last two days using Safari on my Windows laptop running Windows 11. The system displays 'OTP expired'. I already tried another browser, but the issue still persists. My work is delayed. Please help me reset my password.",Password Reset,Medium,Negative,Authentication Team,Open
Lisa Johnson,stevenwoods@example.net,Free,Singapore,Website,API Platform,TKT-8E253A9A8E,Authentication error,"I have been trying to access my account since yesterday using Mozilla Firefox on my MacBook Pro running Windows 10. The system displays 'Unexpected server error'. I already used another device, but the issue still persists. Customers are waiting for a response. Please investigate this issue.",Login,Medium,Negative,Authentication Team,Open
Laura Dennis,davidtorres@example.net,Enterprise,Brazil,Mobile App,Cloud Storage,TKT-05C4D28674,Change registered email,"I have been trying to access my account since yesterday using Google Chrome on my MacBook Pro running Ubuntu 24.04. The system displays 'Profile update failed'. I already logged out and logged back in, but the issue still persists. My profile is incomplete. Please resolve this issue.",Account,Medium,Neutral,Account Support Team,Open
Hannah Berry,fpacheco@example.net,Enterprise,United Kingdom,Website,AI Analytics Platform,TKT-D5576606BB,Unexpected logout after login,"I have been trying to access my account since last night using Google Chrome on my Android phone running Ubuntu 24.04. The system displays 'Connection timeout'. I already reset my password, but the issue still persists. I cannot continue my work. Please provide a solution.",Login,Medium,Negative,Authentication Team,Open
Andrew Aguirre,robin87@example.org,Free,USA,Chat,Cloud Storage,TKT-1D2BC0961A,Cannot sign in,"I have been trying to access my account since for the past week using Google Chrome on my iPad running Android 15. The system displays 'Unexpected server error'. I already cleared browser cache, but the issue still persists. I cannot continue my work. Looking forward to your assistance.",Login,High,Negative,Authentication Team,Open
Marco Rodriguez,sarah78@example.com,Free,Germany,Phone,Cloud Storage,TKT-41B3BD1329,Cannot sign in,"I have been trying to access my account since for the last two days using Mozilla Firefox on my Windows laptop running Ubuntu 24.04. The system displays 'Access denied'. I already cleared browser cache, but the issue still persists. This issue is impacting productivity. Kindly resolve this as soon as possible.",Login,Medium,Negative,Authentication Team,Open
Amy Sandoval,brenda71@example.org,Enterprise,Canada,Email,API Platform,TKT-967CC354C0,Phone number update failed,"I have been trying to access my account since today using Safari on my Linux desktop running macOS Sonoma. The system displays 'Unexpected server error'. I already updated my browser, but the issue still persists. Business information is incorrect. Kindly verify my account.",Account,Medium,Negative,Account Support Team,Open
Stephanie Gonzalez,vjennings@example.org,Free,Brazil,Email,Reporting Engine,TKT-EC503E99B7,Reset code invalid,"I have been trying to access my account since yesterday using Safari on my MacBook Pro running Ubuntu 24.04. The system displays 'Verification failed'. I already tried another browser, but the issue still persists. I cannot access my account. Kindly investigate this issue.",Password Reset,Medium,Negative,Authentication Team,Open
Heidi Ortiz,angela06@example.com,Enterprise,UAE,Phone,Web Dashboard,TKT-B86449B6DB,Change registered email,"I have been trying to access my account since today using Microsoft Edge on my MacBook Pro running Windows 11. The system displays 'Unexpected server error'. I already updated my browser, but the issue still persists. My profile is incomplete. Kindly verify my account.",Account,Low,Neutral,Account Support Team,Open
Jonathan Wright,donnarich@example.org,Free,United Kingdom,Chat,Web Dashboard,TKT-9AD0EF7834,Phone number update failed,"I have been trying to access my account since this morning using Microsoft Edge on my Windows laptop running Android 15. The system displays 'Validation failed'. I already logged out and logged back in, but the issue still persists. Business information is incorrect. Please update my account.",Account,Medium,Negative,Account Support Team,Open
Brian Marshall,vmckay@example.org,Free,USA,Chat,API Platform,TKT-FD9C461AFA,Unable to update profile,"I have been trying to access my account since last week using Google Chrome on my Windows laptop running Windows 10. The system displays 'Profile update failed'. I already used another device, but the issue still persists. Business information is incorrect. Please update my account.",Account,Medium,Negative,Account Support Team,Open
Julie Hill,mark26@example.org,Free,Japan,Phone,CRM Suite,TKT-92F781C1FD,Authentication error,"I have been trying to access my account since last night using Microsoft Edge on my Android phone running Windows 11. The system displays 'Authentication failed'. I already tried another browser, but the issue still persists. My support team is blocked. Looking forward to your assistance.",Login,Medium,Negative,Authentication Team,Open
Max Gates,jonathancombs@example.com,Enterprise,Brazil,Phone,Mobile Application,TKT-729B48FC07,Login page not responding,"I have been trying to access my account since for the past week using Google Chrome on my Windows laptop running Ubuntu 24.04. The system displays 'Internal server error'. I already disabled VPN, but the issue still persists. This issue is impacting productivity. Looking forward to your assistance.",Login,High,Negative,Authentication Team,Open
Brenda Grant,allenbrandy@example.org,Basic,United Kingdom,Email,Mobile Application,TKT-4A0A43F642,Unable to login,"I have been trying to access my account since last night using Google Chrome on my iPad running Windows 11. The system displays 'Session expired'. I already tried another browser, but the issue still persists. This issue is impacting productivity. Please provide a solution.",Login,High,Negative,Authentication Team,Open
Eric Lopez,dclark@example.com,Free,USA,Website,API Platform,TKT-A070D3B8B5,Authentication error,"I have been trying to access my account since for the past week using Safari on my Windows laptop running iOS 18. The system displays 'Connection timeout'. I already tried another browser, but the issue still persists. My support team is blocked. Please provide a solution.",Login,High,Negative,Authentication Team,Open
Nathan James,dianamunoz@example.org,Basic,Japan,Website,Reporting Engine,TKT-7D5935135F,Reset code invalid,"I have been trying to access my account since this morning using Microsoft Edge on my iPhone running Android 15. The system displays 'Verification failed'. I already checked my spam folder, but the issue still persists. I cannot access my account. Looking forward to your assistance.",Password Reset,Medium,Negative,Authentication Team,Open
Justin Brown,randycurry@example.org,Premium,Brazil,Mobile App,API Platform,TKT-29B9B82551,Cannot sign in,"I have been trying to access my account since today using Microsoft Edge on my Android phone running Ubuntu 24.04. The system displays 'Authentication failed'. I already cleared browser cache, but the issue still persists. My business operations are affected. Kindly resolve this as soon as possible.",Login,Medium,Negative,Authentication Team,Open
Nancy Stevens,adamsmatthew@example.org,Basic,Canada,Phone,Cloud Storage,TKT-681D4C2AB5,Password reset email not received,"I have been trying to access my account since this morning using Safari on my Linux desktop running Android 15. The system displays 'Reset token expired'. I already used another device, but the issue still persists. I cannot access my account. Kindly investigate this issue.",Password Reset,Low,Neutral,Authentication Team,Open
Jeffrey Brown,ymorrison@example.com,Enterprise,Japan,Mobile App,Payment Gateway,TKT-05D59A8B6D,Cannot sign in,"I have been trying to access my account since last night using Mozilla Firefox on my Android phone running Android 15. The system displays 'Invalid credentials'. I already restarted the application, but the issue still persists. My business operations are affected. Looking forward to your assistance.",Login,High,Negative,Authentication Team,Open
Kyle Rios,matthew82@example.com,Enterprise,Australia,Mobile App,Reporting Engine,TKT-B6C5EBB447,Business profile issue,"I have been trying to access my account since yesterday using Google Chrome on my Windows laptop running Ubuntu 24.04. The system displays 'Unexpected server error'. I already logged out and logged back in, but the issue still persists. My profile is incomplete. Please update my account.",Account,Medium,Neutral,Account Support Team,Open
Anne Bradley,heathcraig@example.net,Enterprise,India,Mobile App,CRM Suite,TKT-304CAB555C,Temporary password not working,"I have been trying to access my account since yesterday using Safari on my Windows laptop running Windows 10. The system displays 'Verification failed'. I already checked my spam folder, but the issue still persists. I cannot access my account. Looking forward to your assistance.",Password Reset,Medium,Neutral,Authentication Team,Open
James Preston MD,williamsmatthew@example.com,Free,Singapore,Chat,AI Analytics Platform,TKT-9B280B375E,Unable to update profile,"I have been trying to access my account since yesterday using Mozilla Firefox on my Android phone running Ubuntu 24.04. The system displays 'Unexpected server error'. I already cleared browser cache, but the issue still persists. My team cannot use account features. Please resolve this issue.",Account,Low,Negative,Account Support Team,Open
Nancy Martinez,kentgeorge@example.net,Enterprise,United Kingdom,Email,API Platform,TKT-2264976088,Unable to update profile,"I have been trying to access my account since last week using Google Chrome on my Linux desktop running Android 15. The system displays 'Profile update failed'. I already used another device, but the issue still persists. My profile is incomplete. Please update my account.",Account,Low,Negative,Account Support Team,Open
Shannon Gordon,merceralexandra@example.org,Premium,Australia,Chat,CRM Suite,TKT-2108AA6050,Reset code invalid,"I have been trying to access my account since last night using Safari on my Android phone running Windows 11. The system displays 'Unexpected server error'. I already requested another reset email, but the issue still persists. My work is delayed. Please help me reset my password.",Password Reset,Low,Neutral,Authentication Team,Open
Andre Carroll,tabithathomas@example.com,Free,Australia,Mobile App,CRM Suite,TKT-A5B03EE20C,Password reset loop,"I have been trying to access my account since last night using Google Chrome on my Linux desktop running Android 15. The system displays 'Unexpected server error'. I already tried another browser, but the issue still persists. My work is delayed. Looking forward to your assistance.",Password Reset,Medium,Negative,Authentication Team,Open
Lucas Gibson,tiffanyadkins@example.com,Free,Australia,Mobile App,Web Dashboard,TKT-9AC07911C2,Unable to reset password,"I have been trying to access my account since today using Mozilla Firefox on my Windows laptop running Windows 11. The system displays 'Unexpected server error'. I already requested another reset email, but the issue still persists. My work is delayed. Please provide a working reset link.",Password Reset,Low,Negative,Authentication Team,Open
Tracy Hooper,daniel10@example.com,Premium,UAE,Website,Web Dashboard,TKT-42B7238983,Account settings not saving,"I have been trying to access my account since today using Mozilla Firefox on my Windows laptop running iOS 18. The system displays 'Profile update failed'. I already updated my browser, but the issue still persists. Business information is incorrect. Please update my account.",Account,Medium,Negative,Account Support Team,Open
Matthew Pham,pklein@example.org,Basic,USA,Chat,Mobile Application,TKT-53DB77C664,Reset link expired,"I have been trying to access my account since today using Mozilla Firefox on my Android phone running macOS Sonoma. The system displays 'Reset token expired'. I already requested another reset email, but the issue still persists. My work is delayed. Please help me reset my password.",Password Reset,Low,Negative,Authentication Team,Open
Robert Jones,moorebrittany@example.net,Enterprise,Brazil,Mobile App,AI Analytics Platform,TKT-5DC6A6399B,Login failed,"I have been trying to access my account since yesterday using Safari on my iPhone running Ubuntu 24.04. The system displays 'Connection timeout'. I already reinstalled the application, but the issue still persists. I cannot continue my work. Please investigate this issue.",Login,Medium,Negative,Authentication Team,Open
Jessica Lewis,kristinethompson@example.org,Free,UAE,Chat,AI Analytics Platform,TKT-D35DDF309C,Account verification pending,"I have been trying to access my account since today using Google Chrome on my Linux desktop running Ubuntu 24.04. The system displays 'Validation failed'. I already cleared browser cache, but the issue still persists. My team cannot use account features. Kindly verify my account.",Account,Low,Neutral,Account Support Team,Open
Jennifer King,amber43@example.org,Enterprise,Singapore,Website,Web Dashboard,TKT-3A80B5A3B4,Password change failed,"I have been trying to access my account since yesterday using Safari on my MacBook Pro running iOS 18. The system displays 'Verification failed'. I already tried another browser, but the issue still persists. I cannot continue using the platform. Please help me reset my password.",Password Reset,Medium,Neutral,Authentication Team,Open
Stacy Price,whiteheadtony@example.net,Enterprise,Japan,Email,Reporting Engine,TKT-20F94DBFD3,Unable to login,"I have been trying to access my account since last night using Mozilla Firefox on my Linux desktop running Windows 11. The system displays 'Access denied'. I already cleared browser cache, but the issue still persists. My support team is blocked. Please investigate this issue.",Login,Medium,Negative,Authentication Team,Open
Megan Haas,zchambers@example.net,Enterprise,Germany,Email,Cloud Storage,TKT-2EACD1FFC8,Change registered email,"I have been trying to access my account since this morning using Microsoft Edge on my Windows laptop running Windows 10. The system displays 'Profile update failed'. I already cleared browser cache, but the issue still persists. Business information is incorrect. Please update my account.",Account,Medium,Neutral,Account Support Team,Open
Jacqueline Harris,brentcardenas@example.com,Basic,Japan,Chat,API Platform,TKT-25308EDAE5,Reset link expired,"I have been trying to access my account since yesterday using Google Chrome on my iPhone running Windows 10. The system displays 'Unexpected server error'. I already used another device, but the issue still persists. I cannot continue using the platform. Please help me reset my password.",Password Reset,Low,Negative,Authentication Team,Open
Rachel Meyer,silvaautumn@example.org,Basic,UAE,Phone,Payment Gateway,TKT-DC2E43127E,Password reset page not working,"I have been trying to access my account since this morning using Safari on my iPhone running iOS 18. The system displays 'Unexpected server error'. I already used another device, but the issue still persists. I cannot continue using the platform. Please provide a working reset link.",Password Reset,Medium,Neutral,Authentication Team,Open
Scott Craig,kray@example.com,Basic,Canada,Phone,CRM Suite,TKT-DE84D3A9C8,Authentication error,"I have been trying to access my account since today using Safari on my Android phone running Windows 10. The system displays 'Authentication failed'. I already reset my password, but the issue still persists. I cannot continue my work. Please investigate this issue.",Login,High,Negative,Authentication Team,Open
Megan Perez,megan29@example.org,Enterprise,Canada,Chat,Web Dashboard,TKT-9312468AE7,Password reset page not working,"I have been trying to access my account since today using Safari on my MacBook Pro running iOS 18. The system displays 'Invalid reset token'. I already checked my spam folder, but the issue still persists. I cannot access my account. Looking forward to your assistance.",Password Reset,Medium,Neutral,Authentication Team,Open
Laura Williams,reynoldsbrian@example.net,Basic,United Kingdom,Email,API Platform,TKT-B23FDB402F,Two-factor authentication failed,"I have been trying to access my account since today using Microsoft Edge on my Linux desktop running Android 15. The system displays 'Connection timeout'. I already reset my password, but the issue still persists. My business operations are affected. Kindly resolve this as soon as possible.",Login,Medium,Negative,Authentication Team,Open
Nicole Cobb,robinsoncatherine@example.net,Enterprise,Canada,Mobile App,API Platform,TKT-1BC1FFC7E6,Two-factor authentication failed,"I have been trying to access my account since last night using Safari on my iPhone running Android 15. The system displays 'Invalid credentials'. I already used another device, but the issue still persists. I cannot continue my work. Please investigate this issue.",Login,High,Negative,Authentication Team,Open
Jennifer Brown,walkerkimberly@example.org,Free,UAE,Mobile App,Web Dashboard,TKT-00621CA362,Login failed,"I have been trying to access my account since today using Mozilla Firefox on my MacBook Pro running iOS 18. The system displays 'Authentication failed'. I already reinstalled the application, but the issue still persists. Customers are waiting for a response. Please investigate this issue.",Login,High,Negative,Authentication Team,Open
Hannah Ball,donald63@example.net,Free,India,Email,Reporting Engine,TKT-FA96FF0623,Organization details incorrect,"I have been trying to access my account since last week using Safari on my Linux desktop running macOS Sonoma. The system displays 'Profile update failed'. I already cleared browser cache, but the issue still persists. Business information is incorrect. Please resolve this issue.",Account,Low,Negative,Account Support Team,Open
Dana Nelson,lorisantiago@example.com,Enterprise,UAE,Mobile App,AI Analytics Platform,TKT-9988820DD1,Unable to verify account,"I have been trying to access my account since today using Safari on my iPhone running Android 15. The system displays 'Verification failed'. I already logged out and logged back in, but the issue still persists. My team cannot use account features. Please update my account.",Account,Low,Negative,Account Support Team,Open
Connie Riley DDS,jefferywoods@example.com,Free,Germany,Email,Web Dashboard,TKT-CE38FEB380,Unable to login,"I have been trying to access my account since today using Microsoft Edge on my iPhone running Ubuntu 24.04. The system displays 'Internal server error'. I already reinstalled the application, but the issue still persists. Customers are waiting for a response. Please provide a solution.",Login,Medium,Negative,Authentication Team,Open
Amber Mcdaniel,vdiaz@example.com,Free,Brazil,Chat,Cloud Storage,TKT-E40E6AE226,Forgot password issue,"I have been trying to access my account since this morning using Microsoft Edge on my Linux desktop running Android 15. The system displays 'Invalid reset token'. I already checked my spam folder, but the issue still persists. I cannot access my account. Looking forward to your assistance.",Password Reset,Medium,Negative,Authentication Team,Open
Sandra Thomas,kadams@example.net,Enterprise,Brazil,Email,AI Analytics Platform,TKT-1052836585,Unable to verify account,"I have been trying to access my account since yesterday using Safari on my iPhone running Android 15. The system displays 'Unexpected server error'. I already logged out and logged back in, but the issue still persists. My profile is incomplete. Kindly verify my account.",Account,Medium,Neutral,Account Support Team,Open
Philip Tanner,hjames@example.org,Premium,UAE,Mobile App,API Platform,TKT-065867149F,Temporary password not working,"I have been trying to access my account since last night using Google Chrome on my Linux desktop running Ubuntu 24.04. The system displays 'Unexpected server error'. I already tried another browser, but the issue still persists. My work is delayed. Please provide a working reset link.",Password Reset,Low,Neutral,Authentication Team,Open
Andrea Cooper,amandadaniel@example.org,Premium,UAE,Website,Cloud Storage,TKT-9BB0A46214,Reset link expired,"I have been trying to access my account since for the last two days using Mozilla Firefox on my Android phone running Windows 11. The system displays 'Verification failed'. I already tried another browser, but the issue still persists. I cannot access my account. Kindly investigate this issue.",Password Reset,Medium,Negative,Authentication Team,Open
Tracey Castaneda,jillhatfield@example.net,Basic,Singapore,Website,Reporting Engine,TKT-A4BF17DC9E,Account locked,"I have been trying to access my account since this morning using Google Chrome on my Linux desktop running Android 15. The system displays 'Verification failed'. I already logged out and logged back in, but the issue still persists. Business information is incorrect. Kindly verify my account.",Account,Medium,Negative,Account Support Team,Open
Steven Marshall,jensenjacqueline@example.net,Enterprise,Brazil,Mobile App,Mobile Application,TKT-017614C110,Password reset email not received,"I have been trying to access my account since yesterday using Microsoft Edge on my Android phone running Android 15. The system displays 'Reset token expired'. I already used another device, but the issue still persists. My team cannot access shared resources. Looking forward to your assistance.",Password Reset,Low,Negative,Authentication Team,Open
Heather Vega,ehernandez@example.org,Enterprise,Australia,Chat,AI Analytics Platform,TKT-079EAA366C,Unable to login,"I have been trying to access my account since for the past week using Safari on my Android phone running Windows 10. The system displays 'Authentication failed'. I already restarted the application, but the issue still persists. My business operations are affected. Looking forward to your assistance.",Login,High,Negative,Authentication Team,Open
James Hernandez,alewis@example.net,Enterprise,Canada,Email,AI Analytics Platform,TKT-E0153C51F5,Password reset loop,"I have been trying to access my account since this morning using Mozilla Firefox on my Android phone running Ubuntu 24.04. The system displays 'Invalid reset token'. I already tried another browser, but the issue still persists. I cannot continue using the platform. Kindly investigate this issue.",Password Reset,Medium,Neutral,Authentication Team,Open
Latoya Scott,espinozapatricia@example.net,Basic,Australia,Phone,Mobile Application,TKT-8AAB97DA0F,Login stuck on loading screen,"I have been trying to access my account since for the last two days using Microsoft Edge on my Windows laptop running Windows 11. The system displays 'Internal server error'. I already tried another browser, but the issue still persists. Customers are waiting for a response. Please provide a solution.",Login,Medium,Negative,Authentication Team,Open
Gerald Wong,wendy43@example.org,Basic,Canada,Email,CRM Suite,TKT-92DB61484C,Login page not responding,"I have been trying to access my account since today using Mozilla Firefox on my Android phone running iOS 18. The system displays 'Internal server error'. I already reset my password, but the issue still persists. I cannot continue my work. Looking forward to your assistance.",Login,High,Negative,Authentication Team,Open
Madison Boyer,zjackson@example.com,Premium,Canada,Phone,AI Analytics Platform,TKT-0C2E0B4313,Temporary password not working,"I have been trying to access my account since yesterday using Microsoft Edge on my MacBook Pro running Android 15. The system displays 'Verification failed'. I already used another device, but the issue still persists. I cannot access my account. Looking forward to your assistance.",Password Reset,Medium,Neutral,Authentication Team,Open
Matthew Walker,megan01@example.org,Premium,USA,Chat,AI Analytics Platform,TKT-1987AC8176,Unable to login,"I have been trying to access my account since this morning using Mozilla Firefox on my MacBook Pro running Windows 10. The system displays 'Authentication failed'. I already tried another browser, but the issue still persists. I cannot continue my work. Please provide a solution.",Login,High,Negative,Authentication Team,Open
John Walker,richardfigueroa@example.net,Basic,Australia,Phone,Cloud Storage,TKT-D455F19713,Reset code invalid,"I have been trying to access my account since today using Safari on my Windows laptop running Windows 11. The system displays 'Unexpected server error'. I already tried another browser, but the issue still persists. I cannot continue using the platform. Please provide a working reset link.",Password Reset,Low,Neutral,Authentication Team,Open
Patricia Murphy,bellgrace@example.com,Enterprise,Canada,Website,Web Dashboard,TKT-8CFB04ED80,Login failed,"I have been trying to access my account since for the past week using Google Chrome on my iPad running Ubuntu 24.04. The system displays 'Unexpected server error'. I already restarted the application, but the issue still persists. Customers are waiting for a response. Kindly resolve this as soon as possible.",Login,High,Negative,Authentication Team,Open
Michelle Fowler,bennettwilliam@example.net,Premium,United Kingdom,Chat,Cloud Storage,TKT-3D617C5EC2,Authentication error,"I have been trying to access my account since yesterday using Microsoft Edge on my Linux desktop running Android 15. The system displays 'Unexpected server error'. I already used another device, but the issue still persists. Customers are waiting for a response. Please investigate this issue.",Login,High,Negative,Authentication Team,Open
Melissa Mccormick,harrisontravis@example.net,Premium,United Kingdom,Chat,Mobile Application,TKT-CEC7E24D40,Unexpected logout after login,"I have been trying to access my account since for the last two days using Mozilla Firefox on my Linux desktop running Ubuntu 24.04. The system displays 'Internal server error'. I already reset my password, but the issue still persists. This issue is impacting productivity. Please provide a solution.",Login,Medium,Negative,Authentication Team,Open
Terrance Johnson,vgreene@example.org,Free,United Kingdom,Email,Web Dashboard,TKT-78DF90F8D2,Login page not responding,"I have been trying to access my account since yesterday using Microsoft Edge on my iPhone running Windows 10. The system displays 'Internal server error'. I already restarted the application, but the issue still persists. My support team is blocked. Looking forward to your assistance.",Login,Medium,Negative,Authentication Team,Open
Wanda Fernandez,fbrown@example.com,Free,UAE,Chat,AI Analytics Platform,TKT-A02DE8689A,Account locked after multiple attempts,"I have been trying to access my account since for the last two days using Mozilla Firefox on my Windows laptop running Windows 10. The system displays 'Connection timeout'. I already tried another browser, but the issue still persists. My business operations are affected. Please investigate this issue.",Login,Medium,Negative,Authentication Team,Open
Richard Morgan,timothy62@example.org,Free,India,Chat,Cloud Storage,TKT-BB17BA7711,Change registered email,"I have been trying to access my account since last week using Microsoft Edge on my Android phone running Windows 10. The system displays 'Permission denied'. I already cleared browser cache, but the issue still persists. My team cannot use account features. Please resolve this issue.",Account,Medium,Neutral,Account Support Team,Open
Henry Koch,wroy@example.com,Free,Germany,Chat,Web Dashboard,TKT-088C89A667,Unable to reset password,"I have been trying to access my account since today using Safari on my iPhone running Ubuntu 24.04. The system displays 'OTP expired'. I already cleared browser cache, but the issue still persists. My team cannot access shared resources. Please provide a working reset link.",Password Reset,Medium,Neutral,Authentication Team,Open
Andrea Dean,michaelcruz@example.com,Free,UAE,Email,CRM Suite,TKT-DFD9E70EB8,Unable to access dashboard,"I have been trying to access my account since for the last two days using Mozilla Firefox on my Linux desktop running Ubuntu 24.04. The system displays 'Internal server error'. I already cleared browser cache, but the issue still persists. My business operations are affected. Please investigate this issue.",Login,High,Negative,Authentication Team,Open
Gina Martinez,mooremichael@example.com,Free,Singapore,Email,AI Analytics Platform,TKT-44CEA2D153,Unable to reset password,"I have been trying to access my account since last night using Safari on my Android phone running macOS Sonoma. The system displays 'Invalid reset token'. I already used another device, but the issue still persists. My team cannot access shared resources. Looking forward to your assistance.",Password Reset,Low,Negative,Authentication Team,Open
Jennifer Bennett,scottmolina@example.org,Basic,Canada,Mobile App,Cloud Storage,TKT-A2FE6EB592,Organization details incorrect,"I have been trying to access my account since yesterday using Safari on my iPhone running Windows 11. The system displays 'Profile update failed'. I already cleared browser cache, but the issue still persists. Business information is incorrect. Kindly verify my account.",Account,Low,Negative,Account Support Team,Open
Jennifer Ramirez,ralexander@example.org,Basic,India,Mobile App,CRM Suite,TKT-C3C91E2D74,Login page not responding,"I have been trying to access my account since today using Safari on my iPad running macOS Sonoma. The system displays 'Session expired'. I already reset my password, but the issue still persists. Customers are waiting for a response. Looking forward to your assistance.",Login,High,Negative,Authentication Team,Open
Rachel Fischer,smoon@example.com,Free,United Kingdom,Mobile App,Cloud Storage,TKT-017F21663C,Account settings not saving,"I have been trying to access my account since today using Google Chrome on my Android phone running iOS 18. The system displays 'Profile update failed'. I already used another device, but the issue still persists. My profile is incomplete. Please resolve this issue.",Account,Medium,Neutral,Account Support Team,Open
Carolyn Guerrero,stephaniemartin@example.com,Basic,Japan,Chat,Mobile Application,TKT-CCBFF1A146,Temporary password not working,"I have been trying to access my account since last night using Mozilla Firefox on my Windows laptop running Android 15. The system displays 'Invalid reset token'. I already used another device, but the issue still persists. I cannot continue using the platform. Please provide a working reset link.",Password Reset,Low,Neutral,Authentication Team,Open
Reginald Wong,munozcatherine@example.org,Premium,Singapore,Website,API Platform,TKT-39DDB0448A,Password reset email not received,"I have been trying to access my account since this morning using Google Chrome on my Linux desktop running Ubuntu 24.04. The system displays 'Invalid reset token'. I already checked my spam folder, but the issue still persists. I cannot access my account. Kindly investigate this issue.",Password Reset,Low,Negative,Authentication Team,Open
Jessica Murphy,sarahserrano@example.net,Free,Canada,Mobile App,Reporting Engine,TKT-A24BE26C64,Password reset page not working,"I have been trying to access my account since this morning using Safari on my MacBook Pro running Windows 11. The system displays 'Verification failed'. I already cleared browser cache, but the issue still persists. I cannot access my account. Kindly investigate this issue.",Password Reset,Low,Neutral,Authentication Team,Open
Gary Lee,melissa02@example.net,Free,United Kingdom,Website,Reporting Engine,TKT-2945D460A5,Password reset page not working,"I have been trying to access my account since last night using Microsoft Edge on my iPad running Windows 11. The system displays 'Invalid reset token'. I already cleared browser cache, but the issue still persists. I cannot access my account. Looking forward to your assistance.",Password Reset,Medium,Negative,Authentication Team,Open
Morgan Carlson,mknapp@example.com,Free,UAE,Mobile App,API Platform,TKT-B7FAA9958D,Unable to access dashboard,"I have been trying to access my account since for the last two days using Microsoft Edge on my Android phone running macOS Sonoma. The system displays 'Internal server error'. I already restarted the application, but the issue still persists. I cannot continue my work. Looking forward to your assistance.",Login,Medium,Negative,Authentication Team,Open
James Vasquez,eguzman@example.com,Basic,India,Chat,Mobile Application,TKT-BCF2A85F19,Unable to login,"I have been trying to access my account since for the past week using Microsoft Edge on my iPad running Ubuntu 24.04. The system displays 'Internal server error'. I already cleared browser cache, but the issue still persists. I cannot continue my work. Please provide a solution.",Login,High,Negative,Authentication Team,Open
Tony Peters,jking@example.org,Basic,USA,Email,CRM Suite,TKT-400D7661B2,Profile information incorrect,"I have been trying to access my account since last week using Microsoft Edge on my Linux desktop running macOS Sonoma. The system displays 'Profile update failed'. I already cleared browser cache, but the issue still persists. My team cannot use account features. Please resolve this issue.",Account,Medium,Negative,Account Support Team,Open
Emily Christensen,steventaylor@example.org,Basic,Australia,Website,Mobile Application,TKT-DC808436E8,Cannot create new password,"I have been trying to access my account since yesterday using Google Chrome on my iPad running Windows 11. The system displays 'OTP expired'. I already checked my spam folder, but the issue still persists. I cannot continue using the platform. Please provide a working reset link.",Password Reset,Low,Neutral,Authentication Team,Open
John Fisher,jerry06@example.com,Enterprise,UAE,Email,Mobile Application,TKT-BDA38CFC55,Login stuck on loading screen,"I have been trying to access my account since yesterday using Google Chrome on my iPad running Android 15. The system displays 'Invalid credentials'. I already used another device, but the issue still persists. I cannot continue my work. Looking forward to your assistance.",Login,Medium,Negative,Authentication Team,Open
John Figueroa,rkline@example.net,Free,Australia,Chat,AI Analytics Platform,TKT-192BA5EF41,Account locked after multiple attempts,"I have been trying to access my account since last night using Mozilla Firefox on my MacBook Pro running Android 15. The system displays 'Unexpected server error'. I already disabled VPN, but the issue still persists. My business operations are affected. Looking forward to your assistance.",Login,High,Negative,Authentication Team,Open
Gail Bridges DDS,howens@example.org,Enterprise,Canada,Mobile App,Reporting Engine,TKT-DE8F4C9FFC,Login failed,"I have been trying to access my account since for the past week using Google Chrome on my iPhone running Windows 10. The system displays 'Invalid credentials'. I already tried another browser, but the issue still persists. I cannot continue my work. Kindly resolve this as soon as possible.",Login,Medium,Negative,Authentication Team,Open
Jason Martinez,allencynthia@example.net,Basic,United Kingdom,Website,API Platform,TKT-EF4EBF8990,Password change failed,"I have been trying to access my account since for the last two days using Microsoft Edge on my Android phone running Android 15. The system displays 'Invalid reset token'. I already checked my spam folder, but the issue still persists. I cannot access my account. Please help me reset my password.",Password Reset,Medium,Negative,Authentication Team,Open
Andrew Rivers,gracetate@example.org,Premium,Germany,Chat,CRM Suite,TKT-9BE16D76C9,Authentication error,"I have been trying to access my account since for the last two days using Mozilla Firefox on my Linux desktop running macOS Sonoma. The system displays 'Connection timeout'. I already cleared browser cache, but the issue still persists. Customers are waiting for a response. Kindly resolve this as soon as possible.",Login,High,Negative,Authentication Team,Open
Paul Owens,fisherdawn@example.org,Basic,Germany,Phone,CRM Suite,TKT-2D9CD22FA7,Reset code invalid,"I have been trying to access my account since for the last two days using Mozilla Firefox on my Android phone running Windows 11. The system displays 'Verification failed'. I already requested another reset email, but the issue still persists. I cannot continue using the platform. Please help me reset my password.",Password Reset,Medium,Neutral,Authentication Team,Open
Brian Werner,fnelson@example.net,Premium,UAE,Mobile App,Payment Gateway,TKT-ADF5721483,Two-factor authentication failed,"I have been trying to access my account since for the past week using Safari on my Windows laptop running iOS 18. The system displays 'Connection timeout'. I already restarted the application, but the issue still persists. This issue is impacting productivity. Please provide a solution.",Login,High,Negative,Authentication Team,Open
Jillian Davis,andersoneric@example.com,Basic,Japan,Website,Mobile Application,TKT-F4F392733C,Account verification pending,"I have been trying to access my account since yesterday using Google Chrome on my MacBook Pro running Android 15. The system displays 'Validation failed'. I already used another device, but the issue still persists. My team cannot use account features. Please resolve this issue.",Account,Medium,Neutral,Account Support Team,Open
Brian Aguilar,fholmes@example.com,Enterprise,Germany,Mobile App,CRM Suite,TKT-CAA4A55264,Unable to verify account,"I have been trying to access my account since today using Google Chrome on my iPhone running Ubuntu 24.04. The system displays 'Profile update failed'. I already updated my browser, but the issue still persists. Business information is incorrect. Please update my account.",Account,Low,Neutral,Account Support Team,Open
Allison Valentine,anthony97@example.com,Premium,Brazil,Email,API Platform,TKT-61B9357733,Password reset page not working,"I have been trying to access my account since for the last two days using Microsoft Edge on my Linux desktop running Android 15. The system displays 'Invalid reset token'. I already used another device, but the issue still persists. I cannot continue using the platform. Please provide a working reset link.",Password Reset,Low,Neutral,Authentication Team,Open
Cynthia Mitchell,stephaniebaker@example.org,Free,Germany,Website,Cloud Storage,TKT-940F7DC35B,Phone number update failed,"I have been trying to access my account since last week using Safari on my Windows laptop running Windows 11. The system displays 'Permission denied'. I already logged out and logged back in, but the issue still persists. My team cannot use account features. Please update my account.",Account,Low,Neutral,Account Support Team,Open
Michele Ferguson,christiangloria@example.com,Premium,Australia,Website,Web Dashboard,TKT-E9252830C7,Reset link expired,"I have been trying to access my account since this morning using Microsoft Edge on my Android phone running Ubuntu 24.04. The system displays 'Email not recognized'. I already tried another browser, but the issue still persists. I cannot access my account. Please provide a working reset link.",Password Reset,Low,Negative,Authentication Team,Open
Jessica Howard,martinezruben@example.org,Enterprise,Canada,Chat,AI Analytics Platform,TKT-064B8B4377,Change registered email,"I have been trying to access my account since last week using Safari on my Windows laptop running Windows 10. The system displays 'Unexpected server error'. I already used another device, but the issue still persists. My profile is incomplete. Kindly verify my account.",Account,Medium,Negative,Account Support Team,Open
Corey Lowe,fjuarez@example.net,Basic,Germany,Chat,API Platform,TKT-4159312740,Account verification pending,"I have been trying to access my account since today using Mozilla Firefox on my Windows laptop running Windows 11. The system displays 'Permission denied'. I already cleared browser cache, but the issue still persists. My team cannot use account features. Please update my account.",Account,Medium,Negative,Account Support Team,Open
Jonathan Powell,murrayjacqueline@example.com,Free,United Kingdom,Mobile App,Web Dashboard,TKT-F4D11A1A52,Password reset page not working,"I have been trying to access my account since last night using Safari on my Windows laptop running macOS Sonoma. The system displays 'OTP expired'. I already tried another browser, but the issue still persists. My team cannot access shared resources. Kindly investigate this issue.",Password Reset,Medium,Negative,Authentication Team,Open
David Lewis,fischercameron@example.org,Premium,Brazil,Chat,AI Analytics Platform,TKT-954033F114,Business profile issue,"I have been trying to access my account since last week using Google Chrome on my Android phone running Windows 11. The system displays 'Permission denied'. I already cleared browser cache, but the issue still persists. Business information is incorrect. Kindly verify my account.",Account,Low,Neutral,Account Support Team,Open
Crystal Taylor,wadetimothy@example.com,Enterprise,United Kingdom,Mobile App,API Platform,TKT-8F9FE7C2C0,Organization details incorrect,"I have been trying to access my account since today using Safari on my Android phone running Ubuntu 24.04. The system displays 'Verification failed'. I already logged out and logged back in, but the issue still persists. My profile is incomplete. Kindly verify my account.",Account,Medium,Neutral,Account Support Team,Open
Marcus Morales,crystal76@example.net,Free,Singapore,Email,CRM Suite,TKT-4B9F70AD5A,Account locked after multiple attempts,"I have been trying to access my account since this morning using Safari on my iPhone running Ubuntu 24.04. The system displays 'Connection timeout'. I already cleared browser cache, but the issue still persists. Customers are waiting for a response. Kindly resolve this as soon as possible.",Login,Medium,Negative,Authentication Team,Open
Christopher Taylor,hmejia@example.net,Enterprise,Japan,Website,AI Analytics Platform,TKT-6D683820C8,Reset code invalid,"I have been trying to access my account since last night using Google Chrome on my Windows laptop running iOS 18. The system displays 'Unexpected server error'. I already tried another browser, but the issue still persists. My team cannot access shared resources. Please help me reset my password.",Password Reset,Low,Negative,Authentication Team,Open
Julie Moon,arroyodean@example.com,Basic,Canada,Mobile App,Reporting Engine,TKT-EE8C5676A0,Unable to reset password,"I have been trying to access my account since for the last two days using Microsoft Edge on my iPhone running macOS Sonoma. The system displays 'Reset token expired'. I already requested another reset email, but the issue still persists. I cannot continue using the platform. Please help me reset my password.",Password Reset,Low,Negative,Authentication Team,Open
Amanda Russell,paulking@example.net,Enterprise,UAE,Chat,Payment Gateway,TKT-E4222304D5,Temporary password not working,"I have been trying to access my account since for the last two days using Microsoft Edge on my iPhone running Windows 10. The system displays 'Unexpected server error'. I already cleared browser cache, but the issue still persists. I cannot access my account. Please help me reset my password.",Password Reset,Low,Negative,Authentication Team,Open
Dennis Kane,hstanley@example.com,Basic,Canada,Mobile App,API Platform,TKT-4283D7DB43,Unexpected logout after login,"I have been trying to access my account since for the last two days using Microsoft Edge on my Windows laptop running macOS Sonoma. The system displays 'Session expired'. I already restarted the application, but the issue still persists. This issue is impacting productivity. Please provide a solution.",Login,High,Negative,Authentication Team,Open
Kristen Raymond,robert30@example.org,Free,Brazil,Mobile App,AI Analytics Platform,TKT-2B564AAF4D,Cannot sign in,"I have been trying to access my account since yesterday using Mozilla Firefox on my Linux desktop running Ubuntu 24.04. The system displays 'Authentication failed'. I already cleared browser cache, but the issue still persists. Customers are waiting for a response. Please provide a solution.",Login,High,Negative,Authentication Team,Open
Joshua Rivera,christinekey@example.com,Enterprise,Brazil,Website,AI Analytics Platform,TKT-6C35B5B7F0,Temporary password not working,"I have been trying to access my account since this morning using Mozilla Firefox on my Linux desktop running Windows 10. The system displays 'OTP expired'. I already requested another reset email, but the issue still persists. My team cannot access shared resources. Kindly investigate this issue.",Password Reset,Medium,Negative,Authentication Team,Open
Rachel Lopez,jacquelineperez@example.org,Basic,UAE,Website,Mobile Application,TKT-58B042FCC5,Account locked after multiple attempts,"I have been trying to access my account since yesterday using Mozilla Firefox on my Windows laptop running Windows 11. The system displays 'Invalid credentials'. I already reinstalled the application, but the issue still persists. Customers are waiting for a response. Kindly resolve this as soon as possible.",Login,Medium,Negative,Authentication Team,Open
April Santos,kmurphy@example.org,Free,Singapore,Email,Cloud Storage,TKT-C650B933CB,Login page not responding,"I have been trying to access my account since for the past week using Microsoft Edge on my Windows laptop running Ubuntu 24.04. The system displays 'Invalid credentials'. I already disabled VPN, but the issue still persists. This issue is impacting productivity. Looking forward to your assistance.",Login,Medium,Negative,Authentication Team,Open
Maurice Mason,tamara54@example.org,Enterprise,USA,Phone,CRM Suite,TKT-4473A6F3F1,Account locked after multiple attempts,"I have been trying to access my account since for the past week using Google Chrome on my Linux desktop running macOS Sonoma. The system displays 'Authentication failed'. I already disabled VPN, but the issue still persists. This issue is impacting productivity. Looking forward to your assistance.",Login,High,Negative,Authentication Team,Open
Emily Vaughan,watsonchristina@example.com,Basic,UAE,Mobile App,AI Analytics Platform,TKT-9031ECBB3E,Temporary password not working,"I have been trying to access my account since this morning using Mozilla Firefox on my MacBook Pro running Windows 11. The system displays 'Verification failed'. I already cleared browser cache, but the issue still persists. My team cannot access shared resources. Kindly investigate this issue.",Password Reset,Low,Neutral,Authentication Team,Open
Cindy Woods,brendaaguilar@example.net,Premium,Brazil,Phone,Cloud Storage,TKT-DA951484B8,Phone number update failed,"I have been trying to access my account since yesterday using Safari on my Android phone running Android 15. The system displays 'Permission denied'. I already used another device, but the issue still persists. My team cannot use account features. Please update my account.",Account,Low,Neutral,Account Support Team,Open
Christopher Hill,gileswilliam@example.com,Premium,Brazil,Chat,Mobile Application,TKT-FBA4CE76F4,Password change failed,"I have been trying to access my account since this morning using Microsoft Edge on my Linux desktop running Windows 11. The system displays 'Reset token expired'. I already checked my spam folder, but the issue still persists. I cannot access my account. Looking forward to your assistance.",Password Reset,Medium,Negative,Authentication Team,Open
Danielle Schmitt,thomas57@example.net,Enterprise,United Kingdom,Website,API Platform,TKT-365B52AA60,Organization details incorrect,"I have been trying to access my account since last week using Mozilla Firefox on my iPhone running macOS Sonoma. The system displays 'Permission denied'. I already updated my browser, but the issue still persists. Business information is incorrect. Please resolve this issue.",Account,Medium,Neutral,Account Support Team,Open
Dillon Salazar,brownerik@example.com,Free,Canada,Mobile App,Payment Gateway,TKT-1BD5E609CA,Account verification pending,"I have been trying to access my account since last week using Safari on my Linux desktop running Windows 10. The system displays 'Permission denied'. I already logged out and logged back in, but the issue still persists. My profile is incomplete. Please resolve this issue.",Account,Low,Negative,Account Support Team,Open
Crystal Salas,douglasharris@example.net,Enterprise,Brazil,Chat,API Platform,TKT-E466A51497,Forgot password issue,"I have been trying to access my account since today using Mozilla Firefox on my Windows laptop running macOS Sonoma. The system displays 'Invalid reset token'. I already cleared browser cache, but the issue still persists. My team cannot access shared resources. Kindly investigate this issue.",Password Reset,Low,Neutral,Authentication Team,Open
William Grant,timothy70@example.com,Premium,USA,Website,API Platform,TKT-AD07477BEF,Password reset page not working,"I have been trying to access my account since yesterday using Safari on my MacBook Pro running Windows 11. The system displays 'Email not recognized'. I already requested another reset email, but the issue still persists. My team cannot access shared resources. Please provide a working reset link.",Password Reset,Medium,Neutral,Authentication Team,Open
Bonnie Sims,zwhite@example.net,Premium,USA,Chat,API Platform,TKT-AE6DE2398F,Profile information incorrect,"I have been trying to access my account since last week using Google Chrome on my Windows laptop running Ubuntu 24.04. The system displays 'Permission denied'. I already used another device, but the issue still persists. My profile is incomplete. Please resolve this issue.",Account,Low,Neutral,Account Support Team,Open
Thomas Carney,fryhenry@example.com,Enterprise,USA,Chat,CRM Suite,TKT-26C3915653,Account verification pending,"I have been trying to access my account since yesterday using Google Chrome on my Linux desktop running macOS Sonoma. The system displays 'Validation failed'. I already updated my browser, but the issue still persists. Business information is incorrect. Kindly verify my account.",Account,Medium,Negative,Account Support Team,Open
Lisa Davis,sotojonathan@example.org,Basic,Germany,Phone,Mobile Application,TKT-C9F6CC7F19,Unexpected logout after login,"I have been trying to access my account since last night using Mozilla Firefox on my Android phone running iOS 18. The system displays 'Authentication failed'. I already reset my password, but the issue still persists. This issue is impacting productivity. Looking forward to your assistance.",Login,Medium,Negative,Authentication Team,Open
Margaret Williams,umathews@example.org,Enterprise,Singapore,Mobile App,Payment Gateway,TKT-B783DFF387,Account verification pending,"I have been trying to access my account since this morning using Mozilla Firefox on my Windows laptop running Windows 10. The system displays 'Profile update failed'. I already logged out and logged back in, but the issue still persists. My profile is incomplete. Kindly verify my account.",Account,Medium,Neutral,Account Support Team,Open
Heidi Henderson,mikewheeler@example.net,Premium,United Kingdom,Email,Web Dashboard,TKT-777130E7CE,Unable to reset password,"I have been trying to access my account since yesterday using Google Chrome on my iPad running Windows 10. The system displays 'Verification failed'. I already cleared browser cache, but the issue still persists. My work is delayed. Kindly investigate this issue.",Password Reset,Medium,Neutral,Authentication Team,Open
Lauren Taylor,berickson@example.org,Free,Germany,Email,Cloud Storage,TKT-014DD9D64A,Login stuck on loading screen,"I have been trying to access my account since last night using Google Chrome on my iPad running macOS Sonoma. The system displays 'Invalid credentials'. I already restarted the application, but the issue still persists. Customers are waiting for a response. Please investigate this issue.",Login,Medium,Negative,Authentication Team,Open
Meredith Stevenson,gregory06@example.net,Basic,UAE,Email,CRM Suite,TKT-3B975B78D4,Unable to update profile,"I have been trying to access my account since this morning using Microsoft Edge on my Android phone running iOS 18. The system displays 'Unexpected server error'. I already logged out and logged back in, but the issue still persists. My team cannot use account features. Please resolve this issue.",Account,Low,Negative,Account Support Team,Open
Deborah Mendoza,rebeccawilkinson@example.org,Premium,Canada,Website,Web Dashboard,TKT-D56416AE46,Two-factor authentication failed,"I have been trying to access my account since yesterday using Microsoft Edge on my Linux desktop running Windows 10. The system displays 'Session expired'. I already disabled VPN, but the issue still persists. My business operations are affected. Please investigate this issue.",Login,Medium,Negative,Authentication Team,Open
Michael Becker,bcarter@example.org,Premium,UAE,Chat,API Platform,TKT-2731ACA9AD,Unexpected logout after login,"I have been trying to access my account since today using Safari on my Windows laptop running Ubuntu 24.04. The system displays 'Internal server error'. I already tried another browser, but the issue still persists. My business operations are affected. Kindly resolve this as soon as possible.",Login,Medium,Negative,Authentication Team,Open
Austin Li,clarkheidi@example.com,Enterprise,Brazil,Mobile App,API Platform,TKT-311CFA4D6F,Two-factor authentication failed,"I have been trying to access my account since this morning using Mozilla Firefox on my MacBook Pro running Windows 10. The system displays 'Internal server error'. I already reset my password, but the issue still persists. I cannot continue my work. Please investigate this issue.",Login,Medium,Negative,Authentication Team,Open
James Luna,mosborn@example.com,Premium,Singapore,Chat,CRM Suite,TKT-D030EC4572,Profile information incorrect,"I have been trying to access my account since last week using Microsoft Edge on my Windows laptop running Android 15. The system displays 'Unexpected server error'. I already cleared browser cache, but the issue still persists. Business information is incorrect. Please update my account.",Account,Low,Neutral,Account Support Team,Open
Brandon Roberts,brian58@example.net,Basic,Brazil,Chat,Cloud Storage,TKT-A59C2DFA10,Unable to login,"I have been trying to access my account since last night using Safari on my Windows laptop running Android 15. The system displays 'Session expired'. I already used another device, but the issue still persists. Customers are waiting for a response. Kindly resolve this as soon as possible.",Login,High,Negative,Authentication Team,Open
James Rivera,cookrebecca@example.com,Premium,Germany,Chat,Cloud Storage,TKT-DCFE0A1402,Two-factor authentication failed,"I have been trying to access my account since for the past week using Google Chrome on my MacBook Pro running Windows 10. The system displays 'Internal server error'. I already cleared browser cache, but the issue still persists. My support team is blocked. Looking forward to your assistance.",Login,High,Negative,Authentication Team,Open
Michael Lucero,pam92@example.org,Premium,United Kingdom,Website,Web Dashboard,TKT-AB65DD5D89,Temporary password not working,"I have been trying to access my account since this morning using Mozilla Firefox on my iPad running Windows 10. The system displays 'Unexpected server error'. I already cleared browser cache, but the issue still persists. I cannot continue using the platform. Please help me reset my password.",Password Reset,Low,Negative,Authentication Team,Open
Derek Campbell,adam66@example.org,Enterprise,Canada,Phone,API Platform,TKT-CD5318376E,Unable to reset password,"I have been trying to access my account since today using Google Chrome on my Windows laptop running Windows 10. The system displays 'Unexpected server error'. I already tried another browser, but the issue still persists. I cannot continue using the platform. Please help me reset my password.",Password Reset,Low,Neutral,Authentication Team,Open
Christopher Dunn,bonnie89@example.org,Free,United Kingdom,Phone,Cloud Storage,TKT-869640BF82,Account locked after multiple attempts,"I have been trying to access my account since this morning using Google Chrome on my iPad running macOS Sonoma. The system displays 'Invalid credentials'. I already restarted the application, but the issue still persists. This issue is impacting productivity. Please provide a solution.",Login,Medium,Negative,Authentication Team,Open
Erika Frey,colleendixon@example.org,Enterprise,Singapore,Mobile App,Reporting Engine,TKT-8C381218E4,Authentication error,"I have been trying to access my account since for the last two days using Safari on my Android phone running Ubuntu 24.04. The system displays 'Unexpected server error'. I already cleared browser cache, but the issue still persists. I cannot continue my work. Looking forward to your assistance.",Login,Medium,Negative,Authentication Team,Open
Deborah Gentry,ohenson@example.org,Free,Singapore,Website,AI Analytics Platform,TKT-549F209600,Account verification pending,"I have been trying to access my account since yesterday using Safari on my Android phone running Ubuntu 24.04. The system displays 'Validation failed'. I already cleared browser cache, but the issue still persists. Business information is incorrect. Kindly verify my account.",Account,Low,Negative,Account Support Team,Open
Robert Torres,bautistaderrick@example.net,Basic,Japan,Website,Mobile Application,TKT-E6CA8EE8D4,Password reset loop,"I have been trying to access my account since this morning using Safari on my Windows laptop running Windows 11. The system displays 'Reset token expired'. I already requested another reset email, but the issue still persists. My work is delayed. Looking forward to your assistance.",Password Reset,Low,Neutral,Authentication Team,Open
Stephanie Reed,angelascott@example.net,Enterprise,Germany,Email,Payment Gateway,TKT-8654504ADE,Cannot create new password,"I have been trying to access my account since today using Google Chrome on my Linux desktop running macOS Sonoma. The system displays 'Verification failed'. I already checked my spam folder, but the issue still persists. I cannot access my account. Looking forward to your assistance.",Password Reset,Low,Negative,Authentication Team,Open
Adam Richardson,nelsonbenjamin@example.com,Enterprise,USA,Mobile App,Mobile Application,TKT-2DB07C74CA,Password change failed,"I have been trying to access my account since last night using Google Chrome on my Windows laptop running macOS Sonoma. The system displays 'Reset token expired'. I already requested another reset email, but the issue still persists. I cannot continue using the platform. Please provide a working reset link.",Password Reset,Low,Neutral,Authentication Team,Open
Cynthia Jackson,ronaldsmith@example.com,Free,Canada,Chat,Payment Gateway,TKT-EA0C2BE213,Login page not responding,"I have been trying to access my account since for the past week using Google Chrome on my Windows laptop running Ubuntu 24.04. The system displays 'Access denied'. I already reset my password, but the issue still persists. Customers are waiting for a response. Please investigate this issue.",Login,Medium,Negative,Authentication Team,Open
Jacob Meyer,bowersvincent@example.org,Free,Brazil,Chat,Mobile Application,TKT-A80ADBA0BB,Account locked,"I have been trying to access my account since yesterday using Mozilla Firefox on my Linux desktop running Ubuntu 24.04. The system displays 'Permission denied'. I already updated my browser, but the issue still persists. Business information is incorrect. Please resolve this issue.",Account,Low,Negative,Account Support Team,Open
Robert Benton,tsullivan@example.net,Premium,Japan,Chat,AI Analytics Platform,TKT-D929780B09,Forgot password issue,"I have been trying to access my account since for the last two days using Microsoft Edge on my Android phone running macOS Sonoma. The system displays 'Verification failed'. I already used another device, but the issue still persists. I cannot access my account. Kindly investigate this issue.",Password Reset,Low,Negative,Authentication Team,Open
Kristen Austin,jonesbrian@example.org,Basic,Australia,Chat,Cloud Storage,TKT-3A7FD00F2D,Organization details incorrect,"I have been trying to access my account since this morning using Safari on my Android phone running Windows 10. The system displays 'Validation failed'. I already logged out and logged back in, but the issue still persists. My profile is incomplete. Please resolve this issue.",Account,Medium,Neutral,Account Support Team,Open
Derek Cook,jennifermaldonado@example.org,Basic,India,Mobile App,CRM Suite,TKT-AE3FD81F53,Business profile issue,"I have been trying to access my account since today using Safari on my Linux desktop running Ubuntu 24.04. The system displays 'Permission denied'. I already used another device, but the issue still persists. Business information is incorrect. Please resolve this issue.",Account,Medium,Negative,Account Support Team,Open
Andrea Ritter,caldwelllaurie@example.org,Enterprise,Brazil,Mobile App,Mobile Application,TKT-6B2A54A654,Password reset loop,"I have been trying to access my account since today using Mozilla Firefox on my iPad running Android 15. The system displays 'Email not recognized'. I already tried another browser, but the issue still persists. My work is delayed. Kindly investigate this issue.",Password Reset,Medium,Neutral,Authentication Team,Open
Alexander Moreno,cbooth@example.org,Free,Australia,Mobile App,Mobile Application,TKT-FC78A9B216,Profile information incorrect,"I have been trying to access my account since today using Microsoft Edge on my iPhone running Ubuntu 24.04. The system displays 'Verification failed'. I already used another device, but the issue still persists. My profile is incomplete. Please resolve this issue.",Account,Medium,Negative,Account Support Team,Open
Brent Kemp,hernandezjennifer@example.net,Basic,Australia,Chat,Payment Gateway,TKT-85899380C6,Account verification pending,"I have been trying to access my account since this morning using Microsoft Edge on my iPhone running Ubuntu 24.04. The system displays 'Unexpected server error'. I already logged out and logged back in, but the issue still persists. My team cannot use account features. Kindly verify my account.",Account,Low,Negative,Account Support Team,Open
Jessica Fox,greenjacqueline@example.net,Free,Japan,Email,Web Dashboard,TKT-50A0345F8E,Change registered email,"I have been trying to access my account since last week using Safari on my Linux desktop running Ubuntu 24.04. The system displays 'Validation failed'. I already updated my browser, but the issue still persists. My profile is incomplete. Please resolve this issue.",Account,Low,Negative,Account Support Team,Open
Michael Cox,ashley50@example.org,Free,Germany,Mobile App,API Platform,TKT-4E0AC77BEC,Unable to login,"I have been trying to access my account since yesterday using Mozilla Firefox on my Windows laptop running macOS Sonoma. The system displays 'Internal server error'. I already tried another browser, but the issue still persists. My support team is blocked. Looking forward to your assistance.",Login,Medium,Negative,Authentication Team,Open
Nicholas Daniels,yromero@example.net,Premium,Australia,Phone,Reporting Engine,TKT-52ABA44BDD,Reset code invalid,"I have been trying to access my account since yesterday using Microsoft Edge on my iPhone running Ubuntu 24.04. The system displays 'Verification failed'. I already checked my spam folder, but the issue still persists. My work is delayed. Kindly investigate this issue.",Password Reset,Low,Neutral,Authentication Team,Open
Kenneth Bradshaw,michael03@example.org,Free,India,Email,Mobile Application,TKT-F81B57613C,Temporary password not working,"I have been trying to access my account since last night using Microsoft Edge on my Windows laptop running macOS Sonoma. The system displays 'Email not recognized'. I already tried another browser, but the issue still persists. I cannot access my account. Please help me reset my password.",Password Reset,Medium,Negative,Authentication Team,Open
Michael Bush,shannonsanchez@example.com,Free,UAE,Email,Cloud Storage,TKT-ADCF7C7CB1,Cannot create new password,"I have been trying to access my account since yesterday using Google Chrome on my Windows laptop running Android 15. The system displays 'OTP expired'. I already used another device, but the issue still persists. My team cannot access shared resources. Please help me reset my password.",Password Reset,Medium,Negative,Authentication Team,Open
Laura Brown,christineperez@example.net,Enterprise,USA,Email,API Platform,TKT-BF54764A73,Login page not responding,"I have been trying to access my account since last night using Safari on my iPhone running Android 15. The system displays 'Internal server error'. I already restarted the application, but the issue still persists. My business operations are affected. Please provide a solution.",Login,High,Negative,Authentication Team,Open
Drew King,patricia54@example.net,Basic,Brazil,Email,Web Dashboard,TKT-C28DE93664,Password change failed,"I have been trying to access my account since this morning using Mozilla Firefox on my Android phone running Windows 10. The system displays 'Reset token expired'. I already cleared browser cache, but the issue still persists. I cannot continue using the platform. Please provide a working reset link.",Password Reset,Medium,Neutral,Authentication Team,Open
Brenda Green,gallegostrevor@example.net,Basic,India,Chat,API Platform,TKT-13A8450EB9,Password change failed,"I have been trying to access my account since this morning using Google Chrome on my Linux desktop running Android 15. The system displays 'OTP expired'. I already tried another browser, but the issue still persists. My team cannot access shared resources. Kindly investigate this issue.",Password Reset,Medium,Negative,Authentication Team,Open
Autumn Hahn,justin07@example.org,Premium,United Kingdom,Website,AI Analytics Platform,TKT-43E78EA027,Reset link expired,"I have been trying to access my account since today using Google Chrome on my MacBook Pro running Ubuntu 24.04. The system displays 'Reset token expired'. I already requested another reset email, but the issue still persists. My team cannot access shared resources. Please provide a working reset link.",Password Reset,Medium,Negative,Authentication Team,Open
Debra Aguirre,cassidywilliams@example.net,Enterprise,USA,Email,AI Analytics Platform,TKT-36DD540213,Unexpected logout after login,"I have been trying to access my account since this morning using Mozilla Firefox on my iPhone running Ubuntu 24.04. The system displays 'Internal server error'. I already cleared browser cache, but the issue still persists. Customers are waiting for a response. Kindly resolve this as soon as possible.",Login,Medium,Negative,Authentication Team,Open
Jonathan Allen,tyler79@example.com,Basic,Brazil,Phone,AI Analytics Platform,TKT-1F39CDE35E,Business profile issue,"I have been trying to access my account since yesterday using Google Chrome on my MacBook Pro running Windows 11. The system displays 'Profile update failed'. I already cleared browser cache, but the issue still persists. Business information is incorrect. Please update my account.",Account,Low,Neutral,Account Support Team,Open
Molly Ewing,steven91@example.com,Enterprise,India,Website,Reporting Engine,TKT-1E7C90D677,Account locked,"I have been trying to access my account since yesterday using Safari on my Linux desktop running macOS Sonoma. The system displays 'Verification failed'. I already logged out and logged back in, but the issue still persists. My profile is incomplete. Please resolve this issue.",Account,Low,Negative,Account Support Team,Open
Megan Miller,johnsonjohn@example.org,Premium,Australia,Chat,AI Analytics Platform,TKT-99FD39A05C,Two-factor authentication failed,"I have been trying to access my account since for the past week using Microsoft Edge on my iPad running Windows 11. The system displays 'Authentication failed'. I already disabled VPN, but the issue still persists. My business operations are affected. Please provide a solution.",Login,Medium,Negative,Authentication Team,Open
Matthew Garcia,douglas97@example.org,Premium,Brazil,Chat,Payment Gateway,TKT-5963DA05D6,Account verification pending,"I have been trying to access my account since last week using Microsoft Edge on my Windows laptop running iOS 18. The system displays 'Verification failed'. I already cleared browser cache, but the issue still persists. My team cannot use account features. Please resolve this issue.",Account,Medium,Neutral,Account Support Team,Open
Alejandra Little,ywallace@example.com,Free,Brazil,Website,API Platform,TKT-FC8C7CCD37,Password reset email not received,"I have been trying to access my account since for the last two days using Google Chrome on my Windows laptop running iOS 18. The system displays 'Reset token expired'. I already requested another reset email, but the issue still persists. My work is delayed. Kindly investigate this issue.",Password Reset,Low,Neutral,Authentication Team,Open
Dr. Dylan Bennett,smithdouglas@example.net,Basic,Singapore,Website,Mobile Application,TKT-F78AE2E17B,Authentication error,"I have been trying to access my account since last night using Safari on my iPad running Windows 11. The system displays 'Access denied'. I already disabled VPN, but the issue still persists. I cannot continue my work. Kindly resolve this as soon as possible.",Login,High,Negative,Authentication Team,Open
Lori Long DDS,mackenzienelson@example.net,Enterprise,Singapore,Email,Reporting Engine,TKT-29D176A5A1,Change registered email,"I have been trying to access my account since yesterday using Mozilla Firefox on my Android phone running Windows 11. The system displays 'Unexpected server error'. I already updated my browser, but the issue still persists. Business information is incorrect. Please resolve this issue.",Account,Low,Neutral,Account Support Team,Open
Robert Hudson,amy77@example.org,Enterprise,Japan,Email,Web Dashboard,TKT-13482E972B,Login page not responding,"I have been trying to access my account since this morning using Mozilla Firefox on my iPhone running Windows 10. The system displays 'Session expired'. I already tried another browser, but the issue still persists. I cannot continue my work. Looking forward to your assistance.",Login,High,Negative,Authentication Team,Open
Mr. Joshua Kaiser,hortonsusan@example.com,Enterprise,United Kingdom,Website,API Platform,TKT-E2D76AB1EC,Login page not responding,"I have been trying to access my account since for the past week using Google Chrome on my Android phone running Android 15. The system displays 'Invalid credentials'. I already cleared browser cache, but the issue still persists. My business operations are affected. Please provide a solution.",Login,High,Negative,Authentication Team,Open
Maria Morrison,shannon92@example.com,Basic,UAE,Phone,Payment Gateway,TKT-B2BA53A155,Unable to access dashboard,"I have been trying to access my account since for the last two days using Mozilla Firefox on my Linux desktop running Windows 11. The system displays 'Internal server error'. I already tried another browser, but the issue still persists. This issue is impacting productivity. Looking forward to your assistance.",Login,Medium,Negative,Authentication Team,Open
Courtney Fitzgerald,rjohnson@example.net,Premium,Singapore,Website,CRM Suite,TKT-4ECED55D13,Organization details incorrect,"I have been trying to access my account since last week using Microsoft Edge on my Android phone running Windows 11. The system displays 'Verification failed'. I already cleared browser cache, but the issue still persists. Business information is incorrect. Kindly verify my account.",Account,Low,Neutral,Account Support Team,Open
Yesenia Burke,patrick33@example.org,Premium,USA,Chat,Payment Gateway,TKT-C6918EC69E,Unable to update profile,"I have been trying to access my account since this morning using Google Chrome on my Android phone running Android 15. The system displays 'Validation failed'. I already used another device, but the issue still persists. Business information is incorrect. Kindly verify my account.",Account,Medium,Negative,Account Support Team,Open
Francis Cole,qcannon@example.org,Basic,United Kingdom,Phone,AI Analytics Platform,TKT-5CF483E40A,Change registered email,"I have been trying to access my account since yesterday using Safari on my Android phone running Windows 11. The system displays 'Permission denied'. I already used another device, but the issue still persists. My team cannot use account features. Please resolve this issue.",Account,Medium,Negative,Account Support Team,Open
Scott Williams,xdavis@example.com,Free,UAE,Website,Web Dashboard,TKT-3A875A6547,Forgot password issue,"I have been trying to access my account since today using Safari on my Windows laptop running Windows 11. The system displays 'OTP expired'. I already checked my spam folder, but the issue still persists. My team cannot access shared resources. Please provide a working reset link.",Password Reset,Low,Negative,Authentication Team,Open
Lori Hernandez,jeffreyjohnson@example.com,Basic,Brazil,Mobile App,Reporting Engine,TKT-4D62994AD3,Account locked,"I have been trying to access my account since this morning using Google Chrome on my MacBook Pro running Ubuntu 24.04. The system displays 'Validation failed'. I already updated my browser, but the issue still persists. My profile is incomplete. Kindly verify my account.",Account,Medium,Negative,Account Support Team,Open
Bobby Rodgers,lauren18@example.org,Free,Canada,Mobile App,Mobile Application,TKT-1D0C603226,Password change failed,"I have been trying to access my account since this morning using Mozilla Firefox on my Linux desktop running Windows 11. The system displays 'Invalid reset token'. I already tried another browser, but the issue still persists. My work is delayed. Looking forward to your assistance.",Password Reset,Medium,Negative,Authentication Team,Open
Peggy Hodge,adamsscott@example.org,Premium,Australia,Mobile App,Mobile Application,TKT-533EA879DC,Reset code invalid,"I have been trying to access my account since this morning using Mozilla Firefox on my iPhone running Windows 11. The system displays 'Email not recognized'. I already used another device, but the issue still persists. My team cannot access shared resources. Please provide a working reset link.",Password Reset,Low,Neutral,Authentication Team,Open
Amanda Gonzalez,scott41@example.net,Premium,Canada,Chat,Payment Gateway,TKT-2F1DE55456,Account settings not saving,"I have been trying to access my account since this morning using Google Chrome on my MacBook Pro running macOS Sonoma. The system displays 'Unexpected server error'. I already logged out and logged back in, but the issue still persists. Business information is incorrect. Kindly verify my account.",Account,Medium,Neutral,Account Support Team,Open
Margaret Calhoun,rgarcia@example.net,Enterprise,Brazil,Website,AI Analytics Platform,TKT-E9E6C52A7C,Password reset email not received,"I have been trying to access my account since this morning using Safari on my Windows laptop running Android 15. The system displays 'OTP expired'. I already tried another browser, but the issue still persists. I cannot access my account. Looking forward to your assistance.",Password Reset,Low,Neutral,Authentication Team,Open
Mr. Paul Gilbert DVM,valvarez@example.net,Free,Singapore,Email,Payment Gateway,TKT-04A0B8A4A8,Login stuck on loading screen,"I have been trying to access my account since last night using Microsoft Edge on my MacBook Pro running Ubuntu 24.04. The system displays 'Internal server error'. I already disabled VPN, but the issue still persists. My business operations are affected. Please provide a solution.",Login,High,Negative,Authentication Team,Open
Mary Smith,davisbarry@example.com,Premium,India,Mobile App,Reporting Engine,TKT-35818FB39E,Password reset page not working,"I have been trying to access my account since today using Microsoft Edge on my Linux desktop running Windows 10. The system displays 'Verification failed'. I already used another device, but the issue still persists. I cannot continue using the platform. Please help me reset my password.",Password Reset,Medium,Negative,Authentication Team,Open
Paul Macdonald,todd19@example.org,Free,USA,Email,Mobile Application,TKT-B72211E12C,Password reset page not working,"I have been trying to access my account since last night using Microsoft Edge on my iPhone running iOS 18. The system displays 'Invalid reset token'. I already tried another browser, but the issue still persists. My team cannot access shared resources. Please help me reset my password.",Password Reset,Medium,Neutral,Authentication Team,Open
Edward Rios,donaldwest@example.org,Enterprise,Canada,Phone,API Platform,TKT-02A93822F0,Cannot sign in,"I have been trying to access my account since yesterday using Safari on my Linux desktop running Windows 11. The system displays 'Internal server error'. I already used another device, but the issue still persists. My support team is blocked. Looking forward to your assistance.",Login,Medium,Negative,Authentication Team,Open
Ashley Riley,anthonyallen@example.org,Free,USA,Mobile App,API Platform,TKT-6E943CC352,Cannot sign in,"I have been trying to access my account since for the last two days using Microsoft Edge on my Windows laptop running macOS Sonoma. The system displays 'Unexpected server error'. I already reset my password, but the issue still persists. Customers are waiting for a response. Looking forward to your assistance.",Login,Medium,Negative,Authentication Team,Open
Melissa Williams,wayne74@example.org,Basic,USA,Chat,Web Dashboard,TKT-B984EA7318,Account locked,"I have been trying to access my account since yesterday using Safari on my Windows laptop running iOS 18. The system displays 'Verification failed'. I already cleared browser cache, but the issue still persists. Business information is incorrect. Please update my account.",Account,Medium,Neutral,Account Support Team,Open
Lisa Yates,christopher88@example.net,Enterprise,Brazil,Mobile App,Mobile Application,TKT-5875360200,Unexpected logout after login,"I have been trying to access my account since for the past week using Safari on my Linux desktop running macOS Sonoma. The system displays 'Authentication failed'. I already restarted the application, but the issue still persists. My support team is blocked. Please investigate this issue.",Login,High,Negative,Authentication Team,Open
Michael Williams,jvasquez@example.net,Basic,Brazil,Phone,AI Analytics Platform,TKT-6903FB7A1D,Password change failed,"I have been trying to access my account since yesterday using Safari on my iPad running iOS 18. The system displays 'Reset token expired'. I already cleared browser cache, but the issue still persists. My work is delayed. Please provide a working reset link.",Password Reset,Low,Neutral,Authentication Team,Open
Alison Ellis,jenniferbarker@example.com,Free,Canada,Chat,Cloud Storage,TKT-EE3ED0B04B,Account locked after multiple attempts,"I have been trying to access my account since for the last two days using Microsoft Edge on my MacBook Pro running Windows 10. The system displays 'Connection timeout'. I already used another device, but the issue still persists. My support team is blocked. Looking forward to your assistance.",Login,Medium,Negative,Authentication Team,Open
Jeremy Preston,frios@example.com,Enterprise,Australia,Chat,CRM Suite,TKT-9C73F32246,Account locked,"I have been trying to access my account since yesterday using Google Chrome on my iPhone running Android 15. The system displays 'Permission denied'. I already cleared browser cache, but the issue still persists. My profile is incomplete. Kindly verify my account.",Account,Medium,Negative,Account Support Team,Open
Alison Baker,nhoover@example.org,Premium,India,Mobile App,Payment Gateway,TKT-9119B746B1,Password reset page not working,"I have been trying to access my account since for the last two days using Microsoft Edge on my Linux desktop running macOS Sonoma. The system displays 'Reset token expired'. I already cleared browser cache, but the issue still persists. My team cannot access shared resources. Looking forward to your assistance.",Password Reset,Low,Neutral,Authentication Team,Open
Brandon Harrison,lesterrichard@example.com,Premium,Japan,Phone,Mobile Application,TKT-C1F9B81B07,Password reset page not working,"I have been trying to access my account since this morning using Microsoft Edge on my MacBook Pro running Android 15. The system displays 'Invalid reset token'. I already requested another reset email, but the issue still persists. My team cannot access shared resources. Kindly investigate this issue.",Password Reset,Medium,Neutral,Authentication Team,Open
Teresa Ray,amoreno@example.com,Free,Australia,Website,Payment Gateway,TKT-6228A74BEA,Password reset email not received,"I have been trying to access my account since this morning using Safari on my Android phone running iOS 18. The system displays 'Reset token expired'. I already checked my spam folder, but the issue still persists. I cannot continue using the platform. Looking forward to your assistance.",Password Reset,Low,Neutral,Authentication Team,Open
Christina Wallace,christopher93@example.net,Basic,USA,Chat,Payment Gateway,TKT-4607F7500C,Unable to access dashboard,"I have been trying to access my account since today using Safari on my Android phone running Android 15. The system displays 'Unexpected server error'. I already cleared browser cache, but the issue still persists. Customers are waiting for a response. Kindly resolve this as soon as possible.",Login,High,Negative,Authentication Team,Open
Krista Bell,meaganfletcher@example.org,Free,United Kingdom,Email,AI Analytics Platform,TKT-055F9FAD09,Login failed,"I have been trying to access my account since for the past week using Microsoft Edge on my MacBook Pro running Android 15. The system displays 'Access denied'. I already reinstalled the application, but the issue still persists. Customers are waiting for a response. Kindly resolve this as soon as possible.",Login,Medium,Negative,Authentication Team,Open
Diana Roach,thorton@example.org,Free,USA,Mobile App,Mobile Application,TKT-49D9779F30,Unexpected logout after login,"I have been trying to access my account since last night using Microsoft Edge on my iPad running Ubuntu 24.04. The system displays 'Invalid credentials'. I already reinstalled the application, but the issue still persists. My support team is blocked. Looking forward to your assistance.",Login,High,Negative,Authentication Team,Open
Mark Rodriguez,aaronscott@example.com,Free,Singapore,Phone,AI Analytics Platform,TKT-8BA1BEEFBA,Password reset page not working,"I have been trying to access my account since for the last two days using Google Chrome on my Linux desktop running Android 15. The system displays 'Email not recognized'. I already cleared browser cache, but the issue still persists. My work is delayed. Looking forward to your assistance.",Password Reset,Medium,Neutral,Authentication Team,Open
Brian Hall,psloan@example.com,Free,USA,Email,AI Analytics Platform,TKT-0C0DF6ACF5,Profile information incorrect,"I have been trying to access my account since today using Mozilla Firefox on my MacBook Pro running Android 15. The system displays 'Verification failed'. I already cleared browser cache, but the issue still persists. My profile is incomplete. Kindly verify my account.",Account,Low,Neutral,Account Support Team,Open
Randall Roman,gentryelizabeth@example.org,Premium,United Kingdom,Email,Payment Gateway,TKT-7B7FB606F1,Password change failed,"I have been trying to access my account since this morning using Mozilla Firefox on my Android phone running Ubuntu 24.04. The system displays 'Email not recognized'. I already requested another reset email, but the issue still persists. My team cannot access shared resources. Kindly investigate this issue.",Password Reset,Medium,Negative,Authentication Team,Open
Bruce Reed,nrobbins@example.net,Basic,Japan,Chat,Web Dashboard,TKT-C6692FD0EA,Profile information incorrect,"I have been trying to access my account since today using Google Chrome on my Android phone running macOS Sonoma. The system displays 'Permission denied'. I already used another device, but the issue still persists. Business information is incorrect. Please update my account.",Account,Medium,Neutral,Account Support Team,Open
Katherine Sanders,caleb86@example.com,Premium,Australia,Mobile App,Payment Gateway,TKT-7912B60443,Organization details incorrect,"I have been trying to access my account since yesterday using Safari on my Linux desktop running Ubuntu 24.04. The system displays 'Verification failed'. I already used another device, but the issue still persists. My profile is incomplete. Please update my account.",Account,Low,Negative,Account Support Team,Open
Theresa Davis,alyssa42@example.net,Basic,India,Mobile App,CRM Suite,TKT-7FE4B72746,Reset code invalid,"I have been trying to access my account since last night using Microsoft Edge on my Windows laptop running Android 15. The system displays 'Unexpected server error'. I already checked my spam folder, but the issue still persists. My team cannot access shared resources. Kindly investigate this issue.",Password Reset,Medium,Neutral,Authentication Team,Open
Jason Andrews,mark01@example.net,Free,Australia,Email,API Platform,TKT-4320E431FA,Reset code invalid,"I have been trying to access my account since yesterday using Google Chrome on my MacBook Pro running iOS 18. The system displays 'Email not recognized'. I already cleared browser cache, but the issue still persists. My work is delayed. Looking forward to your assistance.",Password Reset,Low,Neutral,Authentication Team,Open
Daniel Norris,mariawade@example.com,Enterprise,Canada,Mobile App,API Platform,TKT-1E15A016B4,Account locked,"I have been trying to access my account since last week using Google Chrome on my Android phone running iOS 18. The system displays 'Validation failed'. I already cleared browser cache, but the issue still persists. Business information is incorrect. Kindly verify my account.",Account,Low,Negative,Account Support Team,Open
Jasmine Patel,nbrennan@example.com,Basic,Canada,Phone,Payment Gateway,TKT-E34DA0579C,Change registered email,"I have been trying to access my account since this morning using Safari on my MacBook Pro running Windows 11. The system displays 'Validation failed'. I already cleared browser cache, but the issue still persists. Business information is incorrect. Kindly verify my account.",Account,Low,Neutral,Account Support Team,Open
Kevin Reed,meltonelizabeth@example.org,Free,Australia,Website,Mobile Application,TKT-FCD0E4A87F,Change registered email,"I have been trying to access my account since yesterday using Mozilla Firefox on my Linux desktop running Android 15. The system displays 'Validation failed'. I already cleared browser cache, but the issue still persists. My profile is incomplete. Please resolve this issue.",Account,Medium,Neutral,Account Support Team,Open
Joseph Thomas,jodijackson@example.com,Free,Germany,Email,API Platform,TKT-731D4292F3,Password reset page not working,"I have been trying to access my account since today using Google Chrome on my iPad running Windows 11. The system displays 'Unexpected server error'. I already tried another browser, but the issue still persists. My work is delayed. Kindly investigate this issue.",Password Reset,Low,Neutral,Authentication Team,Open
Melinda Hall,mariaroberts@example.org,Enterprise,Canada,Mobile App,CRM Suite,TKT-AFA4F0CDA6,Login stuck on loading screen,"I have been trying to access my account since today using Google Chrome on my MacBook Pro running Ubuntu 24.04. The system displays 'Unexpected server error'. I already tried another browser, but the issue still persists. Customers are waiting for a response. Please provide a solution.",Login,High,Negative,Authentication Team,Open
Christine Franklin,john11@example.com,Enterprise,United Kingdom,Mobile App,Web Dashboard,TKT-B970B30616,Authentication error,"I have been trying to access my account since yesterday using Mozilla Firefox on my Linux desktop running macOS Sonoma. The system displays 'Invalid credentials'. I already restarted the application, but the issue still persists. I cannot continue my work. Please provide a solution.",Login,High,Negative,Authentication Team,Open
Connie Parks,mckinneyjohn@example.net,Premium,USA,Mobile App,Mobile Application,TKT-B7CD692520,Reset link expired,"I have been trying to access my account since this morning using Safari on my Android phone running macOS Sonoma. The system displays 'Invalid reset token'. I already tried another browser, but the issue still persists. I cannot continue using the platform. Kindly investigate this issue.",Password Reset,Low,Negative,Authentication Team,Open
Guy Lopez,nicole96@example.net,Basic,Canada,Website,CRM Suite,TKT-C8FBEB2AD1,Password change failed,"I have been trying to access my account since this morning using Microsoft Edge on my Android phone running Android 15. The system displays 'Unexpected server error'. I already used another device, but the issue still persists. I cannot continue using the platform. Looking forward to your assistance.",Password Reset,Medium,Neutral,Authentication Team,Open
John Peterson,farleylauren@example.org,Enterprise,United Kingdom,Phone,AI Analytics Platform,TKT-7D794CDEEB,Unable to login,"I have been trying to access my account since last night using Google Chrome on my iPad running iOS 18. The system displays 'Session expired'. I already reset my password, but the issue still persists. My support team is blocked. Kindly resolve this as soon as possible.",Login,High,Negative,Authentication Team,Open
Lisa Oneal,dwebb@example.org,Free,Singapore,Mobile App,Mobile Application,TKT-3A0672A8F3,Unable to verify account,"I have been trying to access my account since this morning using Microsoft Edge on my Linux desktop running macOS Sonoma. The system displays 'Profile update failed'. I already cleared browser cache, but the issue still persists. My profile is incomplete. Please update my account.",Account,Low,Neutral,Account Support Team,Open
Paul Noble,bradfordmiguel@example.org,Free,Germany,Website,API Platform,TKT-D0C8455C61,Unable to update profile,"I have been trying to access my account since today using Safari on my Linux desktop running Windows 10. The system displays 'Validation failed'. I already logged out and logged back in, but the issue still persists. Business information is incorrect. Kindly verify my account.",Account,Low,Neutral,Account Support Team,Open
Jesus Noble,xdowns@example.net,Basic,Japan,Website,AI Analytics Platform,TKT-7509C44115,Account locked after multiple attempts,"I have been trying to access my account since for the past week using Mozilla Firefox on my MacBook Pro running macOS Sonoma. The system displays 'Connection timeout'. I already reinstalled the application, but the issue still persists. This issue is impacting productivity. Please investigate this issue.",Login,Medium,Negative,Authentication Team,Open
Alexis Warren,rhernandez@example.com,Premium,Canada,Email,API Platform,TKT-74B4613FC3,Authentication error,"I have been trying to access my account since this morning using Safari on my Android phone running macOS Sonoma. The system displays 'Session expired'. I already cleared browser cache, but the issue still persists. This issue is impacting productivity. Please provide a solution.",Login,High,Negative,Authentication Team,Open
Jessica Romero,smithjason@example.net,Free,Brazil,Email,Reporting Engine,TKT-0000529869,Account locked,"I have been trying to access my account since last week using Google Chrome on my Linux desktop running Android 15. The system displays 'Validation failed'. I already cleared browser cache, but the issue still persists. My profile is incomplete. Please resolve this issue.",Account,Low,Negative,Account Support Team,Open
Katherine Brooks,markrivas@example.org,Free,Japan,Chat,Payment Gateway,TKT-C42F181756,Unable to login,"I have been trying to access my account since last night using Safari on my Android phone running macOS Sonoma. The system displays 'Session expired'. I already cleared browser cache, but the issue still persists. I cannot continue my work. Kindly resolve this as soon as possible.",Login,Medium,Negative,Authentication Team,Open
William Owens,tarajames@example.com,Free,India,Chat,API Platform,TKT-B1C549061D,Reset link expired,"I have been trying to access my account since yesterday using Google Chrome on my Windows laptop running Windows 10. The system displays 'Unexpected server error'. I already checked my spam folder, but the issue still persists. I cannot access my account. Kindly investigate this issue.",Password Reset,Low,Negative,Authentication Team,Open
Lori Mata,jacksonnicholas@example.com,Enterprise,United Kingdom,Email,Reporting Engine,TKT-E19ABCF3FF,Unable to login,"I have been trying to access my account since this morning using Microsoft Edge on my iPad running iOS 18. The system displays 'Session expired'. I already reset my password, but the issue still persists. I cannot continue my work. Please provide a solution.",Login,Medium,Negative,Authentication Team,Open
Sherry Garner,brooksrichard@example.org,Free,Canada,Website,CRM Suite,TKT-2A135869B5,Unable to update profile,"I have been trying to access my account since last week using Microsoft Edge on my iPhone running iOS 18. The system displays 'Profile update failed'. I already used another device, but the issue still persists. My profile is incomplete. Please resolve this issue.",Account,Low,Neutral,Account Support Team,Open
Keith Lawrence,jessicawhite@example.com,Enterprise,USA,Mobile App,API Platform,TKT-CFF6563CFD,Unable to reset password,"I have been trying to access my account since today using Mozilla Firefox on my Linux desktop running Android 15. The system displays 'OTP expired'. I already used another device, but the issue still persists. My work is delayed. Looking forward to your assistance.",Password Reset,Medium,Neutral,Authentication Team,Open
Patricia Grimes,sotorebecca@example.org,Basic,Australia,Email,Web Dashboard,TKT-943274F755,Unable to login,"I have been trying to access my account since yesterday using Safari on my Android phone running Ubuntu 24.04. The system displays 'Session expired'. I already reinstalled the application, but the issue still persists. Customers are waiting for a response. Kindly resolve this as soon as possible.",Login,High,Negative,Authentication Team,Open
Thomas Nielsen,sellersedward@example.net,Enterprise,Japan,Chat,CRM Suite,TKT-74FA020517,Unable to access dashboard,"I have been trying to access my account since yesterday using Mozilla Firefox on my Android phone running Windows 10. The system displays 'Access denied'. I already disabled VPN, but the issue still persists. This issue is impacting productivity. Please investigate this issue.",Login,High,Negative,Authentication Team,Open
Erin Martin,johncopeland@example.org,Free,India,Mobile App,API Platform,TKT-FB4C027D36,Cannot sign in,"I have been trying to access my account since for the last two days using Mozilla Firefox on my Android phone running Windows 10. The system displays 'Invalid credentials'. I already disabled VPN, but the issue still persists. My business operations are affected. Looking forward to your assistance.",Login,High,Negative,Authentication Team,Open
Jason Villanueva,larry55@example.net,Premium,Australia,Website,Web Dashboard,TKT-F6DFEBCE92,Unable to access dashboard,"I have been trying to access my account since for the last two days using Microsoft Edge on my iPhone running iOS 18. The system displays 'Internal server error'. I already disabled VPN, but the issue still persists. My business operations are affected. Please provide a solution.",Login,High,Negative,Authentication Team,Open
Ann Cole,robertgates@example.com,Premium,United Kingdom,Website,Reporting Engine,TKT-58DB8BD89B,Account locked after multiple attempts,"I have been trying to access my account since yesterday using Safari on my Android phone running Windows 11. The system displays 'Unexpected server error'. I already restarted the application, but the issue still persists. My support team is blocked. Kindly resolve this as soon as possible.",Login,High,Negative,Authentication Team,Open
Jessica Johnson,jennifer06@example.com,Basic,Canada,Chat,Payment Gateway,TKT-F769D3C149,Login page not responding,"I have been trying to access my account since for the last two days using Safari on my MacBook Pro running Android 15. The system displays 'Session expired'. I already restarted the application, but the issue still persists. I cannot continue my work. Looking forward to your assistance.",Login,High,Negative,Authentication Team,Open
Jeffery Evans,annfuller@example.net,Basic,India,Phone,CRM Suite,TKT-8EE913A560,Login failed,"I have been trying to access my account since for the last two days using Safari on my iPad running iOS 18. The system displays 'Internal server error'. I already restarted the application, but the issue still persists. Customers are waiting for a response. Looking forward to your assistance.",Login,Medium,Negative,Authentication Team,Open
Jose Duran,hopkinsrose@example.net,Free,UAE,Chat,AI Analytics Platform,TKT-50C4E0EDD6,Account verification pending,"I have been trying to access my account since this morning using Mozilla Firefox on my Windows laptop running Ubuntu 24.04. The system displays 'Permission denied'. I already updated my browser, but the issue still persists. My team cannot use account features. Please resolve this issue.",Account,Low,Neutral,Account Support Team,Open
Jack Clark PhD,nicholas41@example.net,Basic,Brazil,Phone,Cloud Storage,TKT-BA1C0EACAE,Account locked after multiple attempts,"I have been trying to access my account since yesterday using Google Chrome on my Windows laptop running Ubuntu 24.04. The system displays 'Connection timeout'. I already disabled VPN, but the issue still persists. I cannot continue my work. Kindly resolve this as soon as possible.",Login,Medium,Negative,Authentication Team,Open
Robert Monroe,elizabethconrad@example.net,Premium,UAE,Phone,Web Dashboard,TKT-78659DB993,Password reset loop,"I have been trying to access my account since today using Microsoft Edge on my Linux desktop running Windows 11. The system displays 'Email not recognized'. I already requested another reset email, but the issue still persists. My work is delayed. Please provide a working reset link.",Password Reset,Low,Negative,Authentication Team,Open
Aaron Marks,nicole72@example.net,Premium,UAE,Chat,Reporting Engine,TKT-33AB564347,Account locked after multiple attempts,"I have been trying to access my account since last night using Mozilla Firefox on my iPad running Android 15. The system displays 'Session expired'. I already reinstalled the application, but the issue still persists. My support team is blocked. Please provide a solution.",Login,Medium,Negative,Authentication Team,Open
Tracy Stafford,john96@example.net,Premium,Japan,Website,Reporting Engine,TKT-B49C620324,Organization details incorrect,"I have been trying to access my account since today using Microsoft Edge on my iPhone running Ubuntu 24.04. The system displays 'Profile update failed'. I already logged out and logged back in, but the issue still persists. My team cannot use account features. Please resolve this issue.",Account,Medium,Neutral,Account Support Team,Open
Ashley Moreno,ricetheresa@example.net,Premium,Singapore,Chat,Cloud Storage,TKT-F719766D2E,Reset link expired,"I have been trying to access my account since for the last two days using Safari on my Windows laptop running Android 15. The system displays 'Invalid reset token'. I already used another device, but the issue still persists. My work is delayed. Looking forward to your assistance.",Password Reset,Medium,Neutral,Authentication Team,Open
Christy Kim,smithjustin@example.org,Premium,UAE,Website,Web Dashboard,TKT-11167CAA20,Unable to login,"I have been trying to access my account since this morning using Microsoft Edge on my Linux desktop running Ubuntu 24.04. The system displays 'Invalid credentials'. I already tried another browser, but the issue still persists. I cannot continue my work. Looking forward to your assistance.",Login,Medium,Negative,Authentication Team,Open
Craig Snyder,awells@example.com,Basic,Japan,Mobile App,AI Analytics Platform,TKT-E99CC93697,Account verification pending,"I have been trying to access my account since yesterday using Microsoft Edge on my iPhone running macOS Sonoma. The system displays 'Permission denied'. I already updated my browser, but the issue still persists. Business information is incorrect. Kindly verify my account.",Account,Low,Negative,Account Support Team,Open
Dr. Jorge Villa,margaret40@example.net,Premium,UAE,Chat,AI Analytics Platform,TKT-2B49B78655,Two-factor authentication failed,"I have been trying to access my account since this morning using Google Chrome on my MacBook Pro running macOS Sonoma. The system displays 'Connection timeout'. I already used another device, but the issue still persists. This issue is impacting productivity. Please investigate this issue.",Login,High,Negative,Authentication Team,Open
Sherry Parker,janice49@example.org,Enterprise,India,Website,CRM Suite,TKT-53E1F375FA,Two-factor authentication failed,"I have been trying to access my account since yesterday using Google Chrome on my iPhone running iOS 18. The system displays 'Internal server error'. I already reinstalled the application, but the issue still persists. I cannot continue my work. Looking forward to your assistance.",Login,High,Negative,Authentication Team,Open
Jose Ramirez,timothyroth@example.org,Free,Brazil,Phone,Web Dashboard,TKT-B07C04570A,Unable to verify account,"I have been trying to access my account since last week using Safari on my MacBook Pro running Windows 11. The system displays 'Permission denied'. I already logged out and logged back in, but the issue still persists. My profile is incomplete. Please resolve this issue.",Account,Low,Negative,Account Support Team,Open
Paula Moore,brittanyadams@example.net,Enterprise,United Kingdom,Phone,Reporting Engine,TKT-E1A9B9AD02,Unable to verify account,"I have been trying to access my account since today using Mozilla Firefox on my Linux desktop running Ubuntu 24.04. The system displays 'Verification failed'. I already cleared browser cache, but the issue still persists. Business information is incorrect. Please resolve this issue.",Account,Medium,Negative,Account Support Team,Open
Donald Young,ann02@example.org,Premium,USA,Mobile App,Web Dashboard,TKT-A0235A0A2E,Login page not responding,"I have been trying to access my account since for the last two days using Mozilla Firefox on my iPhone running Windows 11. The system displays 'Authentication failed'. I already disabled VPN, but the issue still persists. This issue is impacting productivity. Please provide a solution.",Login,High,Negative,Authentication Team,Open
Joseph Johnson,jason95@example.com,Free,UAE,Website,Mobile Application,TKT-66E899D34C,Authentication error,"I have been trying to access my account since last night using Mozilla Firefox on my iPad running Android 15. The system displays 'Authentication failed'. I already cleared browser cache, but the issue still persists. My support team is blocked. Please provide a solution.",Login,Medium,Negative,Authentication Team,Open
Gregory Morgan,barnettbobby@example.org,Premium,Australia,Chat,AI Analytics Platform,TKT-B9B06CBB69,Unable to login,"I have been trying to access my account since last night using Google Chrome on my Android phone running Windows 10. The system displays 'Unexpected server error'. I already restarted the application, but the issue still persists. Customers are waiting for a response. Please provide a solution.",Login,Medium,Negative,Authentication Team,Open
Barbara Woods,rharmon@example.net,Premium,Brazil,Email,CRM Suite,TKT-C27634208E,Profile information incorrect,"I have been trying to access my account since today using Microsoft Edge on my Windows laptop running Android 15. The system displays 'Profile update failed'. I already updated my browser, but the issue still persists. My team cannot use account features. Please update my account.",Account,Low,Neutral,Account Support Team,Open
Mariah Dominguez,aarongonzales@example.net,Enterprise,India,Email,Cloud Storage,TKT-604D358407,Password reset page not working,"I have been trying to access my account since today using Mozilla Firefox on my Android phone running macOS Sonoma. The system displays 'OTP expired'. I already used another device, but the issue still persists. I cannot continue using the platform. Please provide a working reset link.",Password Reset,Medium,Negative,Authentication Team,Open
Jill Young,michael06@example.org,Basic,India,Phone,Mobile Application,TKT-6D0FF3667E,Login stuck on loading screen,"I have been trying to access my account since today using Safari on my Android phone running Windows 11. The system displays 'Access denied'. I already used another device, but the issue still persists. My support team is blocked. Looking forward to your assistance.",Login,High,Negative,Authentication Team,Open
Matthew Cox,john20@example.org,Free,UAE,Website,Mobile Application,TKT-C60413AEAC,Password reset loop,"I have been trying to access my account since today using Microsoft Edge on my iPhone running Ubuntu 24.04. The system displays 'Unexpected server error'. I already used another device, but the issue still persists. My work is delayed. Please help me reset my password.",Password Reset,Low,Negative,Authentication Team,Open
Ashley Moore,dmiller@example.com,Free,Brazil,Email,Reporting Engine,TKT-440FF8F0CF,Unable to reset password,"I have been trying to access my account since yesterday using Google Chrome on my Linux desktop running Windows 10. The system displays 'OTP expired'. I already cleared browser cache, but the issue still persists. I cannot access my account. Please help me reset my password.",Password Reset,Medium,Negative,Authentication Team,Open
Mr. Christopher Cooper,chadford@example.org,Basic,Singapore,Mobile App,Mobile Application,TKT-E12500FE0B,Login page not responding,"I have been trying to access my account since this morning using Safari on my Linux desktop running Windows 11. The system displays 'Connection timeout'. I already cleared browser cache, but the issue still persists. I cannot continue my work. Looking forward to your assistance.",Login,High,Negative,Authentication Team,Open
Cynthia Mitchell,schneiderdaniel@example.net,Free,USA,Chat,CRM Suite,TKT-0270F78162,Unable to reset password,"I have been trying to access my account since this morning using Google Chrome on my MacBook Pro running Windows 11. The system displays 'Reset token expired'. I already tried another browser, but the issue still persists. I cannot access my account. Looking forward to your assistance.",Password Reset,Medium,Neutral,Authentication Team,Open
Jonathan Barnett,glen35@example.org,Premium,Australia,Website,AI Analytics Platform,TKT-5CF2F9BE10,Password reset email not received,"I have been trying to access my account since for the last two days using Safari on my Android phone running Android 15. The system displays 'Unexpected server error'. I already cleared browser cache, but the issue still persists. I cannot continue using the platform. Please provide a working reset link.",Password Reset,Low,Neutral,Authentication Team,Open
William Bowers,nadkins@example.net,Basic,UAE,Website,CRM Suite,TKT-EABCD1F2CE,Phone number update failed,"I have been trying to access my account since last week using Mozilla Firefox on my Windows laptop running iOS 18. The system displays 'Unexpected server error'. I already cleared browser cache, but the issue still persists. My profile is incomplete. Kindly verify my account.",Account,Medium,Negative,Account Support Team,Open
Ralph White,anita51@example.org,Free,Canada,Chat,Payment Gateway,TKT-AC417A01F9,Change registered email,"I have been trying to access my account since last week using Microsoft Edge on my Android phone running iOS 18. The system displays 'Validation failed'. I already cleared browser cache, but the issue still persists. My team cannot use account features. Kindly verify my account.",Account,Low,Neutral,Account Support Team,Open
Gregory Cook,phamcheryl@example.net,Basic,Australia,Phone,Web Dashboard,TKT-E1B5610870,Temporary password not working,"I have been trying to access my account since for the last two days using Microsoft Edge on my Windows laptop running Windows 10. The system displays 'Invalid reset token'. I already used another device, but the issue still persists. I cannot access my account. Please provide a working reset link.",Password Reset,Medium,Neutral,Authentication Team,Open
Charlotte Page,jason73@example.net,Basic,United Kingdom,Mobile App,Web Dashboard,TKT-BD410F665F,Change registered email,"I have been trying to access my account since yesterday using Safari on my Android phone running iOS 18. The system displays 'Profile update failed'. I already cleared browser cache, but the issue still persists. Business information is incorrect. Kindly verify my account.",Account,Low,Neutral,Account Support Team,Open
Anna Moore,kevin56@example.com,Basic,USA,Email,Payment Gateway,TKT-D549747668,Cannot sign in,"I have been trying to access my account since yesterday using Microsoft Edge on my Linux desktop running macOS Sonoma. The system displays 'Unexpected server error'. I already cleared browser cache, but the issue still persists. My business operations are affected. Please investigate this issue.",Login,Medium,Negative,Authentication Team,Open
Brandon Wheeler,nstevens@example.com,Basic,Singapore,Website,CRM Suite,TKT-784FF63F8E,Password change failed,"I have been trying to access my account since today using Mozilla Firefox on my Linux desktop running Windows 10. The system displays 'Invalid reset token'. I already tried another browser, but the issue still persists. My work is delayed. Looking forward to your assistance.",Password Reset,Low,Negative,Authentication Team,Open
Joseph Rojas,arnoldolivia@example.com,Basic,Canada,Chat,Web Dashboard,TKT-4AFC201C2B,Account settings not saving,"I have been trying to access my account since last week using Google Chrome on my Android phone running Windows 10. The system displays 'Profile update failed'. I already updated my browser, but the issue still persists. My team cannot use account features. Please resolve this issue.",Account,Low,Neutral,Account Support Team,Open
Kenneth Montgomery,nicole02@example.net,Basic,Canada,Phone,Mobile Application,TKT-C7B36F5E8B,Unexpected logout after login,"I have been trying to access my account since last night using Google Chrome on my Linux desktop running Windows 11. The system displays 'Authentication failed'. I already reset my password, but the issue still persists. My business operations are affected. Please provide a solution.",Login,Medium,Negative,Authentication Team,Open
Anna Stokes,whitethomas@example.net,Premium,Canada,Phone,Cloud Storage,TKT-2122374E4F,Unable to reset password,"I have been trying to access my account since yesterday using Mozilla Firefox on my iPhone running Ubuntu 24.04. The system displays 'Email not recognized'. I already checked my spam folder, but the issue still persists. I cannot continue using the platform. Kindly investigate this issue.",Password Reset,Medium,Neutral,Authentication Team,Open
Brandi Thomas,allenkayla@example.net,Free,Canada,Chat,CRM Suite,TKT-309E071916,Password reset page not working,"I have been trying to access my account since yesterday using Google Chrome on my iPad running Windows 11. The system displays 'Email not recognized'. I already cleared browser cache, but the issue still persists. My work is delayed. Looking forward to your assistance.",Password Reset,Medium,Neutral,Authentication Team,Open
Stephen Sullivan,fgarcia@example.net,Free,Germany,Mobile App,AI Analytics Platform,TKT-E76067E368,Unable to verify account,"I have been trying to access my account since last week using Mozilla Firefox on my Android phone running Android 15. The system displays 'Verification failed'. I already updated my browser, but the issue still persists. My profile is incomplete. Kindly verify my account.",Account,Low,Neutral,Account Support Team,Open
Dr. Matthew Evans,holderandrew@example.org,Basic,United Kingdom,Chat,API Platform,TKT-2A15194475,Password reset page not working,"I have been trying to access my account since this morning using Safari on my Android phone running iOS 18. The system displays 'Reset token expired'. I already cleared browser cache, but the issue still persists. I cannot access my account. Please provide a working reset link.",Password Reset,Medium,Neutral,Authentication Team,Open
Brenda Jones,fjohnson@example.com,Enterprise,Germany,Email,AI Analytics Platform,TKT-F7A0BBDC52,Password reset page not working,"I have been trying to access my account since today using Safari on my Linux desktop running Android 15. The system displays 'Reset token expired'. I already tried another browser, but the issue still persists. My work is delayed. Please provide a working reset link.",Password Reset,Low,Negative,Authentication Team,Open
William Williams,ryanwhite@example.net,Enterprise,Canada,Website,API Platform,TKT-C1A6ED0CC1,Authentication error,"I have been trying to access my account since last night using Mozilla Firefox on my iPhone running Ubuntu 24.04. The system displays 'Unexpected server error'. I already disabled VPN, but the issue still persists. I cannot continue my work. Kindly resolve this as soon as possible.",Login,Medium,Negative,Authentication Team,Open
Erin Wallace,hbrewer@example.net,Free,India,Mobile App,Cloud Storage,TKT-BD0FB0BAFA,Account settings not saving,"I have been trying to access my account since today using Safari on my Windows laptop running Android 15. The system displays 'Validation failed'. I already logged out and logged back in, but the issue still persists. My profile is incomplete. Please resolve this issue.",Account,Low,Neutral,Account Support Team,Open
Jeremy Lane,moralesjasmine@example.org,Enterprise,Germany,Chat,Web Dashboard,TKT-D602FD8441,Unexpected logout after login,"I have been trying to access my account since for the last two days using Google Chrome on my iPhone running Ubuntu 24.04. The system displays 'Connection timeout'. I already tried another browser, but the issue still persists. My business operations are affected. Kindly resolve this as soon as possible.",Login,Medium,Negative,Authentication Team,Open
Vanessa Williams,cstewart@example.net,Basic,Brazil,Email,Reporting Engine,TKT-4C67483B70,Unexpected logout after login,"I have been trying to access my account since this morning using Safari on my iPhone running Ubuntu 24.04. The system displays 'Authentication failed'. I already reset my password, but the issue still persists. My support team is blocked. Please provide a solution.",Login,High,Negative,Authentication Team,Open
Andrew Richardson,hernandezbrett@example.net,Enterprise,Canada,Email,AI Analytics Platform,TKT-50B2D98BC6,Organization details incorrect,"I have been trying to access my account since yesterday using Mozilla Firefox on my Linux desktop running iOS 18. The system displays 'Unexpected server error'. I already cleared browser cache, but the issue still persists. Business information is incorrect. Please resolve this issue.",Account,Low,Neutral,Account Support Team,Open
Jason Osborne,thomasrose@example.com,Free,United Kingdom,Chat,Mobile Application,TKT-11520413F7,Reset code invalid,"I have been trying to access my account since last night using Mozilla Firefox on my iPad running Windows 10. The system displays 'Unexpected server error'. I already requested another reset email, but the issue still persists. I cannot continue using the platform. Please provide a working reset link.",Password Reset,Medium,Negative,Authentication Team,Open
Frances Fisher,danielcastillo@example.net,Basic,Brazil,Email,API Platform,TKT-6A0C29422B,Login page not responding,"I have been trying to access my account since for the past week using Microsoft Edge on my iPhone running macOS Sonoma. The system displays 'Connection timeout'. I already reinstalled the application, but the issue still persists. My business operations are affected. Kindly resolve this as soon as possible.",Login,Medium,Negative,Authentication Team,Open
Hayley Jackson,harrelldaniel@example.com,Basic,United Kingdom,Website,AI Analytics Platform,TKT-D06A39BA2A,Unable to update profile,"I have been trying to access my account since today using Google Chrome on my Linux desktop running Android 15. The system displays 'Verification failed'. I already cleared browser cache, but the issue still persists. My team cannot use account features. Please update my account.",Account,Medium,Neutral,Account Support Team,Open
Kimberly Flores,egarrett@example.org,Enterprise,USA,Email,Reporting Engine,TKT-86F967675E,Account verification pending,"I have been trying to access my account since today using Safari on my Linux desktop running iOS 18. The system displays 'Unexpected server error'. I already logged out and logged back in, but the issue still persists. My profile is incomplete. Please update my account.",Account,Low,Neutral,Account Support Team,Open
Erin Smith,matthew95@example.org,Enterprise,Japan,Chat,API Platform,TKT-10F99EA8DD,Login stuck on loading screen,"I have been trying to access my account since for the past week using Mozilla Firefox on my MacBook Pro running Windows 10. The system displays 'Internal server error'. I already reset my password, but the issue still persists. My support team is blocked. Looking forward to your assistance.",Login,Medium,Negative,Authentication Team,Open
Terry Ford,stevensondenise@example.org,Enterprise,Germany,Mobile App,Web Dashboard,TKT-CF188F4ADD,Authentication error,"I have been trying to access my account since yesterday using Google Chrome on my Linux desktop running macOS Sonoma. The system displays 'Session expired'. I already disabled VPN, but the issue still persists. This issue is impacting productivity. Please provide a solution.",Login,High,Negative,Authentication Team,Open
Robert Jenkins,clee@example.net,Free,Japan,Chat,Reporting Engine,TKT-7A0734ADE2,Unable to update profile,"I have been trying to access my account since yesterday using Google Chrome on my Windows laptop running Ubuntu 24.04. The system displays 'Permission denied'. I already cleared browser cache, but the issue still persists. Business information is incorrect. Please resolve this issue.",Account,Low,Neutral,Account Support Team,Open
Megan Williams,dawnpowers@example.com,Premium,Singapore,Mobile App,Cloud Storage,TKT-86B729F543,Account settings not saving,"I have been trying to access my account since last week using Safari on my Windows laptop running iOS 18. The system displays 'Verification failed'. I already used another device, but the issue still persists. Business information is incorrect. Please update my account.",Account,Low,Neutral,Account Support Team,Open
Shannon Cummings,ryangalloway@example.com,Enterprise,Brazil,Phone,Reporting Engine,TKT-F4AC71D853,Password change failed,"I have been trying to access my account since last night using Microsoft Edge on my Android phone running Windows 10. The system displays 'Email not recognized'. I already checked my spam folder, but the issue still persists. My work is delayed. Please help me reset my password.",Password Reset,Medium,Neutral,Authentication Team,Open
Mary Lee,yvonnequinn@example.net,Basic,India,Phone,AI Analytics Platform,TKT-8B187A144A,Cannot create new password,"I have been trying to access my account since today using Microsoft Edge on my iPhone running Android 15. The system displays 'Unexpected server error'. I already checked my spam folder, but the issue still persists. My team cannot access shared resources. Please help me reset my password.",Password Reset,Medium,Negative,Authentication Team,Open
Louis Wilson,adamsvalerie@example.com,Enterprise,Australia,Email,Payment Gateway,TKT-CFE1730416,Account locked,"I have been trying to access my account since last week using Mozilla Firefox on my iPhone running Windows 11. The system displays 'Profile update failed'. I already cleared browser cache, but the issue still persists. My profile is incomplete. Kindly verify my account.",Account,Low,Neutral,Account Support Team,Open
William Brown,amy75@example.net,Enterprise,Canada,Chat,Web Dashboard,TKT-A33C875D17,Unable to update profile,"I have been trying to access my account since last week using Safari on my Windows laptop running macOS Sonoma. The system displays 'Unexpected server error'. I already used another device, but the issue still persists. Business information is incorrect. Kindly verify my account.",Account,Medium,Negative,Account Support Team,Open
Mackenzie Rivera,johnlee@example.org,Premium,Germany,Website,Mobile Application,TKT-46FB14C258,Account verification pending,"I have been trying to access my account since today using Safari on my MacBook Pro running Ubuntu 24.04. The system displays 'Profile update failed'. I already used another device, but the issue still persists. My profile is incomplete. Please update my account.",Account,Low,Neutral,Account Support Team,Open
Joel Warren,rmorgan@example.org,Free,India,Chat,Payment Gateway,TKT-EF33F0839E,Reset code invalid,"I have been trying to access my account since last night using Microsoft Edge on my Android phone running Windows 11. The system displays 'Reset token expired'. I already checked my spam folder, but the issue still persists. My work is delayed. Please help me reset my password.",Password Reset,Medium,Negative,Authentication Team,Open
Alexander Evans,walkergregory@example.com,Free,Germany,Phone,Reporting Engine,TKT-1BF3D929F4,Account locked after multiple attempts,"I have been trying to access my account since for the last two days using Microsoft Edge on my Android phone running Ubuntu 24.04. The system displays 'Access denied'. I already reset my password, but the issue still persists. Customers are waiting for a response. Please provide a solution.",Login,High,Negative,Authentication Team,Open
Richard Burke,patrickmorgan@example.net,Enterprise,Japan,Website,Reporting Engine,TKT-78847D9ADC,Cannot create new password,"I have been trying to access my account since for the last two days using Mozilla Firefox on my Android phone running Ubuntu 24.04. The system displays 'Reset token expired'. I already requested another reset email, but the issue still persists. My work is delayed. Looking forward to your assistance.",Password Reset,Low,Negative,Authentication Team,Open
Brandi Brown,dwagner@example.com,Basic,Brazil,Mobile App,Web Dashboard,TKT-5BD465929A,Authentication error,"I have been trying to access my account since yesterday using Mozilla Firefox on my Android phone running macOS Sonoma. The system displays 'Access denied'. I already cleared browser cache, but the issue still persists. My support team is blocked. Please provide a solution.",Login,High,Negative,Authentication Team,Open
Terrance Beck,andreataylor@example.net,Free,Germany,Email,Mobile Application,TKT-7BEBE56B89,Reset code invalid,"I have been trying to access my account since yesterday using Microsoft Edge on my Windows laptop running Windows 11. The system displays 'Email not recognized'. I already checked my spam folder, but the issue still persists. My work is delayed. Please provide a working reset link.",Password Reset,Medium,Negative,Authentication Team,Open
Michelle Meyer,joneskevin@example.com,Enterprise,India,Phone,Cloud Storage,TKT-9ED539C360,Unable to reset password,"I have been trying to access my account since today using Google Chrome on my Windows laptop running Windows 10. The system displays 'Verification failed'. I already checked my spam folder, but the issue still persists. I cannot access my account. Please help me reset my password.",Password Reset,Low,Negative,Authentication Team,Open
Kelly Stewart,whitemarcus@example.com,Basic,USA,Mobile App,Cloud Storage,TKT-1EBEE76980,Unable to update profile,"I have been trying to access my account since last week using Google Chrome on my Android phone running iOS 18. The system displays 'Unexpected server error'. I already used another device, but the issue still persists. Business information is incorrect. Please update my account.",Account,Medium,Neutral,Account Support Team,Open
Tami Scott,amiller@example.org,Enterprise,Singapore,Chat,CRM Suite,TKT-6A2976B558,Change registered email,"I have been trying to access my account since this morning using Microsoft Edge on my MacBook Pro running Ubuntu 24.04. The system displays 'Unexpected server error'. I already used another device, but the issue still persists. My profile is incomplete. Please update my account.",Account,Low,Neutral,Account Support Team,Open
Jamie Woodard,ruizalicia@example.org,Enterprise,Canada,Mobile App,Payment Gateway,TKT-35AC66ACE0,Password reset loop,"I have been trying to access my account since yesterday using Google Chrome on my iPad running Windows 10. The system displays 'Unexpected server error'. I already used another device, but the issue still persists. I cannot continue using the platform. Kindly investigate this issue.",Password Reset,Low,Neutral,Authentication Team,Open
Kristen Cook,umartin@example.net,Premium,Germany,Email,CRM Suite,TKT-05F6B1EAAA,Password reset email not received,"I have been trying to access my account since last night using Mozilla Firefox on my Linux desktop running Android 15. The system displays 'OTP expired'. I already requested another reset email, but the issue still persists. I cannot continue using the platform. Please provide a working reset link.",Password Reset,Low,Negative,Authentication Team,Open
Mrs. Renee Walker,delgadotammy@example.net,Premium,Singapore,Chat,CRM Suite,TKT-59C8B2F33F,Reset link expired,"I have been trying to access my account since today using Safari on my MacBook Pro running Windows 10. The system displays 'Verification failed'. I already tried another browser, but the issue still persists. My team cannot access shared resources. Kindly investigate this issue.",Password Reset,Medium,Negative,Authentication Team,Open
Michael Morrison,dustinjones@example.com,Basic,Australia,Phone,AI Analytics Platform,TKT-E363C04015,Account verification pending,"I have been trying to access my account since yesterday using Safari on my Android phone running iOS 18. The system displays 'Permission denied'. I already cleared browser cache, but the issue still persists. My profile is incomplete. Please update my account.",Account,Low,Negative,Account Support Team,Open
Barbara Johnson,bmiller@example.net,Free,UAE,Website,Mobile Application,TKT-8EC34C5201,Login failed,"I have been trying to access my account since yesterday using Mozilla Firefox on my Linux desktop running iOS 18. The system displays 'Connection timeout'. I already restarted the application, but the issue still persists. My support team is blocked. Kindly resolve this as soon as possible.",Login,Medium,Negative,Authentication Team,Open
Kelly Logan,williamjones@example.net,Enterprise,Australia,Mobile App,API Platform,TKT-30032252B5,Login stuck on loading screen,"I have been trying to access my account since last night using Microsoft Edge on my Windows laptop running iOS 18. The system displays 'Session expired'. I already tried another browser, but the issue still persists. My support team is blocked. Looking forward to your assistance.",Login,Medium,Negative,Authentication Team,Open
Aaron Lee,austinalexandra@example.com,Basic,USA,Website,AI Analytics Platform,TKT-5EFF7EB90B,Business profile issue,"I have been trying to access my account since yesterday using Microsoft Edge on my Linux desktop running iOS 18. The system displays 'Permission denied'. I already used another device, but the issue still persists. My profile is incomplete. Please resolve this issue.",Account,Low,Negative,Account Support Team,Open
Elizabeth Villa,gary24@example.org,Premium,Brazil,Phone,CRM Suite,TKT-D67B851281,Unable to verify account,"I have been trying to access my account since last week using Microsoft Edge on my Linux desktop running Windows 11. The system displays 'Verification failed'. I already used another device, but the issue still persists. My profile is incomplete. Please resolve this issue.",Account,Medium,Negative,Account Support Team,Open
Cynthia Rollins,kelly24@example.net,Free,Singapore,Website,CRM Suite,TKT-C18C023C13,Business profile issue,"I have been trying to access my account since last week using Microsoft Edge on my Windows laptop running iOS 18. The system displays 'Verification failed'. I already updated my browser, but the issue still persists. Business information is incorrect. Please resolve this issue.",Account,Medium,Negative,Account Support Team,Open
Mark Flynn,cmoreno@example.org,Basic,Brazil,Website,API Platform,TKT-17731DDE7B,Password reset email not received,"I have been trying to access my account since for the last two days using Safari on my Linux desktop running Windows 11. The system displays 'Unexpected server error'. I already tried another browser, but the issue still persists. My team cannot access shared resources. Please help me reset my password.",Password Reset,Medium,Negative,Authentication Team,Open
Ronald Taylor,smelendez@example.org,Free,UAE,Website,Reporting Engine,TKT-93F5634A9B,Unable to reset password,"I have been trying to access my account since today using Google Chrome on my Windows laptop running macOS Sonoma. The system displays 'Verification failed'. I already tried another browser, but the issue still persists. I cannot access my account. Looking forward to your assistance.",Password Reset,Low,Neutral,Authentication Team,Open
Anthony Lewis,bradley52@example.com,Free,Singapore,Mobile App,Reporting Engine,TKT-CB2F1D479B,Reset link expired,"I have been trying to access my account since this morning using Safari on my MacBook Pro running macOS Sonoma. The system displays 'Reset token expired'. I already cleared browser cache, but the issue still persists. My work is delayed. Kindly investigate this issue.",Password Reset,Low,Neutral,Authentication Team,Open
Amy Murray,abbottmichael@example.org,Free,India,Website,Web Dashboard,TKT-5A00BA05B8,Cannot create new password,"I have been trying to access my account since this morning using Google Chrome on my Linux desktop running Windows 11. The system displays 'Verification failed'. I already cleared browser cache, but the issue still persists. My work is delayed. Please provide a working reset link.",Password Reset,Low,Negative,Authentication Team,Open
Cody Harvey,tracy78@example.net,Free,Germany,Website,API Platform,TKT-2E060E786B,Login stuck on loading screen,"I have been trying to access my account since yesterday using Safari on my iPhone running Windows 11. The system displays 'Unexpected server error'. I already cleared browser cache, but the issue still persists. This issue is impacting productivity. Please provide a solution.",Login,Medium,Negative,Authentication Team,Open
Edward Hanna,greg65@example.com,Basic,Singapore,Website,CRM Suite,TKT-5DE0BB008D,Password change failed,"I have been trying to access my account since for the last two days using Mozilla Firefox on my Windows laptop running Windows 10. The system displays 'Verification failed'. I already cleared browser cache, but the issue still persists. My team cannot access shared resources. Please provide a working reset link.",Password Reset,Low,Negative,Authentication Team,Open
Vincent Mcgee,erik93@example.net,Premium,Canada,Email,Reporting Engine,TKT-2D24BEB5B0,Password reset page not working,"I have been trying to access my account since for the last two days using Mozilla Firefox on my Linux desktop running macOS Sonoma. The system displays 'Invalid reset token'. I already requested another reset email, but the issue still persists. My work is delayed. Looking forward to your assistance.",Password Reset,Low,Neutral,Authentication Team,Open
Michelle Jones,stephenpowell@example.org,Basic,Canada,Phone,Cloud Storage,TKT-4CBAF4C85B,Login stuck on loading screen,"I have been trying to access my account since last night using Microsoft Edge on my MacBook Pro running Windows 11. The system displays 'Authentication failed'. I already tried another browser, but the issue still persists. My business operations are affected. Kindly resolve this as soon as possible.",Login,Medium,Negative,Authentication Team,Open
Bianca Lewis,molly08@example.net,Premium,Canada,Mobile App,CRM Suite,TKT-8889FFB568,Account settings not saving,"I have been trying to access my account since this morning using Microsoft Edge on my MacBook Pro running Windows 11. The system displays 'Profile update failed'. I already logged out and logged back in, but the issue still persists. My profile is incomplete. Please resolve this issue.",Account,Medium,Negative,Account Support Team,Open
Crystal Kirk,bentonalyssa@example.com,Basic,USA,Chat,Reporting Engine,TKT-AAC1B60268,Unable to login,"I have been trying to access my account since last night using Microsoft Edge on my Android phone running macOS Sonoma. The system displays 'Session expired'. I already disabled VPN, but the issue still persists. My support team is blocked. Kindly resolve this as soon as possible.",Login,High,Negative,Authentication Team,Open
Nathan Hood,morrissharon@example.org,Basic,Brazil,Chat,CRM Suite,TKT-320A1F1CB4,Unable to login,"I have been trying to access my account since this morning using Safari on my iPad running Windows 10. The system displays 'Invalid credentials'. I already disabled VPN, but the issue still persists. My support team is blocked. Please investigate this issue.",Login,High,Negative,Authentication Team,Open
Jessica Mccormick MD,boothdavid@example.org,Premium,Brazil,Email,AI Analytics Platform,TKT-508D754910,Account locked after multiple attempts,"I have been trying to access my account since yesterday using Safari on my Windows laptop running Windows 11. The system displays 'Access denied'. I already tried another browser, but the issue still persists. This issue is impacting productivity. Kindly resolve this as soon as possible.",Login,Medium,Negative,Authentication Team,Open
Elizabeth Brooks,hwall@example.org,Premium,Canada,Phone,Mobile Application,TKT-D21B772AE4,Change registered email,"I have been trying to access my account since last week using Google Chrome on my iPhone running Windows 11. The system displays 'Unexpected server error'. I already logged out and logged back in, but the issue still persists. Business information is incorrect. Please resolve this issue.",Account,Medium,Neutral,Account Support Team,Open
Chad Gill,ericvillarreal@example.net,Free,United Kingdom,Chat,Web Dashboard,TKT-324F02EEDC,Login failed,"I have been trying to access my account since yesterday using Mozilla Firefox on my iPhone running iOS 18. The system displays 'Authentication failed'. I already reset my password, but the issue still persists. My business operations are affected. Please provide a solution.",Login,Medium,Negative,Authentication Team,Open
Jessica Davis,gmyers@example.net,Basic,Australia,Chat,Mobile Application,TKT-EF47510216,Login page not responding,"I have been trying to access my account since yesterday using Mozilla Firefox on my Windows laptop running iOS 18. The system displays 'Session expired'. I already tried another browser, but the issue still persists. This issue is impacting productivity. Please provide a solution.",Login,High,Negative,Authentication Team,Open
Heather Kelly,jessicareynolds@example.net,Free,UAE,Chat,API Platform,TKT-6AAC743E8F,Unable to access dashboard,"I have been trying to access my account since today using Mozilla Firefox on my Windows laptop running Ubuntu 24.04. The system displays 'Invalid credentials'. I already reset my password, but the issue still persists. My support team is blocked. Please provide a solution.",Login,Medium,Negative,Authentication Team,Open
Rodney Hill,michaelmontgomery@example.org,Enterprise,USA,Email,CRM Suite,TKT-6BE5E2A1B9,Password reset page not working,"I have been trying to access my account since for the last two days using Google Chrome on my iPhone running Ubuntu 24.04. The system displays 'Reset token expired'. I already tried another browser, but the issue still persists. I cannot access my account. Kindly investigate this issue.",Password Reset,Medium,Neutral,Authentication Team,Open
Sonya Thomas,alexandercarrie@example.org,Premium,UAE,Chat,CRM Suite,TKT-987775296F,Password reset email not received,"I have been trying to access my account since for the last two days using Microsoft Edge on my Windows laptop running Android 15. The system displays 'Reset token expired'. I already cleared browser cache, but the issue still persists. I cannot continue using the platform. Kindly investigate this issue.",Password Reset,Medium,Negative,Authentication Team,Open
Amanda Arroyo,smithalexandria@example.org,Enterprise,UAE,Phone,Web Dashboard,TKT-2EA43325DA,Forgot password issue,"I have been trying to access my account since last night using Safari on my iPhone running Windows 11. The system displays 'Unexpected server error'. I already cleared browser cache, but the issue still persists. My work is delayed. Looking forward to your assistance.",Password Reset,Low,Negative,Authentication Team,Open
Crystal Hodge,mason28@example.net,Enterprise,Australia,Email,Cloud Storage,TKT-BF4E5C0EB2,Reset code invalid,"I have been trying to access my account since last night using Google Chrome on my iPad running macOS Sonoma. The system displays 'Unexpected server error'. I already used another device, but the issue still persists. My work is delayed. Please provide a working reset link.",Password Reset,Low,Negative,Authentication Team,Open
Steven Rodriguez,brendamccarthy@example.org,Enterprise,UAE,Email,Cloud Storage,TKT-6D928EB961,Unable to access dashboard,"I have been trying to access my account since today using Mozilla Firefox on my Android phone running iOS 18. The system displays 'Invalid credentials'. I already reinstalled the application, but the issue still persists. I cannot continue my work. Please investigate this issue.",Login,High,Negative,Authentication Team,Open
Laura Burke,deckersteven@example.com,Premium,Canada,Chat,Cloud Storage,TKT-E62A061BF5,Reset code invalid,"I have been trying to access my account since this morning using Microsoft Edge on my iPad running Android 15. The system displays 'Reset token expired'. I already requested another reset email, but the issue still persists. I cannot continue using the platform. Please provide a working reset link.",Password Reset,Low,Negative,Authentication Team,Open
Amanda Sanders,doylekeith@example.org,Free,Germany,Email,API Platform,TKT-7A4966D3ED,Password reset page not working,"I have been trying to access my account since this morning using Safari on my MacBook Pro running Ubuntu 24.04. The system displays 'OTP expired'. I already requested another reset email, but the issue still persists. I cannot continue using the platform. Please provide a working reset link.",Password Reset,Medium,Negative,Authentication Team,Open
Michael Flores,marksmark@example.com,Basic,United Kingdom,Email,Mobile Application,TKT-6A41CDE684,Password reset loop,"I have been trying to access my account since today using Microsoft Edge on my Android phone running Android 15. The system displays 'Verification failed'. I already checked my spam folder, but the issue still persists. My team cannot access shared resources. Kindly investigate this issue.",Password Reset,Low,Negative,Authentication Team,Open
Sherry Espinoza,darren53@example.com,Free,Australia,Website,Mobile Application,TKT-2D6F212DCE,Phone number update failed,"I have been trying to access my account since yesterday using Mozilla Firefox on my Linux desktop running Windows 10. The system displays 'Validation failed'. I already used another device, but the issue still persists. My profile is incomplete. Please update my account.",Account,Medium,Neutral,Account Support Team,Open
Tammy Jones,xpatrick@example.com,Enterprise,USA,Phone,Web Dashboard,TKT-567E71A510,Unable to verify account,"I have been trying to access my account since today using Microsoft Edge on my MacBook Pro running macOS Sonoma. The system displays 'Validation failed'. I already updated my browser, but the issue still persists. My profile is incomplete. Kindly verify my account.",Account,Medium,Negative,Account Support Team,Open
Marc Hill,wlopez@example.net,Basic,USA,Mobile App,Cloud Storage,TKT-C9A602C392,Forgot password issue,"I have been trying to access my account since today using Microsoft Edge on my Linux desktop running macOS Sonoma. The system displays 'Reset token expired'. I already used another device, but the issue still persists. I cannot access my account. Please provide a working reset link.",Password Reset,Low,Negative,Authentication Team,Open
Isaiah Miller,kellyjennifer@example.org,Premium,Brazil,Mobile App,CRM Suite,TKT-95573089E7,Unable to update profile,"I have been trying to access my account since last week using Microsoft Edge on my iPhone running Ubuntu 24.04. The system displays 'Validation failed'. I already logged out and logged back in, but the issue still persists. My profile is incomplete. Kindly verify my account.",Account,Low,Neutral,Account Support Team,Open
Victoria Ford,hcampbell@example.com,Premium,UAE,Email,Web Dashboard,TKT-215A09C8BC,Reset link expired,"I have been trying to access my account since this morning using Google Chrome on my iPhone running iOS 18. The system displays 'OTP expired'. I already used another device, but the issue still persists. I cannot continue using the platform. Kindly investigate this issue.",Password Reset,Low,Neutral,Authentication Team,Open
Eric Stewart,xryan@example.net,Basic,India,Phone,Reporting Engine,TKT-78B5DCD479,Unable to reset password,"I have been trying to access my account since this morning using Microsoft Edge on my Linux desktop running Android 15. The system displays 'Reset token expired'. I already requested another reset email, but the issue still persists. My work is delayed. Please help me reset my password.",Password Reset,Low,Negative,Authentication Team,Open
Dorothy Graves,josephnelson@example.net,Enterprise,Singapore,Phone,Payment Gateway,TKT-137828C367,Business profile issue,"I have been trying to access my account since this morning using Microsoft Edge on my iPhone running iOS 18. The system displays 'Verification failed'. I already cleared browser cache, but the issue still persists. My team cannot use account features. Kindly verify my account.",Account,Medium,Negative,Account Support Team,Open
Bobby Villanueva,jonathoncline@example.net,Enterprise,Germany,Website,Mobile Application,TKT-C0EB3869DC,Account locked after multiple attempts,"I have been trying to access my account since this morning using Google Chrome on my Linux desktop running Android 15. The system displays 'Authentication failed'. I already disabled VPN, but the issue still persists. My business operations are affected. Please investigate this issue.",Login,High,Negative,Authentication Team,Open
Jordan Parks,josemcdonald@example.org,Free,India,Chat,AI Analytics Platform,TKT-4691479AD9,Account verification pending,"I have been trying to access my account since today using Mozilla Firefox on my MacBook Pro running Ubuntu 24.04. The system displays 'Validation failed'. I already cleared browser cache, but the issue still persists. Business information is incorrect. Please update my account.",Account,Low,Neutral,Account Support Team,Open
Connie Valdez,charles63@example.org,Free,Canada,Phone,API Platform,TKT-9B5F145E75,Account verification pending,"I have been trying to access my account since this morning using Mozilla Firefox on my MacBook Pro running iOS 18. The system displays 'Permission denied'. I already cleared browser cache, but the issue still persists. Business information is incorrect. Please resolve this issue.",Account,Medium,Neutral,Account Support Team,Open
Kimberly Valdez,sarah33@example.com,Free,UAE,Mobile App,AI Analytics Platform,TKT-BB5D842D19,Password change failed,"I have been trying to access my account since yesterday using Mozilla Firefox on my iPad running Ubuntu 24.04. The system displays 'OTP expired'. I already checked my spam folder, but the issue still persists. My work is delayed. Please provide a working reset link.",Password Reset,Low,Neutral,Authentication Team,Open
Carrie Maxwell,aaron36@example.net,Enterprise,United Kingdom,Mobile App,Web Dashboard,TKT-0684025CA7,Account locked after multiple attempts,"I have been trying to access my account since yesterday using Google Chrome on my iPad running Windows 11. The system displays 'Connection timeout'. I already cleared browser cache, but the issue still persists. Customers are waiting for a response. Please investigate this issue.",Login,High,Negative,Authentication Team,Open
Victoria Richardson,clairewhite@example.com,Enterprise,UAE,Phone,AI Analytics Platform,TKT-8B55914C12,Login failed,"I have been trying to access my account since yesterday using Google Chrome on my Windows laptop running Android 15. The system displays 'Unexpected server error'. I already reinstalled the application, but the issue still persists. My support team is blocked. Kindly resolve this as soon as possible.",Login,Medium,Negative,Authentication Team,Open
Mrs. Laura Gomez,kcastillo@example.com,Basic,USA,Website,AI Analytics Platform,TKT-647976D1E0,Account locked after multiple attempts,"I have been trying to access my account since for the past week using Google Chrome on my Android phone running Windows 10. The system displays 'Unexpected server error'. I already cleared browser cache, but the issue still persists. This issue is impacting productivity. Looking forward to your assistance.",Login,High,Negative,Authentication Team,Open
Douglas Hernandez,darren88@example.com,Premium,Brazil,Phone,Web Dashboard,TKT-D1C05A1958,Account locked,"I have been trying to access my account since this morning using Microsoft Edge on my iPhone running Windows 10. The system displays 'Profile update failed'. I already logged out and logged back in, but the issue still persists. My profile is incomplete. Kindly verify my account.",Account,Medium,Neutral,Account Support Team,Open
Devon Bentley,belinda83@example.org,Basic,Singapore,Website,CRM Suite,TKT-1CA514CC1B,Authentication error,"I have been trying to access my account since today using Microsoft Edge on my iPhone running macOS Sonoma. The system displays 'Unexpected server error'. I already used another device, but the issue still persists. Customers are waiting for a response. Please provide a solution.",Login,High,Negative,Authentication Team,Open
Ryan Jenkins MD,pellis@example.com,Enterprise,Japan,Mobile App,Mobile Application,TKT-937A3B5DF5,Unable to login,"I have been trying to access my account since today using Google Chrome on my Android phone running Windows 10. The system displays 'Invalid credentials'. I already disabled VPN, but the issue still persists. My business operations are affected. Please provide a solution.",Login,High,Negative,Authentication Team,Open
Fernando Duarte,vincent64@example.net,Basic,Japan,Mobile App,Mobile Application,TKT-8C04D2EF17,Reset code invalid,"I have been trying to access my account since yesterday using Google Chrome on my MacBook Pro running Ubuntu 24.04. The system displays 'OTP expired'. I already used another device, but the issue still persists. My team cannot access shared resources. Please provide a working reset link.",Password Reset,Medium,Neutral,Authentication Team,Open
Brian Robertson,christopherfisher@example.net,Premium,United Kingdom,Chat,CRM Suite,TKT-2119DA2741,Business profile issue,"I have been trying to access my account since last week using Mozilla Firefox on my Windows laptop running macOS Sonoma. The system displays 'Unexpected server error'. I already cleared browser cache, but the issue still persists. My profile is incomplete. Kindly verify my account.",Account,Medium,Neutral,Account Support Team,Open
Lynn Kline,wmcmahon@example.net,Free,India,Mobile App,API Platform,TKT-84FB7BF007,Account verification pending,"I have been trying to access my account since last week using Google Chrome on my Android phone running Windows 10. The system displays 'Profile update failed'. I already updated my browser, but the issue still persists. My profile is incomplete. Please resolve this issue.",Account,Medium,Negative,Account Support Team,Open
Wendy Medina,allisonjackson@example.net,Premium,United Kingdom,Chat,Mobile Application,TKT-E5704758E3,Profile information incorrect,"I have been trying to access my account since last week using Mozilla Firefox on my Android phone running Android 15. The system displays 'Validation failed'. I already used another device, but the issue still persists. My profile is incomplete. Kindly verify my account.",Account,Medium,Neutral,Account Support Team,Open
Ryan Smith,davidsonandrew@example.org,Free,United Kingdom,Phone,Web Dashboard,TKT-D906360AB9,Login stuck on loading screen,"I have been trying to access my account since this morning using Safari on my Windows laptop running macOS Sonoma. The system displays 'Unexpected server error'. I already cleared browser cache, but the issue still persists. This issue is impacting productivity. Please investigate this issue.",Login,High,Negative,Authentication Team,Open
Chelsea Reed,dhaynes@example.org,Free,United Kingdom,Chat,Cloud Storage,TKT-7726533D1D,Password reset page not working,"I have been trying to access my account since this morning using Microsoft Edge on my Windows laptop running Windows 11. The system displays 'Invalid reset token'. I already cleared browser cache, but the issue still persists. I cannot continue using the platform. Kindly investigate this issue.",Password Reset,Medium,Negative,Authentication Team,Open
Linda Greene,karenwilliams@example.net,Basic,Germany,Website,AI Analytics Platform,TKT-8DDE0D3845,Login stuck on loading screen,"I have been trying to access my account since this morning using Microsoft Edge on my Linux desktop running Ubuntu 24.04. The system displays 'Access denied'. I already used another device, but the issue still persists. My support team is blocked. Kindly resolve this as soon as possible.",Login,Medium,Negative,Authentication Team,Open
Susan Washington,chelsea60@example.net,Basic,Canada,Chat,Web Dashboard,TKT-49306270AD,Forgot password issue,"I have been trying to access my account since yesterday using Mozilla Firefox on my Linux desktop running Windows 11. The system displays 'Verification failed'. I already requested another reset email, but the issue still persists. I cannot continue using the platform. Looking forward to your assistance.",Password Reset,Medium,Neutral,Authentication Team,Open
Jennifer Buchanan,nicolegillespie@example.net,Enterprise,Brazil,Mobile App,Cloud Storage,TKT-B8497B4BBE,Account locked,"I have been trying to access my account since today using Google Chrome on my MacBook Pro running iOS 18. The system displays 'Validation failed'. I already cleared browser cache, but the issue still persists. My profile is incomplete. Please update my account.",Account,Medium,Neutral,Account Support Team,Open
Dr. Faith Martinez,ovasquez@example.org,Premium,India,Website,Web Dashboard,TKT-E7837E4BCA,Password reset page not working,"I have been trying to access my account since today using Google Chrome on my Linux desktop running Ubuntu 24.04. The system displays 'Unexpected server error'. I already cleared browser cache, but the issue still persists. I cannot continue using the platform. Please help me reset my password.",Password Reset,Medium,Negative,Authentication Team,Open
William Wong,larsondouglas@example.net,Free,Canada,Email,Mobile Application,TKT-49F28FF9E2,Reset code invalid,"I have been trying to access my account since today using Mozilla Firefox on my Linux desktop running macOS Sonoma. The system displays 'Invalid reset token'. I already checked my spam folder, but the issue still persists. I cannot continue using the platform. Kindly investigate this issue.",Password Reset,Low,Negative,Authentication Team,Open
Sean David,kmorse@example.org,Free,Japan,Website,AI Analytics Platform,TKT-3386D4182A,Reset link expired,"I have been trying to access my account since for the last two days using Google Chrome on my Linux desktop running macOS Sonoma. The system displays 'OTP expired'. I already checked my spam folder, but the issue still persists. My work is delayed. Looking forward to your assistance.",Password Reset,Low,Neutral,Authentication Team,Open
Ryan Snow,nancyhawkins@example.com,Enterprise,United Kingdom,Mobile App,Web Dashboard,TKT-8D84C55C21,Account locked after multiple attempts,"I have been trying to access my account since yesterday using Microsoft Edge on my iPad running macOS Sonoma. The system displays 'Internal server error'. I already reset my password, but the issue still persists. My business operations are affected. Kindly resolve this as soon as possible.",Login,High,Negative,Authentication Team,Open
Amanda Nolan,reyeswilliam@example.com,Basic,Japan,Website,API Platform,TKT-92914D0833,Password reset email not received,"I have been trying to access my account since last night using Safari on my MacBook Pro running Ubuntu 24.04. The system displays 'OTP expired'. I already used another device, but the issue still persists. I cannot continue using the platform. Please help me reset my password.",Password Reset,Low,Negative,Authentication Team,Open
Diana Taylor,hgraves@example.net,Premium,India,Chat,CRM Suite,TKT-4FA10A4BC9,Business profile issue,"I have been trying to access my account since today using Google Chrome on my MacBook Pro running Android 15. The system displays 'Profile update failed'. I already updated my browser, but the issue still persists. My team cannot use account features. Please update my account.",Account,Medium,Neutral,Account Support Team,Open
Ryan Hernandez Jr.,wmorrow@example.org,Enterprise,India,Website,Web Dashboard,TKT-FCDC7DFC42,Account settings not saving,"I have been trying to access my account since last week using Microsoft Edge on my Linux desktop running Ubuntu 24.04. The system displays 'Profile update failed'. I already cleared browser cache, but the issue still persists. My profile is incomplete. Please update my account.",Account,Low,Negative,Account Support Team,Open
Cynthia Jackson,xmckay@example.net,Premium,Japan,Chat,AI Analytics Platform,TKT-E4AFAD3B48,Password change failed,"I have been trying to access my account since yesterday using Microsoft Edge on my MacBook Pro running Windows 10. The system displays 'OTP expired'. I already cleared browser cache, but the issue still persists. My work is delayed. Please provide a working reset link.",Password Reset,Low,Negative,Authentication Team,Open
Tracy Fleming,alexander46@example.net,Premium,Canada,Mobile App,CRM Suite,TKT-A4FEFCCD01,Phone number update failed,"I have been trying to access my account since this morning using Mozilla Firefox on my Android phone running iOS 18. The system displays 'Permission denied'. I already updated my browser, but the issue still persists. Business information is incorrect. Please update my account.",Account,Low,Neutral,Account Support Team,Open
Charles Harris,gonzalezdanielle@example.org,Enterprise,Japan,Mobile App,Reporting Engine,TKT-668347165D,Unable to access dashboard,"I have been trying to access my account since last night using Safari on my Android phone running iOS 18. The system displays 'Connection timeout'. I already disabled VPN, but the issue still persists. Customers are waiting for a response. Please investigate this issue.",Login,High,Negative,Authentication Team,Open
Angela Harris,ebartlett@example.com,Basic,Australia,Mobile App,Web Dashboard,TKT-43278A3352,Password reset loop,"I have been trying to access my account since last night using Microsoft Edge on my iPhone running Android 15. The system displays 'Invalid reset token'. I already tried another browser, but the issue still persists. My work is delayed. Kindly investigate this issue.",Password Reset,Medium,Neutral,Authentication Team,Open
Joanne Silva,jasonjohnston@example.com,Premium,Brazil,Mobile App,API Platform,TKT-3C421BC050,Login stuck on loading screen,"I have been trying to access my account since last night using Safari on my MacBook Pro running Windows 10. The system displays 'Access denied'. I already cleared browser cache, but the issue still persists. Customers are waiting for a response. Please investigate this issue.",Login,Medium,Negative,Authentication Team,Open
Brendan Fisher,christinenguyen@example.org,Basic,Singapore,Mobile App,Cloud Storage,TKT-345BB169AA,Unable to update profile,"I have been trying to access my account since today using Mozilla Firefox on my MacBook Pro running Ubuntu 24.04. The system displays 'Permission denied'. I already updated my browser, but the issue still persists. My profile is incomplete. Kindly verify my account.",Account,Medium,Negative,Account Support Team,Open
Michaela Robles,rachelramirez@example.net,Basic,United Kingdom,Mobile App,Cloud Storage,TKT-F87E0EDB0E,Unable to reset password,"I have been trying to access my account since for the last two days using Microsoft Edge on my iPad running Windows 11. The system displays 'Unexpected server error'. I already used another device, but the issue still persists. I cannot access my account. Kindly investigate this issue.",Password Reset,Low,Neutral,Authentication Team,Open
Mitchell Richardson,vcooper@example.org,Basic,United Kingdom,Email,Web Dashboard,TKT-5537E1BF5F,Account locked,"I have been trying to access my account since this morning using Mozilla Firefox on my MacBook Pro running Ubuntu 24.04. The system displays 'Verification failed'. I already updated my browser, but the issue still persists. Business information is incorrect. Kindly verify my account.",Account,Medium,Neutral,Account Support Team,Open
Heather Lowery,monicafoster@example.com,Enterprise,Australia,Chat,Payment Gateway,TKT-B77F457286,Account locked after multiple attempts,"I have been trying to access my account since today using Mozilla Firefox on my iPad running macOS Sonoma. The system displays 'Invalid credentials'. I already disabled VPN, but the issue still persists. My business operations are affected. Please investigate this issue.",Login,High,Negative,Authentication Team,Open
Mary Valdez,hgordon@example.org,Free,Japan,Website,Cloud Storage,TKT-3E4BB99BCF,Account locked after multiple attempts,"I have been trying to access my account since for the last two days using Microsoft Edge on my Android phone running Android 15. The system displays 'Unexpected server error'. I already reset my password, but the issue still persists. Customers are waiting for a response. Looking forward to your assistance.",Login,High,Negative,Authentication Team,Open
Lance Good,teresa01@example.net,Basic,Canada,Mobile App,CRM Suite,TKT-BE7887D9BC,Phone number update failed,"I have been trying to access my account since yesterday using Safari on my Windows laptop running Android 15. The system displays 'Verification failed'. I already updated my browser, but the issue still persists. My team cannot use account features. Please resolve this issue.",Account,Low,Neutral,Account Support Team,Open
Nicole Novak,karen88@example.com,Enterprise,Australia,Mobile App,Web Dashboard,TKT-9362C89FC1,Unable to update profile,"I have been trying to access my account since this morning using Mozilla Firefox on my Linux desktop running iOS 18. The system displays 'Validation failed'. I already used another device, but the issue still persists. Business information is incorrect. Please update my account.",Account,Low,Negative,Account Support Team,Open
Jonathan Johnson,scottkyle@example.org,Free,Germany,Email,CRM Suite,TKT-199B43AD6E,Unexpected logout after login,"I have been trying to access my account since for the past week using Google Chrome on my MacBook Pro running Android 15. The system displays 'Connection timeout'. I already cleared browser cache, but the issue still persists. My support team is blocked. Kindly resolve this as soon as possible.",Login,Medium,Negative,Authentication Team,Open
Brian Kennedy,megan99@example.net,Enterprise,UAE,Mobile App,API Platform,TKT-1290894830,Temporary password not working,"I have been trying to access my account since for the last two days using Google Chrome on my iPhone running macOS Sonoma. The system displays 'Reset token expired'. I already cleared browser cache, but the issue still persists. My team cannot access shared resources. Please provide a working reset link.",Password Reset,Medium,Neutral,Authentication Team,Open
Joseph Sims,vanessapotter@example.net,Premium,UAE,Website,API Platform,TKT-B62AF0069C,Unable to login,"I have been trying to access my account since yesterday using Google Chrome on my MacBook Pro running Android 15. The system displays 'Session expired'. I already disabled VPN, but the issue still persists. I cannot continue my work. Please investigate this issue.",Login,High,Negative,Authentication Team,Open
Ryan Duke,ncraig@example.org,Free,Brazil,Phone,CRM Suite,TKT-5E96E38F6C,Temporary password not working,"I have been trying to access my account since for the last two days using Safari on my MacBook Pro running Windows 10. The system displays 'Unexpected server error'. I already used another device, but the issue still persists. My work is delayed. Looking forward to your assistance.",Password Reset,Low,Negative,Authentication Team,Open
Jon Osborn,sanderssherry@example.com,Enterprise,USA,Email,API Platform,TKT-23FDB403C7,Cannot create new password,"I have been trying to access my account since this morning using Microsoft Edge on my Windows laptop running Windows 10. The system displays 'Invalid reset token'. I already cleared browser cache, but the issue still persists. My work is delayed. Kindly investigate this issue.",Password Reset,Low,Negative,Authentication Team,Open
Melissa Nolan,huntersteven@example.org,Free,Australia,Phone,Web Dashboard,TKT-4EC7F703C5,Unable to verify account,"I have been trying to access my account since last week using Mozilla Firefox on my MacBook Pro running iOS 18. The system displays 'Profile update failed'. I already used another device, but the issue still persists. My team cannot use account features. Kindly verify my account.",Account,Medium,Negative,Account Support Team,Open
Stephanie Collins,michele44@example.com,Basic,Brazil,Email,Mobile Application,TKT-B06A50514C,Password reset page not working,"I have been trying to access my account since yesterday using Google Chrome on my MacBook Pro running Android 15. The system displays 'Unexpected server error'. I already checked my spam folder, but the issue still persists. I cannot continue using the platform. Please help me reset my password.",Password Reset,Low,Neutral,Authentication Team,Open
Christina Dillon,martinezdavid@example.net,Basic,UAE,Phone,Payment Gateway,TKT-B92E61DA5C,Temporary password not working,"I have been trying to access my account since yesterday using Safari on my MacBook Pro running Ubuntu 24.04. The system displays 'OTP expired'. I already checked my spam folder, but the issue still persists. My work is delayed. Looking forward to your assistance.",Password Reset,Low,Neutral,Authentication Team,Open
Brian Guerrero,debra51@example.net,Basic,United Kingdom,Phone,AI Analytics Platform,TKT-67E9EA007D,Login page not responding,"I have been trying to access my account since this morning using Mozilla Firefox on my Windows laptop running Ubuntu 24.04. The system displays 'Invalid credentials'. I already reinstalled the application, but the issue still persists. Customers are waiting for a response. Please investigate this issue.",Login,Medium,Negative,Authentication Team,Open
Stacy Bauer,lrogers@example.com,Enterprise,Brazil,Chat,Payment Gateway,TKT-F55FE13F90,Account settings not saving,"I have been trying to access my account since last week using Microsoft Edge on my Windows laptop running Android 15. The system displays 'Unexpected server error'. I already used another device, but the issue still persists. My team cannot use account features. Kindly verify my account.",Account,Low,Negative,Account Support Team,Open
Ashley Williams,david19@example.net,Basic,Australia,Website,Web Dashboard,TKT-708A4D7491,Password change failed,"I have been trying to access my account since last night using Google Chrome on my iPad running Ubuntu 24.04. The system displays 'Invalid reset token'. I already requested another reset email, but the issue still persists. I cannot access my account. Looking forward to your assistance.",Password Reset,Medium,Neutral,Authentication Team,Open
Glenn Wise,emilydunn@example.com,Basic,United Kingdom,Mobile App,Payment Gateway,TKT-9720D945A3,Two-factor authentication failed,"I have been trying to access my account since yesterday using Safari on my MacBook Pro running Windows 11. The system displays 'Connection timeout'. I already reinstalled the application, but the issue still persists. My support team is blocked. Please provide a solution.",Login,Medium,Negative,Authentication Team,Open
Joseph Webster,jarvisjesse@example.net,Basic,India,Phone,Cloud Storage,TKT-82D9A57155,Login page not responding,"I have been trying to access my account since today using Google Chrome on my iPad running Windows 10. The system displays 'Authentication failed'. I already restarted the application, but the issue still persists. My business operations are affected. Please provide a solution.",Login,High,Negative,Authentication Team,Open
Ryan Lopez,lindseyunderwood@example.com,Basic,Germany,Phone,API Platform,TKT-CC53B0C890,Password reset page not working,"I have been trying to access my account since today using Mozilla Firefox on my Linux desktop running iOS 18. The system displays 'Unexpected server error'. I already checked my spam folder, but the issue still persists. I cannot continue using the platform. Please help me reset my password.",Password Reset,Medium,Negative,Authentication Team,Open
Justin Payne,brandon62@example.com,Premium,United Kingdom,Chat,Reporting Engine,TKT-1D76DFC42D,Unable to login,"I have been trying to access my account since yesterday using Google Chrome on my Android phone running Windows 10. The system displays 'Invalid credentials'. I already used another device, but the issue still persists. This issue is impacting productivity. Kindly resolve this as soon as possible.",Login,Medium,Negative,Authentication Team,Open
Ashley Casey,omarortega@example.org,Enterprise,India,Mobile App,Cloud Storage,TKT-FEFC43D03C,Reset code invalid,"I have been trying to access my account since this morning using Mozilla Firefox on my Linux desktop running Windows 11. The system displays 'OTP expired'. I already requested another reset email, but the issue still persists. My work is delayed. Please provide a working reset link.",Password Reset,Low,Neutral,Authentication Team,Open
David Scott,ifarmer@example.org,Premium,USA,Phone,CRM Suite,TKT-798955D0F8,Cannot create new password,"I have been trying to access my account since this morning using Mozilla Firefox on my Windows laptop running Windows 10. The system displays 'Invalid reset token'. I already cleared browser cache, but the issue still persists. I cannot access my account. Please help me reset my password.",Password Reset,Low,Neutral,Authentication Team,Open
John Taylor,bryanadkins@example.net,Enterprise,USA,Website,CRM Suite,TKT-7CA66229F3,Account locked after multiple attempts,"I have been trying to access my account since this morning using Mozilla Firefox on my Android phone running iOS 18. The system displays 'Connection timeout'. I already reset my password, but the issue still persists. This issue is impacting productivity. Kindly resolve this as soon as possible.",Login,High,Negative,Authentication Team,Open
Rebekah Brewer,alyssamiller@example.net,Premium,Australia,Mobile App,CRM Suite,TKT-77724559C7,Unable to reset password,"I have been trying to access my account since yesterday using Google Chrome on my Linux desktop running Windows 10. The system displays 'Invalid reset token'. I already cleared browser cache, but the issue still persists. My work is delayed. Please provide a working reset link.",Password Reset,Low,Negative,Authentication Team,Open
Austin Moore,leblancmelanie@example.com,Enterprise,Canada,Website,Web Dashboard,TKT-E7A81A1E7D,Authentication error,"I have been trying to access my account since this morning using Microsoft Edge on my Linux desktop running Android 15. The system displays 'Internal server error'. I already disabled VPN, but the issue still persists. My business operations are affected. Please investigate this issue.",Login,Medium,Negative,Authentication Team,Open
David Walsh,sydneynelson@example.com,Enterprise,India,Website,Mobile Application,TKT-164157BFFC,Password reset page not working,"I have been trying to access my account since yesterday using Microsoft Edge on my Android phone running Windows 10. The system displays 'Invalid reset token'. I already tried another browser, but the issue still persists. My team cannot access shared resources. Please provide a working reset link.",Password Reset,Low,Negative,Authentication Team,Open
Steven Henson,ibishop@example.net,Basic,UAE,Phone,Cloud Storage,TKT-AE3E343FE4,Business profile issue,"I have been trying to access my account since this morning using Google Chrome on my Linux desktop running Ubuntu 24.04. The system displays 'Unexpected server error'. I already updated my browser, but the issue still persists. Business information is incorrect. Please update my account.",Account,Low,Negative,Account Support Team,Open
Maria Collins,dturner@example.net,Enterprise,UAE,Phone,Web Dashboard,TKT-88582890BD,Authentication error,"I have been trying to access my account since this morning using Mozilla Firefox on my iPad running Windows 10. The system displays 'Connection timeout'. I already used another device, but the issue still persists. This issue is impacting productivity. Kindly resolve this as soon as possible.",Login,High,Negative,Authentication Team,Open
Bruce Villegas,katherine69@example.org,Basic,India,Email,Reporting Engine,TKT-44397E2226,Two-factor authentication failed,"I have been trying to access my account since last night using Microsoft Edge on my iPad running Windows 10. The system displays 'Invalid credentials'. I already cleared browser cache, but the issue still persists. My support team is blocked. Please investigate this issue.",Login,High,Negative,Authentication Team,Open
Sarah Ochoa,scastro@example.org,Free,India,Phone,Reporting Engine,TKT-5256826C29,Unable to update profile,"I have been trying to access my account since this morning using Safari on my MacBook Pro running Windows 10. The system displays 'Verification failed'. I already used another device, but the issue still persists. My team cannot use account features. Kindly verify my account.",Account,Medium,Negative,Account Support Team,Open
Mr. Brian Hoffman,alyssa19@example.org,Premium,Japan,Email,Payment Gateway,TKT-19D94426E6,Account settings not saving,"I have been trying to access my account since this morning using Mozilla Firefox on my Windows laptop running Ubuntu 24.04. The system displays 'Validation failed'. I already used another device, but the issue still persists. My profile is incomplete. Please resolve this issue.",Account,Medium,Neutral,Account Support Team,Open
Tiffany Holland,zmiller@example.net,Free,USA,Website,AI Analytics Platform,TKT-F30719271B,Cannot create new password,"I have been trying to access my account since today using Safari on my Android phone running Android 15. The system displays 'Unexpected server error'. I already tried another browser, but the issue still persists. My team cannot access shared resources. Looking forward to your assistance.",Password Reset,Medium,Neutral,Authentication Team,Open
Nicholas Shelton,imills@example.com,Free,Australia,Email,CRM Suite,TKT-CAB9CF9FA7,Cannot sign in,"I have been trying to access my account since last night using Safari on my MacBook Pro running iOS 18. The system displays 'Invalid credentials'. I already reset my password, but the issue still persists. This issue is impacting productivity. Looking forward to your assistance.",Login,Medium,Negative,Authentication Team,Open
Brandi Dixon,oshelton@example.net,Enterprise,USA,Chat,Mobile Application,TKT-F35BEA3595,Password change failed,"I have been trying to access my account since yesterday using Google Chrome on my Linux desktop running Windows 10. The system displays 'OTP expired'. I already cleared browser cache, but the issue still persists. I cannot access my account. Please provide a working reset link.",Password Reset,Low,Negative,Authentication Team,Open
Stephen Mcgee,foxholly@example.net,Enterprise,USA,Phone,Reporting Engine,TKT-07D0E2CBD4,Reset code invalid,"I have been trying to access my account since for the last two days using Microsoft Edge on my iPad running Windows 11. The system displays 'Email not recognized'. I already tried another browser, but the issue still persists. My work is delayed. Please help me reset my password.",Password Reset,Medium,Neutral,Authentication Team,Open
Amanda Lawson,liashley@example.net,Premium,USA,Website,AI Analytics Platform,TKT-0A1DBA2C8D,Login failed,"I have been trying to access my account since for the last two days using Mozilla Firefox on my iPhone running Ubuntu 24.04. The system displays 'Internal server error'. I already disabled VPN, but the issue still persists. I cannot continue my work. Kindly resolve this as soon as possible.",Login,Medium,Negative,Authentication Team,Open
Joe Cruz,jeremiahmorton@example.com,Enterprise,India,Website,Reporting Engine,TKT-1694BF3741,Forgot password issue,"I have been trying to access my account since this morning using Google Chrome on my Android phone running Android 15. The system displays 'Reset token expired'. I already requested another reset email, but the issue still persists. My work is delayed. Looking forward to your assistance.",Password Reset,Medium,Neutral,Authentication Team,Open
Karen Simon,stephencarter@example.org,Free,Singapore,Mobile App,API Platform,TKT-03D7062901,Unable to login,"I have been trying to access my account since last night using Mozilla Firefox on my iPhone running Android 15. The system displays 'Unexpected server error'. I already reset my password, but the issue still persists. Customers are waiting for a response. Please provide a solution.",Login,Medium,Negative,Authentication Team,Open
Jeremy Gallegos,kingtammy@example.com,Premium,Germany,Website,Payment Gateway,TKT-BF718D9BBB,Organization details incorrect,"I have been trying to access my account since this morning using Safari on my Windows laptop running macOS Sonoma. The system displays 'Permission denied'. I already updated my browser, but the issue still persists. My profile is incomplete. Please resolve this issue.",Account,Medium,Negative,Account Support Team,Open
Todd Tanner,gatesjustin@example.org,Free,Japan,Website,Cloud Storage,TKT-01B6E8759C,Cannot sign in,"I have been trying to access my account since yesterday using Microsoft Edge on my Android phone running Windows 11. The system displays 'Session expired'. I already used another device, but the issue still persists. My business operations are affected. Looking forward to your assistance.",Login,High,Negative,Authentication Team,Open
Kristopher Irwin,carllynch@example.com,Basic,Singapore,Email,AI Analytics Platform,TKT-8535FE8345,Business profile issue,"I have been trying to access my account since last week using Google Chrome on my iPhone running iOS 18. The system displays 'Profile update failed'. I already cleared browser cache, but the issue still persists. My team cannot use account features. Please update my account.",Account,Low,Negative,Account Support Team,Open
Hannah Rose,cynthia05@example.com,Basic,Australia,Mobile App,API Platform,TKT-BF095EA378,Login failed,"I have been trying to access my account since last night using Google Chrome on my Windows laptop running Android 15. The system displays 'Connection timeout'. I already disabled VPN, but the issue still persists. This issue is impacting productivity. Kindly resolve this as soon as possible.",Login,High,Negative,Authentication Team,Open
Cynthia Obrien,silvaemily@example.com,Free,Germany,Email,API Platform,TKT-9B0EBEF252,Cannot sign in,"I have been trying to access my account since today using Mozilla Firefox on my iPhone running Ubuntu 24.04. The system displays 'Internal server error'. I already cleared browser cache, but the issue still persists. My support team is blocked. Kindly resolve this as soon as possible.",Login,Medium,Negative,Authentication Team,Open
Karen Steele,george17@example.com,Free,Canada,Website,Reporting Engine,TKT-0D59B569C6,Authentication error,"I have been trying to access my account since for the last two days using Mozilla Firefox on my iPhone running iOS 18. The system displays 'Connection timeout'. I already used another device, but the issue still persists. My business operations are affected. Please provide a solution.",Login,Medium,Negative,Authentication Team,Open
Barbara Thompson,jennagarrett@example.org,Premium,Singapore,Mobile App,Payment Gateway,TKT-60A83DC787,Unable to reset password,"I have been trying to access my account since for the last two days using Mozilla Firefox on my MacBook Pro running Windows 10. The system displays 'Verification failed'. I already tried another browser, but the issue still persists. My work is delayed. Please provide a working reset link.",Password Reset,Low,Neutral,Authentication Team,Open
Shelley Gamble,jamesjimenez@example.com,Basic,USA,Website,Mobile Application,TKT-D81AF61E2E,Profile information incorrect,"I have been trying to access my account since yesterday using Safari on my Windows laptop running Ubuntu 24.04. The system displays 'Permission denied'. I already cleared browser cache, but the issue still persists. My profile is incomplete. Kindly verify my account.",Account,Medium,Neutral,Account Support Team,Open
Steven Grimes,jamesmccarthy@example.com,Free,Singapore,Chat,Reporting Engine,TKT-B77AFD5FFD,Unable to update profile,"I have been trying to access my account since last week using Microsoft Edge on my iPhone running Ubuntu 24.04. The system displays 'Validation failed'. I already logged out and logged back in, but the issue still persists. My team cannot use account features. Please resolve this issue.",Account,Medium,Neutral,Account Support Team,Open
Daniel Kelley,patrick78@example.net,Enterprise,Germany,Email,Mobile Application,TKT-D6B7CE7FA1,Unable to access dashboard,"I have been trying to access my account since yesterday using Mozilla Firefox on my iPhone running macOS Sonoma. The system displays 'Unexpected server error'. I already reset my password, but the issue still persists. My support team is blocked. Please investigate this issue.",Login,Medium,Negative,Authentication Team,Open
Phillip Olson,carrilloamy@example.com,Basic,United Kingdom,Email,Cloud Storage,TKT-F4AFD9FDA0,Business profile issue,"I have been trying to access my account since today using Mozilla Firefox on my MacBook Pro running macOS Sonoma. The system displays 'Permission denied'. I already cleared browser cache, but the issue still persists. My profile is incomplete. Please update my account.",Account,Low,Neutral,Account Support Team,Open
Joann Cruz,shieldsbrandi@example.net,Premium,Singapore,Mobile App,Reporting Engine,TKT-53B13351DD,Password change failed,"I have been trying to access my account since for the last two days using Mozilla Firefox on my Windows laptop running Windows 10. The system displays 'OTP expired'. I already tried another browser, but the issue still persists. My work is delayed. Kindly investigate this issue.",Password Reset,Medium,Negative,Authentication Team,Open
Johnny Foster,jessicalopez@example.com,Basic,USA,Website,Reporting Engine,TKT-D4BD0F9E23,Profile information incorrect,"I have been trying to access my account since yesterday using Mozilla Firefox on my Android phone running Android 15. The system displays 'Unexpected server error'. I already logged out and logged back in, but the issue still persists. Business information is incorrect. Please update my account.",Account,Low,Negative,Account Support Team,Open
Andrew Brooks,ppatel@example.net,Free,United Kingdom,Phone,API Platform,TKT-F0FC53B384,Change registered email,"I have been trying to access my account since yesterday using Microsoft Edge on my Linux desktop running macOS Sonoma. The system displays 'Permission denied'. I already used another device, but the issue still persists. My team cannot use account features. Please update my account.",Account,Low,Neutral,Account Support Team,Open
Scott Ballard,emily90@example.org,Premium,UAE,Mobile App,CRM Suite,TKT-92D2D859B8,Password change failed,"I have been trying to access my account since yesterday using Safari on my Windows laptop running Android 15. The system displays 'OTP expired'. I already checked my spam folder, but the issue still persists. I cannot continue using the platform. Looking forward to your assistance.",Password Reset,Low,Neutral,Authentication Team,Open
Jacob Mitchell,stanleywilliams@example.com,Premium,Germany,Chat,Cloud Storage,TKT-07C3AB45C9,Two-factor authentication failed,"I have been trying to access my account since for the last two days using Safari on my MacBook Pro running Windows 11. The system displays 'Invalid credentials'. I already tried another browser, but the issue still persists. My business operations are affected. Please investigate this issue.",Login,High,Negative,Authentication Team,Open
Robin Cardenas,darius47@example.net,Enterprise,Canada,Chat,Payment Gateway,TKT-FF3958F3EC,Reset link expired,"I have been trying to access my account since yesterday using Safari on my Android phone running Windows 11. The system displays 'Reset token expired'. I already used another device, but the issue still persists. I cannot access my account. Looking forward to your assistance.",Password Reset,Low,Negative,Authentication Team,Open
Ricky Washington,duane94@example.com,Basic,Germany,Mobile App,Web Dashboard,TKT-3C72FAE516,Phone number update failed,"I have been trying to access my account since this morning using Google Chrome on my MacBook Pro running iOS 18. The system displays 'Verification failed'. I already logged out and logged back in, but the issue still persists. My team cannot use account features. Please update my account.",Account,Medium,Neutral,Account Support Team,Open
Laura Jones,praymond@example.org,Enterprise,Japan,Phone,Payment Gateway,TKT-13CA8ADF69,Login failed,"I have been trying to access my account since yesterday using Mozilla Firefox on my Windows laptop running iOS 18. The system displays 'Session expired'. I already used another device, but the issue still persists. I cannot continue my work. Please provide a solution.",Login,Medium,Negative,Authentication Team,Open
Melissa Franklin,chandlersamuel@example.net,Premium,Brazil,Mobile App,Payment Gateway,TKT-1BFFC34063,Organization details incorrect,"I have been trying to access my account since today using Safari on my MacBook Pro running macOS Sonoma. The system displays 'Unexpected server error'. I already cleared browser cache, but the issue still persists. My profile is incomplete. Please update my account.",Account,Low,Negative,Account Support Team,Open
Frank Garcia,jimmann@example.net,Premium,Canada,Website,API Platform,TKT-E670874B0D,Two-factor authentication failed,"I have been trying to access my account since last night using Google Chrome on my MacBook Pro running iOS 18. The system displays 'Authentication failed'. I already tried another browser, but the issue still persists. My business operations are affected. Kindly resolve this as soon as possible.",Login,High,Negative,Authentication Team,Open
Ruben Davis,rodriguezmark@example.com,Free,UAE,Mobile App,Mobile Application,TKT-57CF64DA4B,Password reset page not working,"I have been trying to access my account since for the last two days using Microsoft Edge on my Android phone running Ubuntu 24.04. The system displays 'Verification failed'. I already cleared browser cache, but the issue still persists. I cannot access my account. Please provide a working reset link.",Password Reset,Medium,Neutral,Authentication Team,Open
Mr. John Wright,gallen@example.com,Free,USA,Chat,Payment Gateway,TKT-B0A4161CBE,Unable to access dashboard,"I have been trying to access my account since yesterday using Microsoft Edge on my Android phone running macOS Sonoma. The system displays 'Connection timeout'. I already used another device, but the issue still persists. Customers are waiting for a response. Kindly resolve this as soon as possible.",Login,Medium,Negative,Authentication Team,Open
Tony Frazier,anamanning@example.net,Premium,UAE,Website,Cloud Storage,TKT-E72BD00EB5,Unable to verify account,"I have been trying to access my account since this morning using Mozilla Firefox on my iPhone running iOS 18. The system displays 'Unexpected server error'. I already cleared browser cache, but the issue still persists. My profile is incomplete. Please update my account.",Account,Low,Negative,Account Support Team,Open
Melinda Watts,kthomas@example.org,Enterprise,Australia,Chat,API Platform,TKT-77DB2C631D,Account settings not saving,"I have been trying to access my account since today using Mozilla Firefox on my Windows laptop running macOS Sonoma. The system displays 'Verification failed'. I already logged out and logged back in, but the issue still persists. My team cannot use account features. Please update my account.",Account,Low,Neutral,Account Support Team,Open
David Torres,nicolejohnson@example.org,Premium,Canada,Phone,Mobile Application,TKT-17DE9D0E05,Unable to login,"I have been trying to access my account since last night using Microsoft Edge on my Linux desktop running macOS Sonoma. The system displays 'Session expired'. I already reset my password, but the issue still persists. My business operations are affected. Please provide a solution.",Login,Medium,Negative,Authentication Team,Open
Danny Hall,kristinaadams@example.org,Basic,Germany,Mobile App,AI Analytics Platform,TKT-F67CD0218B,Cannot create new password,"I have been trying to access my account since for the last two days using Safari on my Linux desktop running macOS Sonoma. The system displays 'OTP expired'. I already requested another reset email, but the issue still persists. I cannot continue using the platform. Please provide a working reset link.",Password Reset,Low,Negative,Authentication Team,Open
Gloria Jones,lisapowell@example.net,Basic,Germany,Email,CRM Suite,TKT-ECE4512AE2,Unexpected logout after login,"I have been trying to access my account since last night using Mozilla Firefox on my iPad running Android 15. The system displays 'Internal server error'. I already restarted the application, but the issue still persists. My business operations are affected. Please investigate this issue.",Login,High,Negative,Authentication Team,Open
Nancy Hale DVM,carolalvarez@example.org,Basic,Canada,Mobile App,Reporting Engine,TKT-C59F66D0B4,Organization details incorrect,"I have been trying to access my account since today using Safari on my Linux desktop running iOS 18. The system displays 'Profile update failed'. I already used another device, but the issue still persists. My profile is incomplete. Please update my account.",Account,Medium,Neutral,Account Support Team,Open
Jeffery Taylor,fgarcia@example.com,Premium,United Kingdom,Mobile App,Cloud Storage,TKT-F09178494C,Unable to login,"I have been trying to access my account since today using Microsoft Edge on my MacBook Pro running iOS 18. The system displays 'Session expired'. I already disabled VPN, but the issue still persists. Customers are waiting for a response. Please provide a solution.",Login,Medium,Negative,Authentication Team,Open
Dylan Griffin,rgraham@example.net,Enterprise,Japan,Website,Reporting Engine,TKT-B8507A4CED,Login failed,"I have been trying to access my account since yesterday using Microsoft Edge on my Windows laptop running Windows 10. The system displays 'Connection timeout'. I already reinstalled the application, but the issue still persists. I cannot continue my work. Please investigate this issue.",Login,High,Negative,Authentication Team,Open
Christopher Frederick,lauren39@example.com,Free,Australia,Website,Payment Gateway,TKT-09D4A8DC78,Reset link expired,"I have been trying to access my account since last night using Mozilla Firefox on my MacBook Pro running macOS Sonoma. The system displays 'Invalid reset token'. I already requested another reset email, but the issue still persists. My team cannot access shared resources. Please help me reset my password.",Password Reset,Low,Neutral,Authentication Team,Open
Patrick Rubio,bdennis@example.org,Premium,Germany,Website,Cloud Storage,TKT-C11077E3A2,Account settings not saving,"I have been trying to access my account since today using Mozilla Firefox on my Android phone running macOS Sonoma. The system displays 'Unexpected server error'. I already logged out and logged back in, but the issue still persists. My team cannot use account features. Please update my account.",Account,Low,Negative,Account Support Team,Open
Cathy Torres,michaelmacias@example.com,Premium,Brazil,Chat,CRM Suite,TKT-D7859FA8B9,Cannot create new password,"I have been trying to access my account since today using Safari on my iPad running Windows 10. The system displays 'Email not recognized'. I already used another device, but the issue still persists. I cannot continue using the platform. Please help me reset my password.",Password Reset,Low,Neutral,Authentication Team,Open
Dylan Pierce,rhughes@example.net,Free,Germany,Chat,Payment Gateway,TKT-3905E0D4C7,Cannot create new password,"I have been trying to access my account since last night using Safari on my MacBook Pro running iOS 18. The system displays 'Email not recognized'. I already tried another browser, but the issue still persists. I cannot continue using the platform. Please help me reset my password.",Password Reset,Low,Negative,Authentication Team,Open
Jessica Howell,eedwards@example.com,Basic,Japan,Chat,API Platform,TKT-97128352CD,Organization details incorrect,"I have been trying to access my account since today using Safari on my Linux desktop running Windows 11. The system displays 'Verification failed'. I already updated my browser, but the issue still persists. Business information is incorrect. Please resolve this issue.",Account,Medium,Neutral,Account Support Team,Open
Anna Neal,jefferyanderson@example.net,Premium,Singapore,Chat,Reporting Engine,TKT-DEC218483A,Profile information incorrect,"I have been trying to access my account since yesterday using Mozilla Firefox on my Linux desktop running macOS Sonoma. The system displays 'Validation failed'. I already logged out and logged back in, but the issue still persists. My profile is incomplete. Please update my account.",Account,Medium,Negative,Account Support Team,Open
Jennifer Barry,perezthomas@example.net,Basic,Brazil,Website,Mobile Application,TKT-3C016D4B35,Authentication error,"I have been trying to access my account since for the last two days using Google Chrome on my iPhone running Windows 11. The system displays 'Invalid credentials'. I already reset my password, but the issue still persists. I cannot continue my work. Please provide a solution.",Login,Medium,Negative,Authentication Team,Open
Tara Robinson,christopherfuller@example.org,Basic,Canada,Mobile App,CRM Suite,TKT-55DF512D26,Unexpected logout after login,"I have been trying to access my account since for the last two days using Microsoft Edge on my iPad running Windows 10. The system displays 'Connection timeout'. I already disabled VPN, but the issue still persists. My business operations are affected. Looking forward to your assistance.",Login,Medium,Negative,Authentication Team,Open
Nicholas Peterson,mosleylinda@example.net,Enterprise,Germany,Email,Reporting Engine,TKT-1F2349BB63,Password reset page not working,"I have been trying to access my account since last night using Safari on my MacBook Pro running Ubuntu 24.04. The system displays 'Verification failed'. I already requested another reset email, but the issue still persists. My work is delayed. Kindly investigate this issue.",Password Reset,Low,Neutral,Authentication Team,Open
Jennifer Cummings,mcintyrejohn@example.com,Premium,Brazil,Mobile App,Reporting Engine,TKT-FEE516DC77,Account settings not saving,"I have been trying to access my account since yesterday using Microsoft Edge on my Android phone running Android 15. The system displays 'Unexpected server error'. I already logged out and logged back in, but the issue still persists. My team cannot use account features. Kindly verify my account.",Account,Medium,Negative,Account Support Team,Open
Katie Frank,smithtamara@example.org,Free,India,Phone,Cloud Storage,TKT-4DDB90B79C,Unable to verify account,"I have been trying to access my account since today using Microsoft Edge on my iPhone running iOS 18. The system displays 'Verification failed'. I already used another device, but the issue still persists. My team cannot use account features. Kindly verify my account.",Account,Low,Neutral,Account Support Team,Open
David Evans,alexanderhale@example.org,Basic,United Kingdom,Chat,Reporting Engine,TKT-0B0D189FDA,Password reset page not working,"I have been trying to access my account since for the last two days using Google Chrome on my iPhone running Windows 10. The system displays 'Unexpected server error'. I already requested another reset email, but the issue still persists. My work is delayed. Looking forward to your assistance.",Password Reset,Low,Neutral,Authentication Team,Open
Troy Curry,brendan49@example.com,Premium,USA,Phone,Reporting Engine,TKT-17D518288F,Reset code invalid,"I have been trying to access my account since this morning using Google Chrome on my iPad running Windows 10. The system displays 'Verification failed'. I already tried another browser, but the issue still persists. I cannot continue using the platform. Kindly investigate this issue.",Password Reset,Medium,Neutral,Authentication Team,Open
Jessica Brown,changgregory@example.org,Free,Canada,Chat,Payment Gateway,TKT-3B641FECF6,Temporary password not working,"I have been trying to access my account since this morning using Google Chrome on my Android phone running Windows 10. The system displays 'Reset token expired'. I already tried another browser, but the issue still persists. My work is delayed. Looking forward to your assistance.",Password Reset,Low,Neutral,Authentication Team,Open
Jacqueline Barrera,blanchardjohnathan@example.net,Free,India,Email,API Platform,TKT-BB2EB6D321,Business profile issue,"I have been trying to access my account since today using Mozilla Firefox on my iPhone running iOS 18. The system displays 'Verification failed'. I already updated my browser, but the issue still persists. My profile is incomplete. Please resolve this issue.",Account,Low,Negative,Account Support Team,Open
John Montoya,wallacenicholas@example.com,Premium,Brazil,Website,Mobile Application,TKT-6B1CE098E0,Two-factor authentication failed,"I have been trying to access my account since yesterday using Mozilla Firefox on my Linux desktop running Android 15. The system displays 'Session expired'. I already used another device, but the issue still persists. My business operations are affected. Please investigate this issue.",Login,Medium,Negative,Authentication Team,Open
Joseph Fisher,norrischristopher@example.com,Basic,Japan,Chat,Mobile Application,TKT-80BD3C9212,Reset code invalid,"I have been trying to access my account since for the last two days using Mozilla Firefox on my Linux desktop running Android 15. The system displays 'Verification failed'. I already used another device, but the issue still persists. I cannot continue using the platform. Looking forward to your assistance.",Password Reset,Low,Neutral,Authentication Team,Open
Christina Kirby,stephanie39@example.com,Basic,Australia,Email,CRM Suite,TKT-EE00F5B80D,Cannot create new password,"I have been trying to access my account since this morning using Safari on my Linux desktop running Android 15. The system displays 'Reset token expired'. I already cleared browser cache, but the issue still persists. I cannot continue using the platform. Kindly investigate this issue.",Password Reset,Low,Negative,Authentication Team,Open
Karen Hubbard,campbelljill@example.net,Enterprise,UAE,Website,CRM Suite,TKT-6F295A1C79,Phone number update failed,"I have been trying to access my account since last week using Safari on my iPhone running Windows 10. The system displays 'Profile update failed'. I already updated my browser, but the issue still persists. My profile is incomplete. Kindly verify my account.",Account,Medium,Neutral,Account Support Team,Open
Brandon Martin,bakerjoshua@example.net,Premium,USA,Phone,Reporting Engine,TKT-EE9C9166A8,Phone number update failed,"I have been trying to access my account since last week using Mozilla Firefox on my Android phone running macOS Sonoma. The system displays 'Permission denied'. I already updated my browser, but the issue still persists. Business information is incorrect. Kindly verify my account.",Account,Medium,Negative,Account Support Team,Open
Angela Chaney,natasha98@example.org,Basic,Singapore,Website,Mobile Application,TKT-2F8A42551B,Login failed,"I have been trying to access my account since for the last two days using Microsoft Edge on my Android phone running macOS Sonoma. The system displays 'Access denied'. I already cleared browser cache, but the issue still persists. Customers are waiting for a response. Looking forward to your assistance.",Login,High,Negative,Authentication Team,Open
Rickey Little,tami40@example.com,Basic,Australia,Mobile App,Payment Gateway,TKT-2E0C320DF2,Cannot sign in,"I have been trying to access my account since this morning using Safari on my Windows laptop running macOS Sonoma. The system displays 'Invalid credentials'. I already reinstalled the application, but the issue still persists. My support team is blocked. Kindly resolve this as soon as possible.",Login,High,Negative,Authentication Team,Open
John Leon,jgallegos@example.com,Premium,Japan,Mobile App,Cloud Storage,TKT-87BC5B2729,Profile information incorrect,"I have been trying to access my account since last week using Microsoft Edge on my Linux desktop running Windows 10. The system displays 'Validation failed'. I already updated my browser, but the issue still persists. My team cannot use account features. Please resolve this issue.",Account,Low,Negative,Account Support Team,Open
Edward Morris,wrightheather@example.net,Basic,Brazil,Website,API Platform,TKT-04B49C755A,Forgot password issue,"I have been trying to access my account since this morning using Mozilla Firefox on my iPad running macOS Sonoma. The system displays 'Invalid reset token'. I already cleared browser cache, but the issue still persists. I cannot continue using the platform. Please provide a working reset link.",Password Reset,Low,Negative,Authentication Team,Open
Nancy Roy,robin41@example.org,Premium,Germany,Mobile App,CRM Suite,TKT-5F9673DB94,Account settings not saving,"I have been trying to access my account since last week using Safari on my Linux desktop running macOS Sonoma. The system displays 'Verification failed'. I already logged out and logged back in, but the issue still persists. Business information is incorrect. Please update my account.",Account,Low,Neutral,Account Support Team,Open
Taylor Hogan,marthamorton@example.com,Premium,UAE,Phone,Reporting Engine,TKT-4131E1A081,Password reset loop,"I have been trying to access my account since today using Mozilla Firefox on my iPhone running iOS 18. The system displays 'Invalid reset token'. I already used another device, but the issue still persists. My team cannot access shared resources. Looking forward to your assistance.",Password Reset,Medium,Neutral,Authentication Team,Open
Keith Klein,harry14@example.org,Free,India,Website,AI Analytics Platform,TKT-E461F65C3B,Unable to verify account,"I have been trying to access my account since today using Safari on my Android phone running Android 15. The system displays 'Unexpected server error'. I already used another device, but the issue still persists. My team cannot use account features. Kindly verify my account.",Account,Medium,Negative,Account Support Team,Open
Cynthia Moreno,randall52@example.net,Free,UAE,Mobile App,Cloud Storage,TKT-DE84A3B62D,Unable to update profile,"I have been trying to access my account since this morning using Safari on my Android phone running macOS Sonoma. The system displays 'Permission denied'. I already used another device, but the issue still persists. Business information is incorrect. Please resolve this issue.",Account,Low,Neutral,Account Support Team,Open
Lori Martin,hvasquez@example.com,Free,Japan,Email,Mobile Application,TKT-6E4215362D,Unable to verify account,"I have been trying to access my account since this morning using Google Chrome on my Windows laptop running Ubuntu 24.04. The system displays 'Verification failed'. I already cleared browser cache, but the issue still persists. My profile is incomplete. Kindly verify my account.",Account,Low,Neutral,Account Support Team,Open
Crystal Robles,catherine94@example.com,Free,United Kingdom,Website,CRM Suite,TKT-FF49454640,Change registered email,"I have been trying to access my account since last week using Mozilla Firefox on my Android phone running Ubuntu 24.04. The system displays 'Profile update failed'. I already used another device, but the issue still persists. My team cannot use account features. Kindly verify my account.",Account,Medium,Neutral,Account Support Team,Open
Tara Torres,christianedward@example.net,Premium,India,Phone,Cloud Storage,TKT-68A2B22020,Account verification pending,"I have been trying to access my account since today using Mozilla Firefox on my Android phone running Windows 10. The system displays 'Unexpected server error'. I already used another device, but the issue still persists. My team cannot use account features. Kindly verify my account.",Account,Medium,Neutral,Account Support Team,Open
Victoria Mueller,brandonmunoz@example.com,Basic,United Kingdom,Mobile App,Web Dashboard,TKT-58DAD2E5B9,Unexpected logout after login,"I have been trying to access my account since today using Microsoft Edge on my Linux desktop running iOS 18. The system displays 'Session expired'. I already cleared browser cache, but the issue still persists. Customers are waiting for a response. Looking forward to your assistance.",Login,Medium,Negative,Authentication Team,Open
Amanda Brandt,mosscindy@example.org,Free,United Kingdom,Mobile App,AI Analytics Platform,TKT-9264B78280,Profile information incorrect,"I have been trying to access my account since this morning using Mozilla Firefox on my Android phone running macOS Sonoma. The system displays 'Unexpected server error'. I already used another device, but the issue still persists. My profile is incomplete. Kindly verify my account.",Account,Low,Neutral,Account Support Team,Open
Steven Thomas,lance38@example.net,Free,Singapore,Chat,AI Analytics Platform,TKT-8550E6F8C3,Unable to login,"I have been trying to access my account since for the last two days using Microsoft Edge on my Windows laptop running Windows 10. The system displays 'Access denied'. I already disabled VPN, but the issue still persists. My support team is blocked. Please provide a solution.",Login,High,Negative,Authentication Team,Open
Kelsey Lopez,bmorrison@example.org,Free,Canada,Chat,Web Dashboard,TKT-B15BE896BC,Unable to access dashboard,"I have been trying to access my account since for the past week using Microsoft Edge on my iPad running Ubuntu 24.04. The system displays 'Connection timeout'. I already used another device, but the issue still persists. Customers are waiting for a response. Kindly resolve this as soon as possible.",Login,Medium,Negative,Authentication Team,Open
Frances Williams,philip26@example.com,Premium,Japan,Website,Mobile Application,TKT-7E491C6F5F,Unable to reset password,"I have been trying to access my account since for the last two days using Mozilla Firefox on my Android phone running iOS 18. The system displays 'OTP expired'. I already checked my spam folder, but the issue still persists. I cannot continue using the platform. Kindly investigate this issue.",Password Reset,Low,Negative,Authentication Team,Open
John Horton,wilkinsmargaret@example.net,Premium,Brazil,Website,Reporting Engine,TKT-8A90139364,Unable to access dashboard,"I have been trying to access my account since for the past week using Safari on my MacBook Pro running iOS 18. The system displays 'Unexpected server error'. I already tried another browser, but the issue still persists. My support team is blocked. Kindly resolve this as soon as possible.",Login,Medium,Negative,Authentication Team,Open
Caroline Davis,william83@example.com,Premium,Singapore,Email,CRM Suite,TKT-CE9EBAA29A,Login stuck on loading screen,"I have been trying to access my account since last night using Safari on my iPad running iOS 18. The system displays 'Connection timeout'. I already restarted the application, but the issue still persists. Customers are waiting for a response. Please investigate this issue.",Login,High,Negative,Authentication Team,Open
Daniel English,curtis69@example.org,Free,Brazil,Mobile App,Payment Gateway,TKT-B8DBEF1413,Cannot create new password,"I have been trying to access my account since today using Mozilla Firefox on my iPhone running Windows 11. The system displays 'Email not recognized'. I already tried another browser, but the issue still persists. I cannot access my account. Kindly investigate this issue.",Password Reset,Medium,Neutral,Authentication Team,Open
Gary Benitez,amanda66@example.net,Premium,Germany,Chat,Mobile Application,TKT-7CF5C1FF8C,Phone number update failed,"I have been trying to access my account since yesterday using Mozilla Firefox on my iPhone running Windows 10. The system displays 'Validation failed'. I already used another device, but the issue still persists. My profile is incomplete. Please update my account.",Account,Low,Neutral,Account Support Team,Open
Sherry Reyes DDS,scottmcbride@example.org,Free,India,Mobile App,AI Analytics Platform,TKT-1D40FED249,Two-factor authentication failed,"I have been trying to access my account since for the last two days using Microsoft Edge on my iPhone running Android 15. The system displays 'Session expired'. I already reset my password, but the issue still persists. This issue is impacting productivity. Kindly resolve this as soon as possible.",Login,Medium,Negative,Authentication Team,Open
Sharon Davila,taylorheather@example.net,Premium,UAE,Website,Payment Gateway,TKT-D11731CB8B,Temporary password not working,"I have been trying to access my account since this morning using Mozilla Firefox on my MacBook Pro running Ubuntu 24.04. The system displays 'Reset token expired'. I already cleared browser cache, but the issue still persists. My work is delayed. Please provide a working reset link.",Password Reset,Medium,Neutral,Authentication Team,Open
Lisa Bradley,ralvarado@example.org,Free,USA,Chat,API Platform,TKT-BAE7058F8A,Cannot sign in,"I have been trying to access my account since for the last two days using Mozilla Firefox on my MacBook Pro running Android 15. The system displays 'Unexpected server error'. I already tried another browser, but the issue still persists. This issue is impacting productivity. Kindly resolve this as soon as possible.",Login,Medium,Negative,Authentication Team,Open
John Pittman,christopherthompson@example.org,Free,Singapore,Chat,AI Analytics Platform,TKT-2AEB1E2E16,Account settings not saving,"I have been trying to access my account since this morning using Safari on my Windows laptop running Ubuntu 24.04. The system displays 'Permission denied'. I already cleared browser cache, but the issue still persists. My team cannot use account features. Please update my account.",Account,Low,Negative,Account Support Team,Open
Heather Johnson,hawkinsrodney@example.org,Premium,India,Chat,Reporting Engine,TKT-DC67C46C6A,Reset link expired,"I have been trying to access my account since today using Mozilla Firefox on my Linux desktop running Android 15. The system displays 'Unexpected server error'. I already requested another reset email, but the issue still persists. I cannot access my account. Looking forward to your assistance.",Password Reset,Low,Neutral,Authentication Team,Open
Caitlin Cole,xgonzalez@example.com,Premium,Singapore,Phone,AI Analytics Platform,TKT-FEADF89380,Cannot sign in,"I have been trying to access my account since this morning using Google Chrome on my Linux desktop running iOS 18. The system displays 'Authentication failed'. I already tried another browser, but the issue still persists. Customers are waiting for a response. Looking forward to your assistance.",Login,High,Negative,Authentication Team,Open
Joel Perez,markcardenas@example.com,Basic,Germany,Mobile App,Web Dashboard,TKT-DA3909E51C,Temporary password not working,"I have been trying to access my account since yesterday using Microsoft Edge on my iPhone running Windows 10. The system displays 'OTP expired'. I already used another device, but the issue still persists. My team cannot access shared resources. Please help me reset my password.",Password Reset,Medium,Neutral,Authentication Team,Open
Sarah Weaver,perryandrew@example.net,Enterprise,Japan,Chat,CRM Suite,TKT-9696B20E56,Business profile issue,"I have been trying to access my account since yesterday using Microsoft Edge on my MacBook Pro running Ubuntu 24.04. The system displays 'Unexpected server error'. I already logged out and logged back in, but the issue still persists. My team cannot use account features. Please resolve this issue.",Account,Medium,Neutral,Account Support Team,Open
Edward Martinez,nancypineda@example.net,Premium,UAE,Email,Payment Gateway,TKT-ECB4AF9323,Unable to login,"I have been trying to access my account since last night using Safari on my Android phone running Android 15. The system displays 'Access denied'. I already cleared browser cache, but the issue still persists. My business operations are affected. Looking forward to your assistance.",Login,High,Negative,Authentication Team,Open
Louis Golden,stephanie35@example.org,Basic,Canada,Mobile App,Web Dashboard,TKT-518778E457,Login failed,"I have been trying to access my account since for the past week using Mozilla Firefox on my MacBook Pro running Windows 11. The system displays 'Invalid credentials'. I already used another device, but the issue still persists. This issue is impacting productivity. Looking forward to your assistance.",Login,Medium,Negative,Authentication Team,Open
Denise Hoover,thomashudson@example.com,Basic,USA,Website,API Platform,TKT-4208DA3365,Authentication error,"I have been trying to access my account since today using Microsoft Edge on my Android phone running Android 15. The system displays 'Invalid credentials'. I already tried another browser, but the issue still persists. Customers are waiting for a response. Please provide a solution.",Login,High,Negative,Authentication Team,Open
Aaron Holden,jenniferpierce@example.net,Free,Singapore,Chat,Cloud Storage,TKT-14A2BBDEFB,Cannot sign in,"I have been trying to access my account since yesterday using Safari on my Android phone running macOS Sonoma. The system displays 'Session expired'. I already used another device, but the issue still persists. I cannot continue my work. Looking forward to your assistance.",Login,High,Negative,Authentication Team,Open
Dr. Jermaine Leach,michelle48@example.org,Free,USA,Mobile App,Cloud Storage,TKT-82ADED6F56,Two-factor authentication failed,"I have been trying to access my account since for the last two days using Safari on my iPhone running macOS Sonoma. The system displays 'Invalid credentials'. I already cleared browser cache, but the issue still persists. My business operations are affected. Kindly resolve this as soon as possible.",Login,Medium,Negative,Authentication Team,Open
Amanda Thompson,woodssarah@example.com,Basic,USA,Website,AI Analytics Platform,TKT-E68C20085C,Unable to login,"I have been trying to access my account since this morning using Google Chrome on my iPad running Windows 11. The system displays 'Access denied'. I already used another device, but the issue still persists. I cannot continue my work. Kindly resolve this as soon as possible.",Login,Medium,Negative,Authentication Team,Open
Diana Fisher,annahogan@example.net,Premium,Brazil,Mobile App,Reporting Engine,TKT-C6B765CF5F,Reset link expired,"I have been trying to access my account since yesterday using Microsoft Edge on my Android phone running Android 15. The system displays 'Unexpected server error'. I already checked my spam folder, but the issue still persists. My work is delayed. Looking forward to your assistance.",Password Reset,Medium,Neutral,Authentication Team,Open
Elizabeth Mcintyre,conniemiller@example.net,Basic,UAE,Phone,AI Analytics Platform,TKT-92BA9F9165,Unexpected logout after login,"I have been trying to access my account since last night using Mozilla Firefox on my iPad running Windows 10. The system displays 'Connection timeout'. I already reinstalled the application, but the issue still persists. This issue is impacting productivity. Please investigate this issue.",Login,Medium,Negative,Authentication Team,Open
Erin Mathews,michelle51@example.net,Enterprise,Brazil,Email,Mobile Application,TKT-B1F1DB90CA,Phone number update failed,"I have been trying to access my account since this morning using Mozilla Firefox on my iPhone running Android 15. The system displays 'Validation failed'. I already used another device, but the issue still persists. My team cannot use account features. Please update my account.",Account,Low,Negative,Account Support Team,Open
Kenneth Larson,ryanburnett@example.com,Enterprise,USA,Website,CRM Suite,TKT-B1F737E7ED,Unexpected logout after login,"I have been trying to access my account since today using Safari on my iPad running macOS Sonoma. The system displays 'Unexpected server error'. I already reinstalled the application, but the issue still persists. My support team is blocked. Please provide a solution.",Login,High,Negative,Authentication Team,Open
Robin Torres,wendyjohnson@example.net,Free,United Kingdom,Website,Payment Gateway,TKT-DA4C3B063F,Cannot create new password,"I have been trying to access my account since last night using Google Chrome on my iPad running Windows 11. The system displays 'Unexpected server error'. I already used another device, but the issue still persists. I cannot continue using the platform. Please provide a working reset link.",Password Reset,Medium,Negative,Authentication Team,Open
James Rodriguez,stevenholland@example.net,Basic,United Kingdom,Email,Payment Gateway,TKT-89978E75CB,Unable to login,"I have been trying to access my account since today using Safari on my iPhone running Windows 10. The system displays 'Access denied'. I already reset my password, but the issue still persists. My business operations are affected. Looking forward to your assistance.",Login,Medium,Negative,Authentication Team,Open
Mark Kelley,ramosamanda@example.org,Premium,Brazil,Mobile App,Cloud Storage,TKT-4E777FD6B7,Account locked,"I have been trying to access my account since today using Google Chrome on my MacBook Pro running Windows 10. The system displays 'Permission denied'. I already cleared browser cache, but the issue still persists. My team cannot use account features. Please resolve this issue.",Account,Low,Neutral,Account Support Team,Open
Eric Jones,shelby09@example.net,Premium,Canada,Mobile App,Web Dashboard,TKT-258FC8AB1B,Change registered email,"I have been trying to access my account since last week using Safari on my Android phone running iOS 18. The system displays 'Verification failed'. I already updated my browser, but the issue still persists. My team cannot use account features. Kindly verify my account.",Account,Medium,Negative,Account Support Team,Open
Zachary Rodriguez,kristen93@example.com,Free,Japan,Email,AI Analytics Platform,TKT-86BC3D4E81,Business profile issue,"I have been trying to access my account since today using Microsoft Edge on my Linux desktop running macOS Sonoma. The system displays 'Permission denied'. I already updated my browser, but the issue still persists. My profile is incomplete. Kindly verify my account.",Account,Low,Negative,Account Support Team,Open
Wanda Newton,stewartluis@example.com,Basic,USA,Chat,Cloud Storage,TKT-B523CC85E8,Login failed,"I have been trying to access my account since for the last two days using Safari on my iPad running iOS 18. The system displays 'Session expired'. I already reinstalled the application, but the issue still persists. I cannot continue my work. Kindly resolve this as soon as possible.",Login,Medium,Negative,Authentication Team,Open
William Johnston,annablack@example.org,Premium,Japan,Chat,Reporting Engine,TKT-6A3C48BAA7,Password reset page not working,"I have been trying to access my account since yesterday using Microsoft Edge on my iPad running Android 15. The system displays 'Reset token expired'. I already requested another reset email, but the issue still persists. My work is delayed. Please provide a working reset link.",Password Reset,Medium,Neutral,Authentication Team,Open
Kyle Hardy,stephaniemartin@example.net,Enterprise,United Kingdom,Email,Web Dashboard,TKT-E6EB0B675A,Unexpected logout after login,"I have been trying to access my account since yesterday using Microsoft Edge on my iPhone running macOS Sonoma. The system displays 'Connection timeout'. I already tried another browser, but the issue still persists. My business operations are affected. Looking forward to your assistance.",Login,High,Negative,Authentication Team,Open
John Bush,vincent35@example.org,Basic,Brazil,Email,CRM Suite,TKT-E5F7E35B28,Password reset email not received,"I have been trying to access my account since today using Mozilla Firefox on my Linux desktop running Windows 10. The system displays 'OTP expired'. I already cleared browser cache, but the issue still persists. My work is delayed. Please help me reset my password.",Password Reset,Medium,Negative,Authentication Team,Open
Angela Jenkins,hbaker@example.net,Enterprise,Brazil,Phone,Mobile Application,TKT-40B0B65FC7,Unable to update profile,"I have been trying to access my account since last week using Microsoft Edge on my Android phone running iOS 18. The system displays 'Permission denied'. I already cleared browser cache, but the issue still persists. My team cannot use account features. Kindly verify my account.",Account,Low,Negative,Account Support Team,Open
Matthew Farrell,emmamorgan@example.net,Enterprise,Germany,Mobile App,API Platform,TKT-00BAE35356,Reset link expired,"I have been trying to access my account since today using Safari on my MacBook Pro running Windows 11. The system displays 'Invalid reset token'. I already tried another browser, but the issue still persists. I cannot access my account. Kindly investigate this issue.",Password Reset,Low,Neutral,Authentication Team,Open
Jason Malone,jpruitt@example.org,Premium,United Kingdom,Chat,Payment Gateway,TKT-076AE55AE6,Login stuck on loading screen,"I have been trying to access my account since last night using Safari on my Linux desktop running Windows 10. The system displays 'Internal server error'. I already tried another browser, but the issue still persists. Customers are waiting for a response. Kindly resolve this as soon as possible.",Login,Medium,Negative,Authentication Team,Open
Jerry Mosley,bestallison@example.org,Premium,Germany,Website,Reporting Engine,TKT-E087D85FE1,Unexpected logout after login,"I have been trying to access my account since yesterday using Microsoft Edge on my Windows laptop running Android 15. The system displays 'Connection timeout'. I already tried another browser, but the issue still persists. I cannot continue my work. Please investigate this issue.",Login,Medium,Negative,Authentication Team,Open
Cory Lawrence,andersonlarry@example.net,Premium,Canada,Email,CRM Suite,TKT-EF32F11D64,Account verification pending,"I have been trying to access my account since today using Google Chrome on my Windows laptop running macOS Sonoma. The system displays 'Validation failed'. I already logged out and logged back in, but the issue still persists. My team cannot use account features. Please resolve this issue.",Account,Medium,Neutral,Account Support Team,Open
Carol Sanders,dawn46@example.org,Basic,UAE,Chat,AI Analytics Platform,TKT-57D9C80EFA,Profile information incorrect,"I have been trying to access my account since this morning using Safari on my Windows laptop running Android 15. The system displays 'Permission denied'. I already cleared browser cache, but the issue still persists. My team cannot use account features. Please resolve this issue.",Account,Low,Negative,Account Support Team,Open
Susan Wilson,james52@example.net,Basic,Brazil,Website,CRM Suite,TKT-BA5F9F8119,Unable to update profile,"I have been trying to access my account since last week using Safari on my iPhone running Ubuntu 24.04. The system displays 'Verification failed'. I already cleared browser cache, but the issue still persists. Business information is incorrect. Please resolve this issue.",Account,Low,Neutral,Account Support Team,Open
Tracey Miller,hle@example.com,Free,United Kingdom,Chat,CRM Suite,TKT-CC6A4B15ED,Password change failed,"I have been trying to access my account since last night using Google Chrome on my MacBook Pro running Windows 11. The system displays 'Reset token expired'. I already tried another browser, but the issue still persists. My team cannot access shared resources. Kindly investigate this issue.",Password Reset,Low,Neutral,Authentication Team,Open
John Yoder,colleenkramer@example.net,Premium,Singapore,Chat,Cloud Storage,TKT-150054EA7D,Account locked,"I have been trying to access my account since this morning using Microsoft Edge on my MacBook Pro running macOS Sonoma. The system displays 'Profile update failed'. I already cleared browser cache, but the issue still persists. My team cannot use account features. Kindly verify my account.",Account,Low,Neutral,Account Support Team,Open
Kevin Tucker,cheyennevalenzuela@example.org,Free,USA,Email,CRM Suite,TKT-96A95CDC6F,Unable to update profile,"I have been trying to access my account since this morning using Mozilla Firefox on my Linux desktop running Android 15. The system displays 'Permission denied'. I already updated my browser, but the issue still persists. Business information is incorrect. Please resolve this issue.",Account,Low,Negative,Account Support Team,Open
Daniel Rodriguez,jeffreysmith@example.com,Free,Singapore,Website,Web Dashboard,TKT-6CA8CAC987,Temporary password not working,"I have been trying to access my account since last night using Mozilla Firefox on my iPad running Windows 11. The system displays 'Email not recognized'. I already tried another browser, but the issue still persists. I cannot access my account. Kindly investigate this issue.",Password Reset,Medium,Neutral,Authentication Team,Open
Tina Miles MD,robert16@example.org,Enterprise,Canada,Email,AI Analytics Platform,TKT-0259A14DB4,Password reset page not working,"I have been trying to access my account since today using Safari on my Linux desktop running Ubuntu 24.04. The system displays 'Verification failed'. I already checked my spam folder, but the issue still persists. My team cannot access shared resources. Kindly investigate this issue.",Password Reset,Medium,Neutral,Authentication Team,Open
Earl Smith,palmerjesus@example.org,Free,India,Phone,Reporting Engine,TKT-E21B580E5C,Forgot password issue,"I have been trying to access my account since today using Google Chrome on my iPad running iOS 18. The system displays 'Reset token expired'. I already requested another reset email, but the issue still persists. My team cannot access shared resources. Please provide a working reset link.",Password Reset,Medium,Negative,Authentication Team,Open
Cynthia Rodriguez,qhawkins@example.com,Premium,United Kingdom,Phone,Payment Gateway,TKT-66999936C7,Password reset loop,"I have been trying to access my account since this morning using Safari on my Android phone running Ubuntu 24.04. The system displays 'Reset token expired'. I already cleared browser cache, but the issue still persists. I cannot access my account. Looking forward to your assistance.",Password Reset,Low,Negative,Authentication Team,Open
Wayne Palmer,wlong@example.net,Free,Brazil,Mobile App,AI Analytics Platform,TKT-8BC050E576,Unable to reset password,"I have been trying to access my account since this morning using Microsoft Edge on my Linux desktop running iOS 18. The system displays 'OTP expired'. I already checked my spam folder, but the issue still persists. I cannot access my account. Kindly investigate this issue.",Password Reset,Low,Neutral,Authentication Team,Open
Frank Marshall,derekjones@example.net,Enterprise,India,Chat,API Platform,TKT-6D1C4D45E4,Authentication error,"I have been trying to access my account since today using Google Chrome on my iPhone running Android 15. The system displays 'Access denied'. I already used another device, but the issue still persists. I cannot continue my work. Please provide a solution.",Login,High,Negative,Authentication Team,Open
Kevin Anderson,daniel84@example.com,Enterprise,Australia,Phone,CRM Suite,TKT-0BF0906BF7,Password reset email not received,"I have been trying to access my account since today using Mozilla Firefox on my Linux desktop running Android 15. The system displays 'Unexpected server error'. I already checked my spam folder, but the issue still persists. My work is delayed. Kindly investigate this issue.",Password Reset,Low,Neutral,Authentication Team,Open
Jessica Johnson,tony33@example.com,Basic,Germany,Chat,Reporting Engine,TKT-0E0683095D,Temporary password not working,"I have been trying to access my account since last night using Mozilla Firefox on my MacBook Pro running Android 15. The system displays 'Invalid reset token'. I already requested another reset email, but the issue still persists. My work is delayed. Kindly investigate this issue.",Password Reset,Medium,Negative,Authentication Team,Open
Alan Lin MD,grayrobert@example.org,Premium,Brazil,Phone,Reporting Engine,TKT-DBF8C97D51,Unable to update profile,"I have been trying to access my account since today using Safari on my Android phone running Windows 11. The system displays 'Verification failed'. I already logged out and logged back in, but the issue still persists. My profile is incomplete. Kindly verify my account.",Account,Low,Neutral,Account Support Team,Open
Brittany Diaz,ehicks@example.org,Free,India,Chat,Mobile Application,TKT-A1C05D6921,Cannot create new password,"I have been trying to access my account since yesterday using Microsoft Edge on my Windows laptop running Ubuntu 24.04. The system displays 'Unexpected server error'. I already cleared browser cache, but the issue still persists. I cannot access my account. Kindly investigate this issue.",Password Reset,Medium,Neutral,Authentication Team,Open
Christopher Johnson,vibarra@example.com,Enterprise,Germany,Email,Web Dashboard,TKT-F5598ACCE4,Unable to reset password,"I have been trying to access my account since for the last two days using Safari on my Linux desktop running iOS 18. The system displays 'Verification failed'. I already used another device, but the issue still persists. My work is delayed. Kindly investigate this issue.",Password Reset,Medium,Negative,Authentication Team,Open
Julie Miller,alexandermichelle@example.net,Premium,Japan,Email,Cloud Storage,TKT-8C1FD4D0E7,Two-factor authentication failed,"I have been trying to access my account since last night using Microsoft Edge on my Linux desktop running Windows 11. The system displays 'Authentication failed'. I already reinstalled the application, but the issue still persists. My business operations are affected. Kindly resolve this as soon as possible.",Login,Medium,Negative,Authentication Team,Open
Michael Oneill,vtaylor@example.com,Free,United Kingdom,Phone,Mobile Application,TKT-8312C0F843,Account verification pending,"I have been trying to access my account since last week using Google Chrome on my Windows laptop running Windows 10. The system displays 'Verification failed'. I already cleared browser cache, but the issue still persists. My team cannot use account features. Please update my account.",Account,Medium,Neutral,Account Support Team,Open
Christopher Woods,andersonsamuel@example.com,Enterprise,Australia,Email,Web Dashboard,TKT-A5F5997446,Change registered email,"I have been trying to access my account since today using Safari on my MacBook Pro running Windows 10. The system displays 'Permission denied'. I already used another device, but the issue still persists. Business information is incorrect. Kindly verify my account.",Account,Low,Negative,Account Support Team,Open
Edward Padilla,cummingsadrian@example.com,Enterprise,Germany,Email,AI Analytics Platform,TKT-D69233CE48,Login page not responding,"I have been trying to access my account since yesterday using Safari on my iPhone running Ubuntu 24.04. The system displays 'Session expired'. I already restarted the application, but the issue still persists. My business operations are affected. Please provide a solution.",Login,Medium,Negative,Authentication Team,Open
James Miller,kevinthompson@example.net,Enterprise,Brazil,Phone,Cloud Storage,TKT-8597411791,Unable to reset password,"I have been trying to access my account since this morning using Microsoft Edge on my MacBook Pro running Ubuntu 24.04. The system displays 'Email not recognized'. I already requested another reset email, but the issue still persists. My team cannot access shared resources. Please help me reset my password.",Password Reset,Medium,Negative,Authentication Team,Open
Jeffery Morgan,lalvarez@example.net,Basic,UAE,Mobile App,Payment Gateway,TKT-ACF726653D,Password change failed,"I have been trying to access my account since yesterday using Mozilla Firefox on my iPhone running Ubuntu 24.04. The system displays 'Unexpected server error'. I already checked my spam folder, but the issue still persists. I cannot access my account. Looking forward to your assistance.",Password Reset,Low,Neutral,Authentication Team,Open
Nicole Rosales,heather12@example.org,Basic,Germany,Email,AI Analytics Platform,TKT-5D5EE5519C,Reset link expired,"I have been trying to access my account since for the last two days using Microsoft Edge on my MacBook Pro running Windows 11. The system displays 'Email not recognized'. I already checked my spam folder, but the issue still persists. My work is delayed. Please provide a working reset link.",Password Reset,Medium,Neutral,Authentication Team,Open
Anthony Riley,jamie73@example.com,Free,Brazil,Mobile App,AI Analytics Platform,TKT-09F90DFC74,Profile information incorrect,"I have been trying to access my account since this morning using Google Chrome on my MacBook Pro running macOS Sonoma. The system displays 'Permission denied'. I already updated my browser, but the issue still persists. My team cannot use account features. Please resolve this issue.",Account,Low,Negative,Account Support Team,Open
Robert Campbell,joanne02@example.org,Premium,Germany,Chat,CRM Suite,TKT-D4BFA64360,Unable to access dashboard,"I have been trying to access my account since yesterday using Google Chrome on my iPhone running Windows 11. The system displays 'Connection timeout'. I already reinstalled the application, but the issue still persists. I cannot continue my work. Please investigate this issue.",Login,Medium,Negative,Authentication Team,Open
William Hood,tpoole@example.net,Free,Japan,Mobile App,Cloud Storage,TKT-CAA810F4FF,Forgot password issue,"I have been trying to access my account since today using Safari on my iPad running Windows 11. The system displays 'Reset token expired'. I already checked my spam folder, but the issue still persists. I cannot continue using the platform. Kindly investigate this issue.",Password Reset,Medium,Negative,Authentication Team,Open
Ricky Webb,drush@example.net,Enterprise,Singapore,Phone,CRM Suite,TKT-2F5C195420,Organization details incorrect,"I have been trying to access my account since yesterday using Microsoft Edge on my Windows laptop running Ubuntu 24.04. The system displays 'Profile update failed'. I already updated my browser, but the issue still persists. Business information is incorrect. Please update my account.",Account,Medium,Neutral,Account Support Team,Open
Lisa Webster,oscar67@example.net,Premium,Singapore,Mobile App,API Platform,TKT-1283D08124,Cannot sign in,"I have been trying to access my account since yesterday using Google Chrome on my MacBook Pro running iOS 18. The system displays 'Authentication failed'. I already used another device, but the issue still persists. My business operations are affected. Kindly resolve this as soon as possible.",Login,Medium,Negative,Authentication Team,Open
Malik Castro Jr.,riveraerik@example.net,Premium,Japan,Chat,Mobile Application,TKT-CAC3734A4E,Profile information incorrect,"I have been trying to access my account since last week using Safari on my Linux desktop running Windows 10. The system displays 'Validation failed'. I already updated my browser, but the issue still persists. Business information is incorrect. Please resolve this issue.",Account,Medium,Negative,Account Support Team,Open
William Anderson IV,zcrawford@example.net,Enterprise,Japan,Chat,AI Analytics Platform,TKT-A4D4F4CEB8,Business profile issue,"I have been trying to access my account since last week using Google Chrome on my Linux desktop running Windows 10. The system displays 'Profile update failed'. I already logged out and logged back in, but the issue still persists. My profile is incomplete. Kindly verify my account.",Account,Low,Neutral,Account Support Team,Open
Susan Griffith,anne63@example.org,Free,Japan,Chat,Cloud Storage,TKT-BDED126AE9,Account locked after multiple attempts,"I have been trying to access my account since this morning using Mozilla Firefox on my MacBook Pro running macOS Sonoma. The system displays 'Authentication failed'. I already restarted the application, but the issue still persists. My business operations are affected. Please investigate this issue.",Login,Medium,Negative,Authentication Team,Open
Brian Mcneil,james33@example.net,Basic,Canada,Phone,Reporting Engine,TKT-3DFDFB30A0,Password reset loop,"I have been trying to access my account since yesterday using Microsoft Edge on my Android phone running Ubuntu 24.04. The system displays 'OTP expired'. I already cleared browser cache, but the issue still persists. My work is delayed. Kindly investigate this issue.",Password Reset,Low,Negative,Authentication Team,Open
Daniel Carrillo,lsmith@example.com,Free,Singapore,Mobile App,Payment Gateway,TKT-C3D976A50A,Unexpected logout after login,"I have been trying to access my account since for the past week using Safari on my Linux desktop running Windows 10. The system displays 'Invalid credentials'. I already reinstalled the application, but the issue still persists. I cannot continue my work. Looking forward to your assistance.",Login,Medium,Negative,Authentication Team,Open
Courtney Brooks,brandystafford@example.org,Enterprise,Germany,Phone,Mobile Application,TKT-42E6252656,Password reset loop,"I have been trying to access my account since yesterday using Google Chrome on my Windows laptop running macOS Sonoma. The system displays 'Reset token expired'. I already used another device, but the issue still persists. My work is delayed. Please provide a working reset link.",Password Reset,Low,Negative,Authentication Team,Open
Bailey Coleman,emilychase@example.net,Enterprise,USA,Website,Cloud Storage,TKT-3B692F76C6,Business profile issue,"I have been trying to access my account since today using Google Chrome on my MacBook Pro running macOS Sonoma. The system displays 'Profile update failed'. I already used another device, but the issue still persists. My profile is incomplete. Please update my account.",Account,Low,Neutral,Account Support Team,Open
Melissa Walker,christinagilbert@example.org,Basic,Germany,Email,Cloud Storage,TKT-C76B5F5C66,Temporary password not working,"I have been trying to access my account since today using Mozilla Firefox on my Android phone running Windows 11. The system displays 'Invalid reset token'. I already cleared browser cache, but the issue still persists. I cannot continue using the platform. Looking forward to your assistance.",Password Reset,Medium,Neutral,Authentication Team,Open
Patrick Hahn,lynn39@example.com,Free,Australia,Website,AI Analytics Platform,TKT-BD67098270,Forgot password issue,"I have been trying to access my account since this morning using Mozilla Firefox on my Linux desktop running Ubuntu 24.04. The system displays 'Verification failed'. I already checked my spam folder, but the issue still persists. My team cannot access shared resources. Please help me reset my password.",Password Reset,Medium,Neutral,Authentication Team,Open
Ronald Vincent,vincentkirk@example.net,Free,United Kingdom,Chat,Reporting Engine,TKT-8D119EC1BB,Organization details incorrect,"I have been trying to access my account since yesterday using Microsoft Edge on my Linux desktop running Android 15. The system displays 'Verification failed'. I already cleared browser cache, but the issue still persists. My profile is incomplete. Please update my account.",Account,Medium,Negative,Account Support Team,Open
Philip Wright,georgerodriguez@example.net,Enterprise,Brazil,Website,API Platform,TKT-8B170E0C3F,Business profile issue,"I have been trying to access my account since yesterday using Safari on my Windows laptop running Android 15. The system displays 'Profile update failed'. I already cleared browser cache, but the issue still persists. My team cannot use account features. Please resolve this issue.",Account,Low,Neutral,Account Support Team,Open
Kathy Prince,jjones@example.net,Basic,Japan,Website,CRM Suite,TKT-67C43B5CF5,Unable to verify account,"I have been trying to access my account since today using Safari on my Linux desktop running macOS Sonoma. The system displays 'Profile update failed'. I already updated my browser, but the issue still persists. My profile is incomplete. Kindly verify my account.",Account,Medium,Negative,Account Support Team,Open
Samantha Andrews,holmesjeffrey@example.com,Premium,UAE,Mobile App,Payment Gateway,TKT-C3A8E60267,Business profile issue,"I have been trying to access my account since this morning using Mozilla Firefox on my Windows laptop running Ubuntu 24.04. The system displays 'Unexpected server error'. I already used another device, but the issue still persists. My profile is incomplete. Kindly verify my account.",Account,Medium,Negative,Account Support Team,Open
Mr. Craig Robinson MD,ywatson@example.net,Premium,India,Mobile App,API Platform,TKT-FC360CE935,Profile information incorrect,"I have been trying to access my account since today using Google Chrome on my Linux desktop running Ubuntu 24.04. The system displays 'Unexpected server error'. I already updated my browser, but the issue still persists. My team cannot use account features. Please update my account.",Account,Low,Negative,Account Support Team,Open
Patricia Oneill,iadkins@example.com,Free,Singapore,Website,Mobile Application,TKT-AE762C2D11,Account locked,"I have been trying to access my account since today using Mozilla Firefox on my Linux desktop running Windows 10. The system displays 'Permission denied'. I already cleared browser cache, but the issue still persists. My team cannot use account features. Kindly verify my account.",Account,Low,Negative,Account Support Team,Open
Darrell Chapman,mitchellporter@example.org,Free,UAE,Website,Reporting Engine,TKT-A75F57BFC6,Cannot create new password,"I have been trying to access my account since this morning using Safari on my Windows laptop running Android 15. The system displays 'Verification failed'. I already cleared browser cache, but the issue still persists. My work is delayed. Please help me reset my password.",Password Reset,Medium,Neutral,Authentication Team,Open
Michele Moore,gregorycohen@example.com,Free,UAE,Website,CRM Suite,TKT-FC78B9001F,Reset code invalid,"I have been trying to access my account since yesterday using Mozilla Firefox on my Android phone running macOS Sonoma. The system displays 'Verification failed'. I already checked my spam folder, but the issue still persists. I cannot continue using the platform. Kindly investigate this issue.",Password Reset,Low,Neutral,Authentication Team,Open
Marissa Roberts,kbrown@example.com,Premium,India,Chat,Reporting Engine,TKT-BBC14F1C2E,Unable to update profile,"I have been trying to access my account since this morning using Google Chrome on my MacBook Pro running macOS Sonoma. The system displays 'Permission denied'. I already cleared browser cache, but the issue still persists. My profile is incomplete. Please resolve this issue.",Account,Low,Neutral,Account Support Team,Open
Michele Lee,ortizhenry@example.org,Enterprise,Australia,Phone,CRM Suite,TKT-4464558E1C,Reset link expired,"I have been trying to access my account since yesterday using Google Chrome on my Windows laptop running macOS Sonoma. The system displays 'Unexpected server error'. I already tried another browser, but the issue still persists. I cannot continue using the platform. Please help me reset my password.",Password Reset,Low,Negative,Authentication Team,Open
Scott Lee,johnwood@example.com,Basic,UAE,Website,API Platform,TKT-7DCC84EA55,Login stuck on loading screen,"I have been trying to access my account since yesterday using Microsoft Edge on my Linux desktop running iOS 18. The system displays 'Connection timeout'. I already tried another browser, but the issue still persists. I cannot continue my work. Please provide a solution.",Login,Medium,Negative,Authentication Team,Open
Tyler Perez,jrhodes@example.org,Basic,Japan,Mobile App,AI Analytics Platform,TKT-874138258E,Organization details incorrect,"I have been trying to access my account since yesterday using Safari on my Linux desktop running Android 15. The system displays 'Permission denied'. I already logged out and logged back in, but the issue still persists. Business information is incorrect. Please resolve this issue.",Account,Low,Neutral,Account Support Team,Open
Justin Gomez,jenny35@example.net,Premium,USA,Chat,Web Dashboard,TKT-474922F526,Login failed,"I have been trying to access my account since for the past week using Mozilla Firefox on my iPad running Windows 10. The system displays 'Authentication failed'. I already tried another browser, but the issue still persists. I cannot continue my work. Kindly resolve this as soon as possible.",Login,High,Negative,Authentication Team,Open
Tara Davis,deborah17@example.net,Enterprise,United Kingdom,Phone,Cloud Storage,TKT-61BEEE46D6,Unable to update profile,"I have been trying to access my account since this morning using Mozilla Firefox on my Android phone running Windows 10. The system displays 'Permission denied'. I already updated my browser, but the issue still persists. My team cannot use account features. Please resolve this issue.",Account,Medium,Neutral,Account Support Team,Open
Elizabeth Clark,pamelamendoza@example.org,Enterprise,Japan,Mobile App,Payment Gateway,TKT-3C86877E40,Unable to verify account,"I have been trying to access my account since yesterday using Microsoft Edge on my Android phone running Android 15. The system displays 'Unexpected server error'. I already used another device, but the issue still persists. My team cannot use account features. Kindly verify my account.",Account,Low,Negative,Account Support Team,Open
Laura Ray,ejones@example.com,Enterprise,UAE,Email,Reporting Engine,TKT-37691FAF44,Account verification pending,"I have been trying to access my account since yesterday using Google Chrome on my MacBook Pro running iOS 18. The system displays 'Profile update failed'. I already cleared browser cache, but the issue still persists. Business information is incorrect. Please update my account.",Account,Medium,Negative,Account Support Team,Open
Nicole Orozco,rodrigueztaylor@example.net,Basic,Brazil,Mobile App,Mobile Application,TKT-6066783D07,Account locked,"I have been trying to access my account since yesterday using Safari on my Android phone running iOS 18. The system displays 'Validation failed'. I already updated my browser, but the issue still persists. Business information is incorrect. Kindly verify my account.",Account,Low,Negative,Account Support Team,Open
Ryan Melendez,thomasortiz@example.com,Enterprise,United Kingdom,Chat,Payment Gateway,TKT-D29AAE6E1D,Account settings not saving,"I have been trying to access my account since today using Safari on my iPhone running macOS Sonoma. The system displays 'Verification failed'. I already updated my browser, but the issue still persists. My team cannot use account features. Kindly verify my account.",Account,Medium,Neutral,Account Support Team,Open
Gordon Sanchez,danielle56@example.com,Enterprise,UAE,Email,Mobile Application,TKT-62044A5F96,Unexpected logout after login,"I have been trying to access my account since this morning using Microsoft Edge on my Android phone running Android 15. The system displays 'Internal server error'. I already cleared browser cache, but the issue still persists. This issue is impacting productivity. Please provide a solution.",Login,High,Negative,Authentication Team,Open
Danny Brown,jasonhoward@example.org,Free,USA,Chat,Mobile Application,TKT-569F743188,Account locked after multiple attempts,"I have been trying to access my account since yesterday using Microsoft Edge on my Linux desktop running iOS 18. The system displays 'Invalid credentials'. I already used another device, but the issue still persists. This issue is impacting productivity. Please provide a solution.",Login,Medium,Negative,Authentication Team,Open
Sabrina Davis,samanthasanders@example.com,Enterprise,Singapore,Mobile App,API Platform,TKT-2B634ED46B,Password reset loop,"I have been trying to access my account since yesterday using Safari on my Windows laptop running Ubuntu 24.04. The system displays 'Invalid reset token'. I already requested another reset email, but the issue still persists. I cannot access my account. Please help me reset my password.",Password Reset,Medium,Negative,Authentication Team,Open
Charles Smith,tproctor@example.com,Premium,Canada,Phone,Payment Gateway,TKT-C120DB10AB,Reset link expired,"I have been trying to access my account since yesterday using Mozilla Firefox on my MacBook Pro running iOS 18. The system displays 'Verification failed'. I already cleared browser cache, but the issue still persists. My team cannot access shared resources. Kindly investigate this issue.",Password Reset,Low,Neutral,Authentication Team,Open
Darren Sullivan,glennrichard@example.com,Free,Brazil,Mobile App,Web Dashboard,TKT-3B8CA47780,Unable to access dashboard,"I have been trying to access my account since for the last two days using Mozilla Firefox on my iPhone running Windows 10. The system displays 'Connection timeout'. I already reinstalled the application, but the issue still persists. I cannot continue my work. Looking forward to your assistance.",Login,High,Negative,Authentication Team,Open
Kevin Lopez,margaretroberson@example.net,Enterprise,Japan,Email,AI Analytics Platform,TKT-BDCD490615,Account settings not saving,"I have been trying to access my account since last week using Safari on my iPhone running Windows 11. The system displays 'Unexpected server error'. I already used another device, but the issue still persists. Business information is incorrect. Please resolve this issue.",Account,Medium,Negative,Account Support Team,Open
Morgan Ward,david45@example.com,Free,Japan,Email,Payment Gateway,TKT-B8D944E0AA,Account settings not saving,"I have been trying to access my account since this morning using Safari on my Android phone running Android 15. The system displays 'Unexpected server error'. I already updated my browser, but the issue still persists. Business information is incorrect. Kindly verify my account.",Account,Low,Negative,Account Support Team,Open
Denise King DVM,sjones@example.org,Free,United Kingdom,Website,Payment Gateway,TKT-2B37AEFA2F,Reset code invalid,"I have been trying to access my account since for the last two days using Microsoft Edge on my MacBook Pro running Ubuntu 24.04. The system displays 'Verification failed'. I already tried another browser, but the issue still persists. My team cannot access shared resources. Please help me reset my password.",Password Reset,Low,Neutral,Authentication Team,Open
Monica Boyd,hessjessica@example.net,Free,Singapore,Mobile App,CRM Suite,TKT-D9FD6E6BA9,Account locked,"I have been trying to access my account since last week using Google Chrome on my Android phone running Windows 10. The system displays 'Verification failed'. I already logged out and logged back in, but the issue still persists. Business information is incorrect. Kindly verify my account.",Account,Low,Negative,Account Support Team,Open
Maria Sullivan,sarahnguyen@example.net,Premium,USA,Chat,API Platform,TKT-E48F23A9B5,Cannot create new password,"I have been trying to access my account since this morning using Mozilla Firefox on my Windows laptop running Ubuntu 24.04. The system displays 'Invalid reset token'. I already tried another browser, but the issue still persists. My work is delayed. Kindly investigate this issue.",Password Reset,Medium,Neutral,Authentication Team,Open
Martin Bishop,kimjames@example.net,Enterprise,Japan,Website,Web Dashboard,TKT-CC6D6D528E,Business profile issue,"I have been trying to access my account since last week using Safari on my Linux desktop running Android 15. The system displays 'Verification failed'. I already logged out and logged back in, but the issue still persists. Business information is incorrect. Please resolve this issue.",Account,Medium,Neutral,Account Support Team,Open
Shane Massey,dominiquecampbell@example.com,Enterprise,Singapore,Email,Payment Gateway,TKT-6E1A9FA7AF,Account settings not saving,"I have been trying to access my account since last week using Safari on my Linux desktop running Android 15. The system displays 'Unexpected server error'. I already logged out and logged back in, but the issue still persists. My team cannot use account features. Please resolve this issue.",Account,Low,Negative,Account Support Team,Open
Austin Gonzalez,cameronmartin@example.net,Premium,India,Email,Mobile Application,TKT-DAAFD73ED6,Organization details incorrect,"I have been trying to access my account since last week using Microsoft Edge on my Windows laptop running Android 15. The system displays 'Profile update failed'. I already logged out and logged back in, but the issue still persists. My profile is incomplete. Kindly verify my account.",Account,Low,Negative,Account Support Team,Open
Mr. Christopher Jones DDS,nguyenjennifer@example.com,Basic,Japan,Phone,API Platform,TKT-527AF5DF64,Unable to reset password,"I have been trying to access my account since last night using Safari on my iPhone running Android 15. The system displays 'Unexpected server error'. I already cleared browser cache, but the issue still persists. My team cannot access shared resources. Please help me reset my password.",Password Reset,Medium,Neutral,Authentication Team,Open
Travis Cochran,schwartzjack@example.org,Enterprise,Australia,Website,Reporting Engine,TKT-EBB7F30112,Unable to login,"I have been trying to access my account since yesterday using Google Chrome on my Linux desktop running iOS 18. The system displays 'Internal server error'. I already tried another browser, but the issue still persists. I cannot continue my work. Kindly resolve this as soon as possible.",Login,Medium,Negative,Authentication Team,Open
Sarah Jackson,xbell@example.net,Basic,Japan,Chat,API Platform,TKT-45E29469E2,Account verification pending,"I have been trying to access my account since last week using Google Chrome on my Windows laptop running Windows 11. The system displays 'Unexpected server error'. I already logged out and logged back in, but the issue still persists. Business information is incorrect. Please update my account.",Account,Medium,Negative,Account Support Team,Open
Nicholas Davis,deborahbenton@example.net,Free,Germany,Mobile App,API Platform,TKT-404F13852A,Login stuck on loading screen,"I have been trying to access my account since last night using Google Chrome on my Windows laptop running iOS 18. The system displays 'Unexpected server error'. I already used another device, but the issue still persists. My support team is blocked. Please provide a solution.",Login,High,Negative,Authentication Team,Open
Randall Schmidt,rpalmer@example.com,Enterprise,Singapore,Mobile App,API Platform,TKT-796F3DBD74,Change registered email,"I have been trying to access my account since this morning using Mozilla Firefox on my Android phone running Android 15. The system displays 'Unexpected server error'. I already used another device, but the issue still persists. My team cannot use account features. Please resolve this issue.",Account,Low,Negative,Account Support Team,Open
Wesley Roberts,megan31@example.net,Free,USA,Phone,Cloud Storage,TKT-1ED02073E9,Cannot create new password,"I have been trying to access my account since for the last two days using Google Chrome on my Linux desktop running Ubuntu 24.04. The system displays 'Reset token expired'. I already used another device, but the issue still persists. My team cannot access shared resources. Looking forward to your assistance.",Password Reset,Medium,Neutral,Authentication Team,Open
Ashley Bradley,curtis78@example.org,Basic,Singapore,Chat,AI Analytics Platform,TKT-7A593168A2,Password change failed,"I have been trying to access my account since for the last two days using Google Chrome on my iPhone running macOS Sonoma. The system displays 'Reset token expired'. I already checked my spam folder, but the issue still persists. My work is delayed. Please provide a working reset link.",Password Reset,Medium,Neutral,Authentication Team,Open
Stephen Brooks,elester@example.net,Enterprise,Japan,Phone,Payment Gateway,TKT-4E1C8EA158,Reset link expired,"I have been trying to access my account since last night using Google Chrome on my Linux desktop running Ubuntu 24.04. The system displays 'Verification failed'. I already cleared browser cache, but the issue still persists. My work is delayed. Looking forward to your assistance.",Password Reset,Low,Negative,Authentication Team,Open
Jennifer Hudson,brenda82@example.org,Basic,United Kingdom,Chat,API Platform,TKT-EF18DF2D7A,Authentication error,"I have been trying to access my account since today using Google Chrome on my Android phone running Ubuntu 24.04. The system displays 'Session expired'. I already reset my password, but the issue still persists. This issue is impacting productivity. Kindly resolve this as soon as possible.",Login,High,Negative,Authentication Team,Open
Diane Bradley,richardbarrera@example.net,Free,Australia,Phone,Reporting Engine,TKT-7283758D62,Cannot create new password,"I have been trying to access my account since today using Safari on my iPad running Windows 10. The system displays 'Email not recognized'. I already requested another reset email, but the issue still persists. My work is delayed. Please help me reset my password.",Password Reset,Low,Neutral,Authentication Team,Open
Antonio Hodges,alexandriahoffman@example.org,Free,USA,Website,Reporting Engine,TKT-CF9BDDD461,Unable to reset password,"I have been trying to access my account since for the last two days using Safari on my iPad running iOS 18. The system displays 'Reset token expired'. I already checked my spam folder, but the issue still persists. I cannot access my account. Please help me reset my password.",Password Reset,Medium,Negative,Authentication Team,Open
Dawn Peters,erivas@example.com,Enterprise,Singapore,Website,Mobile Application,TKT-C33580C013,Authentication error,"I have been trying to access my account since last night using Microsoft Edge on my MacBook Pro running Android 15. The system displays 'Session expired'. I already reset my password, but the issue still persists. This issue is impacting productivity. Looking forward to your assistance.",Login,High,Negative,Authentication Team,Open
Denise Dodson,justin59@example.net,Basic,Japan,Phone,AI Analytics Platform,TKT-45003531FC,Unable to login,"I have been trying to access my account since for the last two days using Google Chrome on my MacBook Pro running Windows 10. The system displays 'Internal server error'. I already disabled VPN, but the issue still persists. My business operations are affected. Kindly resolve this as soon as possible.",Login,High,Negative,Authentication Team,Open
Rhonda Powell,suttonsara@example.net,Free,Australia,Website,Payment Gateway,TKT-94C3945734,Reset link expired,"I have been trying to access my account since yesterday using Google Chrome on my Linux desktop running iOS 18. The system displays 'Unexpected server error'. I already requested another reset email, but the issue still persists. I cannot continue using the platform. Looking forward to your assistance.",Password Reset,Medium,Negative,Authentication Team,Open
Veronica Thomas,martinezjasmine@example.net,Free,Brazil,Chat,AI Analytics Platform,TKT-DA285B022E,Unexpected logout after login,"I have been trying to access my account since this morning using Google Chrome on my Linux desktop running macOS Sonoma. The system displays 'Connection timeout'. I already reinstalled the application, but the issue still persists. I cannot continue my work. Looking forward to your assistance.",Login,High,Negative,Authentication Team,Open
Christopher Chaney,schneiderjacob@example.net,Free,USA,Mobile App,CRM Suite,TKT-DB60C61812,Unable to verify account,"I have been trying to access my account since yesterday using Microsoft Edge on my iPhone running Android 15. The system displays 'Validation failed'. I already updated my browser, but the issue still persists. My profile is incomplete. Please update my account.",Account,Medium,Neutral,Account Support Team,Open
Sharon Hill,lpoole@example.com,Free,India,Email,Reporting Engine,TKT-46680D1572,Password change failed,"I have been trying to access my account since this morning using Microsoft Edge on my Windows laptop running iOS 18. The system displays 'Verification failed'. I already tried another browser, but the issue still persists. My team cannot access shared resources. Please help me reset my password.",Password Reset,Low,Negative,Authentication Team,Open
Kevin Hunter,karlajones@example.com,Enterprise,Singapore,Chat,Mobile Application,TKT-B10059F996,Organization details incorrect,"I have been trying to access my account since today using Mozilla Firefox on my iPhone running Windows 11. The system displays 'Unexpected server error'. I already logged out and logged back in, but the issue still persists. Business information is incorrect. Please resolve this issue.",Account,Medium,Neutral,Account Support Team,Open
Kristin Alvarez,ajenkins@example.org,Basic,United Kingdom,Email,Payment Gateway,TKT-9B411B3C51,Phone number update failed,"I have been trying to access my account since this morning using Safari on my Android phone running Windows 10. The system displays 'Profile update failed'. I already used another device, but the issue still persists. My profile is incomplete. Kindly verify my account.",Account,Low,Neutral,Account Support Team,Open
Derek Christian,matthewsjanet@example.org,Premium,Australia,Chat,AI Analytics Platform,TKT-FF661D1E7E,Password reset loop,"I have been trying to access my account since yesterday using Google Chrome on my iPad running Windows 10. The system displays 'Unexpected server error'. I already checked my spam folder, but the issue still persists. My work is delayed. Please help me reset my password.",Password Reset,Medium,Neutral,Authentication Team,Open
Jermaine Williams,edwardsfrank@example.org,Free,United Kingdom,Chat,Payment Gateway,TKT-E3511EB472,Cannot sign in,"I have been trying to access my account since for the past week using Safari on my MacBook Pro running macOS Sonoma. The system displays 'Connection timeout'. I already disabled VPN, but the issue still persists. This issue is impacting productivity. Looking forward to your assistance.",Login,Medium,Negative,Authentication Team,Open
Dave Tyler,cathy84@example.net,Enterprise,USA,Mobile App,Payment Gateway,TKT-F7988A9B10,Account locked,"I have been trying to access my account since last week using Mozilla Firefox on my MacBook Pro running Windows 10. The system displays 'Validation failed'. I already cleared browser cache, but the issue still persists. My team cannot use account features. Please update my account.",Account,Medium,Neutral,Account Support Team,Open
Bradley Porter,jenniferchaney@example.net,Enterprise,Brazil,Email,Reporting Engine,TKT-6B0B82ED34,Unable to access dashboard,"I have been trying to access my account since this morning using Microsoft Edge on my MacBook Pro running macOS Sonoma. The system displays 'Unexpected server error'. I already reset my password, but the issue still persists. This issue is impacting productivity. Please investigate this issue.",Login,High,Negative,Authentication Team,Open
Stephen Henderson,egarcia@example.net,Free,Singapore,Email,CRM Suite,TKT-14F6F332D7,Login stuck on loading screen,"I have been trying to access my account since yesterday using Safari on my iPad running Windows 11. The system displays 'Internal server error'. I already reset my password, but the issue still persists. My support team is blocked. Kindly resolve this as soon as possible.",Login,Medium,Negative,Authentication Team,Open
John Morse,amycombs@example.org,Basic,India,Chat,API Platform,TKT-3B64445776,Account locked,"I have been trying to access my account since yesterday using Microsoft Edge on my Linux desktop running Windows 10. The system displays 'Unexpected server error'. I already updated my browser, but the issue still persists. My profile is incomplete. Kindly verify my account.",Account,Medium,Negative,Account Support Team,Open
Joanne Griffin,randyraymond@example.com,Free,Germany,Email,Payment Gateway,TKT-7ADF36365E,Login page not responding,"I have been trying to access my account since last night using Google Chrome on my MacBook Pro running Windows 11. The system displays 'Invalid credentials'. I already cleared browser cache, but the issue still persists. I cannot continue my work. Please investigate this issue.",Login,Medium,Negative,Authentication Team,Open
Kaitlyn Burns,ysmith@example.org,Basic,UAE,Website,Web Dashboard,TKT-8445E45D82,Password reset loop,"I have been trying to access my account since this morning using Microsoft Edge on my Windows laptop running iOS 18. The system displays 'Verification failed'. I already tried another browser, but the issue still persists. My work is delayed. Looking forward to your assistance.",Password Reset,Low,Neutral,Authentication Team,Open
Steven Bailey,millerlaura@example.com,Premium,Brazil,Mobile App,CRM Suite,TKT-7ADB1DD6C2,Password reset loop,"I have been trying to access my account since for the last two days using Microsoft Edge on my Linux desktop running Windows 10. The system displays 'Verification failed'. I already used another device, but the issue still persists. I cannot access my account. Please help me reset my password.",Password Reset,Medium,Neutral,Authentication Team,Open
Christopher Morris,lisa65@example.org,Premium,UAE,Chat,Payment Gateway,TKT-3F7729D2C7,Login stuck on loading screen,"I have been trying to access my account since today using Mozilla Firefox on my Android phone running Windows 10. The system displays 'Connection timeout'. I already disabled VPN, but the issue still persists. I cannot continue my work. Looking forward to your assistance.",Login,Medium,Negative,Authentication Team,Open
Mary Shepard,kingthomas@example.com,Free,United Kingdom,Phone,API Platform,TKT-8389F3488F,Password reset page not working,"I have been trying to access my account since today using Google Chrome on my iPad running iOS 18. The system displays 'Email not recognized'. I already checked my spam folder, but the issue still persists. I cannot access my account. Please provide a working reset link.",Password Reset,Low,Negative,Authentication Team,Open
Elizabeth Mitchell,littlejessica@example.net,Free,UAE,Website,Reporting Engine,TKT-7D369AE28F,Unable to access dashboard,"I have been trying to access my account since this morning using Google Chrome on my Windows laptop running macOS Sonoma. The system displays 'Unexpected server error'. I already tried another browser, but the issue still persists. My support team is blocked. Looking forward to your assistance.",Login,High,Negative,Authentication Team,Open
Natasha Dunn,matthewsdiane@example.com,Basic,India,Website,Reporting Engine,TKT-33A6AE4C47,Organization details incorrect,"I have been trying to access my account since yesterday using Google Chrome on my iPhone running Android 15. The system displays 'Permission denied'. I already logged out and logged back in, but the issue still persists. Business information is incorrect. Please update my account.",Account,Medium,Negative,Account Support Team,Open
Michael Mayer,bcombs@example.com,Basic,UAE,Website,Mobile Application,TKT-67DC178FFC,Forgot password issue,"I have been trying to access my account since today using Safari on my MacBook Pro running Windows 11. The system displays 'Verification failed'. I already checked my spam folder, but the issue still persists. My work is delayed. Looking forward to your assistance.",Password Reset,Medium,Neutral,Authentication Team,Open
Michael Moore,humphreyreginald@example.net,Enterprise,United Kingdom,Chat,Cloud Storage,TKT-31C8170526,Business profile issue,"I have been trying to access my account since last week using Safari on my MacBook Pro running Android 15. The system displays 'Verification failed'. I already cleared browser cache, but the issue still persists. My team cannot use account features. Please update my account.",Account,Medium,Neutral,Account Support Team,Open
Oscar Gonzalez,ricky89@example.net,Enterprise,USA,Chat,API Platform,TKT-9D976B5047,Forgot password issue,"I have been trying to access my account since last night using Safari on my Android phone running Ubuntu 24.04. The system displays 'Unexpected server error'. I already tried another browser, but the issue still persists. My work is delayed. Please help me reset my password.",Password Reset,Medium,Neutral,Authentication Team,Open
Jeffrey Sullivan,mcconnellcourtney@example.org,Free,Canada,Chat,Cloud Storage,TKT-F8A8BEF082,Account settings not saving,"I have been trying to access my account since this morning using Microsoft Edge on my MacBook Pro running Android 15. The system displays 'Permission denied'. I already logged out and logged back in, but the issue still persists. My team cannot use account features. Please update my account.",Account,Low,Neutral,Account Support Team,Open
Nicholas Robinson,pamelabrock@example.net,Premium,India,Mobile App,API Platform,TKT-153FA63661,Password reset email not received,"I have been trying to access my account since last night using Safari on my Android phone running Windows 10. The system displays 'Unexpected server error'. I already used another device, but the issue still persists. I cannot access my account. Looking forward to your assistance.",Password Reset,Medium,Neutral,Authentication Team,Open
Steve Andersen,zwright@example.net,Free,United Kingdom,Chat,CRM Suite,TKT-9728073AB8,Temporary password not working,"I have been trying to access my account since last night using Safari on my Linux desktop running Windows 10. The system displays 'Reset token expired'. I already used another device, but the issue still persists. My work is delayed. Please provide a working reset link.",Password Reset,Medium,Negative,Authentication Team,Open
Erin Bartlett,barbaraduncan@example.net,Basic,Singapore,Email,Reporting Engine,TKT-8E83F98FDC,Account locked after multiple attempts,"I have been trying to access my account since this morning using Safari on my iPhone running Ubuntu 24.04. The system displays 'Authentication failed'. I already disabled VPN, but the issue still persists. Customers are waiting for a response. Kindly resolve this as soon as possible.",Login,High,Negative,Authentication Team,Open
Gregory Tucker,browe@example.org,Premium,UAE,Chat,CRM Suite,TKT-CE6CB9BE62,Unable to verify account,"I have been trying to access my account since last week using Microsoft Edge on my MacBook Pro running macOS Sonoma. The system displays 'Profile update failed'. I already cleared browser cache, but the issue still persists. My team cannot use account features. Please update my account.",Account,Medium,Negative,Account Support Team,Open
Christopher Jenkins Jr.,wwilliams@example.com,Premium,UAE,Chat,Web Dashboard,TKT-022828E8EC,Business profile issue,"I have been trying to access my account since last week using Safari on my Windows laptop running Windows 11. The system displays 'Verification failed'. I already used another device, but the issue still persists. My team cannot use account features. Kindly verify my account.",Account,Medium,Negative,Account Support Team,Open
Timothy Martinez,austinanderson@example.org,Premium,Australia,Mobile App,Cloud Storage,TKT-07CBA92E38,Phone number update failed,"I have been trying to access my account since today using Mozilla Firefox on my iPhone running Windows 11. The system displays 'Profile update failed'. I already cleared browser cache, but the issue still persists. Business information is incorrect. Please resolve this issue.",Account,Low,Negative,Account Support Team,Open
Jesse Hernandez,nsmith@example.net,Enterprise,Canada,Email,CRM Suite,TKT-85BB028791,Account locked after multiple attempts,"I have been trying to access my account since this morning using Safari on my Linux desktop running Windows 10. The system displays 'Access denied'. I already reinstalled the application, but the issue still persists. My business operations are affected. Kindly resolve this as soon as possible.",Login,High,Negative,Authentication Team,Open
Amanda Frazier,xmosley@example.com,Free,Germany,Chat,Reporting Engine,TKT-65E9B81249,Password reset loop,"I have been trying to access my account since last night using Safari on my MacBook Pro running Windows 11. The system displays 'Email not recognized'. I already cleared browser cache, but the issue still persists. My work is delayed. Kindly investigate this issue.",Password Reset,Low,Negative,Authentication Team,Open
Roberto Morris,andrew88@example.org,Enterprise,Germany,Phone,API Platform,TKT-AB0438D259,Forgot password issue,"I have been trying to access my account since last night using Google Chrome on my Windows laptop running Windows 10. The system displays 'OTP expired'. I already requested another reset email, but the issue still persists. My team cannot access shared resources. Looking forward to your assistance.",Password Reset,Medium,Negative,Authentication Team,Open
Jacob Lawson,murilloshane@example.com,Basic,Canada,Chat,Payment Gateway,TKT-956EC48119,Login failed,"I have been trying to access my account since yesterday using Google Chrome on my Android phone running Windows 11. The system displays 'Unexpected server error'. I already used another device, but the issue still persists. I cannot continue my work. Please investigate this issue.",Login,High,Negative,Authentication Team,Open
Michael Waters,jacobbass@example.com,Enterprise,Canada,Phone,Mobile Application,TKT-05EFC21837,Password change failed,"I have been trying to access my account since last night using Microsoft Edge on my Android phone running Android 15. The system displays 'Invalid reset token'. I already cleared browser cache, but the issue still persists. I cannot access my account. Kindly investigate this issue.",Password Reset,Medium,Neutral,Authentication Team,Open
Robert Vasquez,stephennelson@example.org,Free,India,Website,Cloud Storage,TKT-6E021F1B2A,Unexpected logout after login,"I have been trying to access my account since last night using Mozilla Firefox on my Windows laptop running Android 15. The system displays 'Access denied'. I already reinstalled the application, but the issue still persists. This issue is impacting productivity. Please provide a solution.",Login,Medium,Negative,Authentication Team,Open
Kimberly Rocha,rmiller@example.net,Premium,India,Phone,Mobile Application,TKT-82085D4D7C,Password change failed,"I have been trying to access my account since yesterday using Google Chrome on my Linux desktop running Windows 11. The system displays 'Unexpected server error'. I already cleared browser cache, but the issue still persists. I cannot access my account. Looking forward to your assistance.",Password Reset,Medium,Negative,Authentication Team,Open
Monica Gillespie,moorehenry@example.com,Free,Japan,Mobile App,CRM Suite,TKT-BD54CE1151,Cannot create new password,"I have been trying to access my account since this morning using Microsoft Edge on my Windows laptop running Windows 11. The system displays 'Reset token expired'. I already checked my spam folder, but the issue still persists. My team cannot access shared resources. Kindly investigate this issue.",Password Reset,Medium,Neutral,Authentication Team,Open
Adrienne Nguyen,victoria45@example.org,Free,Singapore,Phone,Reporting Engine,TKT-A4B77DAB14,Organization details incorrect,"I have been trying to access my account since today using Mozilla Firefox on my MacBook Pro running Windows 10. The system displays 'Profile update failed'. I already logged out and logged back in, but the issue still persists. My team cannot use account features. Kindly verify my account.",Account,Low,Neutral,Account Support Team,Open
Jordan King,mitchell66@example.com,Free,Singapore,Email,AI Analytics Platform,TKT-B1BE129EFB,Cannot sign in,"I have been trying to access my account since this morning using Mozilla Firefox on my Windows laptop running iOS 18. The system displays 'Session expired'. I already reset my password, but the issue still persists. Customers are waiting for a response. Kindly resolve this as soon as possible.",Login,High,Negative,Authentication Team,Open
Karen Jenkins,eddiesandoval@example.net,Premium,United Kingdom,Phone,Mobile Application,TKT-3558419BF2,Unable to login,"I have been trying to access my account since for the past week using Safari on my iPad running Windows 10. The system displays 'Access denied'. I already reinstalled the application, but the issue still persists. My business operations are affected. Please investigate this issue.",Login,Medium,Negative,Authentication Team,Open
William Campbell,steven57@example.net,Free,Singapore,Website,API Platform,TKT-AC1A4C6D56,Unable to reset password,"I have been trying to access my account since this morning using Mozilla Firefox on my iPhone running Ubuntu 24.04. The system displays 'OTP expired'. I already checked my spam folder, but the issue still persists. I cannot access my account. Please help me reset my password.",Password Reset,Medium,Neutral,Authentication Team,Open
Mary Welch,evillegas@example.net,Free,India,Email,Cloud Storage,TKT-ED6E42B361,Phone number update failed,"I have been trying to access my account since last week using Microsoft Edge on my MacBook Pro running Android 15. The system displays 'Profile update failed'. I already logged out and logged back in, but the issue still persists. My profile is incomplete. Kindly verify my account.",Account,Low,Neutral,Account Support Team,Open
Chris Dunn,aaronsimpson@example.com,Enterprise,Canada,Phone,API Platform,TKT-0F2012CAE1,Unable to verify account,"I have been trying to access my account since last week using Google Chrome on my Linux desktop running Windows 10. The system displays 'Verification failed'. I already logged out and logged back in, but the issue still persists. Business information is incorrect. Please update my account.",Account,Medium,Neutral,Account Support Team,Open
Jeremy Cherry,amanda76@example.net,Enterprise,UAE,Email,Mobile Application,TKT-9CA4D178CA,Unable to access dashboard,"I have been trying to access my account since for the past week using Microsoft Edge on my iPhone running Ubuntu 24.04. The system displays 'Internal server error'. I already cleared browser cache, but the issue still persists. I cannot continue my work. Looking forward to your assistance.",Login,Medium,Negative,Authentication Team,Open
Jennifer Anderson,raylauren@example.net,Basic,Canada,Website,Cloud Storage,TKT-E2AB64F3E3,Password reset loop,"I have been trying to access my account since today using Safari on my MacBook Pro running Windows 10. The system displays 'Unexpected server error'. I already tried another browser, but the issue still persists. My team cannot access shared resources. Please help me reset my password.",Password Reset,Low,Negative,Authentication Team,Open
Christopher Jackson,zwilliams@example.net,Premium,India,Mobile App,Cloud Storage,TKT-F51D589467,Unable to verify account,"I have been trying to access my account since this morning using Safari on my iPhone running Windows 10. The system displays 'Validation failed'. I already cleared browser cache, but the issue still persists. My team cannot use account features. Kindly verify my account.",Account,Medium,Neutral,Account Support Team,Open
Daniel Ortega,caroline25@example.org,Premium,Australia,Mobile App,API Platform,TKT-2C40D50A05,Temporary password not working,"I have been trying to access my account since today using Safari on my MacBook Pro running Windows 11. The system displays 'Invalid reset token'. I already checked my spam folder, but the issue still persists. I cannot access my account. Please help me reset my password.",Password Reset,Medium,Neutral,Authentication Team,Open
Zachary Padilla,ryanshepherd@example.net,Premium,Germany,Website,Mobile Application,TKT-BE1CA42BDF,Login page not responding,"I have been trying to access my account since for the past week using Safari on my MacBook Pro running Android 15. The system displays 'Access denied'. I already reset my password, but the issue still persists. My business operations are affected. Kindly resolve this as soon as possible.",Login,Medium,Negative,Authentication Team,Open
Dawn Watson,deannafarmer@example.net,Basic,USA,Phone,Cloud Storage,TKT-DBB2290522,Cannot create new password,"I have been trying to access my account since today using Safari on my iPhone running Ubuntu 24.04. The system displays 'Unexpected server error'. I already checked my spam folder, but the issue still persists. My team cannot access shared resources. Looking forward to your assistance.",Password Reset,Low,Neutral,Authentication Team,Open
Sandra Ward,fdrake@example.net,Free,United Kingdom,Mobile App,CRM Suite,TKT-B7D72AB3F0,Authentication error,"I have been trying to access my account since for the past week using Mozilla Firefox on my MacBook Pro running Windows 10. The system displays 'Invalid credentials'. I already used another device, but the issue still persists. My business operations are affected. Please investigate this issue.",Login,High,Negative,Authentication Team,Open
Gregory Buchanan,sabrinaduarte@example.com,Basic,USA,Chat,Web Dashboard,TKT-8F1F4C066C,Business profile issue,"I have been trying to access my account since last week using Safari on my Windows laptop running Ubuntu 24.04. The system displays 'Unexpected server error'. I already used another device, but the issue still persists. My profile is incomplete. Please update my account.",Account,Medium,Neutral,Account Support Team,Open
Jack Moore,cheyennedelgado@example.com,Free,Singapore,Mobile App,Mobile Application,TKT-89C45DAE94,Unable to verify account,"I have been trying to access my account since last week using Microsoft Edge on my Android phone running Android 15. The system displays 'Validation failed'. I already logged out and logged back in, but the issue still persists. My profile is incomplete. Please resolve this issue.",Account,Medium,Negative,Account Support Team,Open
Jacqueline Ball,alyssapowell@example.net,Premium,Japan,Mobile App,Mobile Application,TKT-23C8C88097,Temporary password not working,"I have been trying to access my account since this morning using Microsoft Edge on my Android phone running Windows 10. The system displays 'Verification failed'. I already checked my spam folder, but the issue still persists. I cannot continue using the platform. Please provide a working reset link.",Password Reset,Low,Neutral,Authentication Team,Open
Vanessa Ramos,brownjohn@example.com,Basic,Germany,Phone,AI Analytics Platform,TKT-BE2ED247B3,Temporary password not working,"I have been trying to access my account since last night using Mozilla Firefox on my Android phone running iOS 18. The system displays 'Unexpected server error'. I already used another device, but the issue still persists. I cannot access my account. Please help me reset my password.",Password Reset,Medium,Negative,Authentication Team,Open
Sharon Brooks,kylemartinez@example.net,Premium,Brazil,Mobile App,API Platform,TKT-9535811EFE,Login page not responding,"I have been trying to access my account since for the last two days using Microsoft Edge on my Android phone running macOS Sonoma. The system displays 'Invalid credentials'. I already reinstalled the application, but the issue still persists. My business operations are affected. Please investigate this issue.",Login,High,Negative,Authentication Team,Open
Kevin Floyd,soliscindy@example.com,Enterprise,Japan,Website,CRM Suite,TKT-27785F5016,Temporary password not working,"I have been trying to access my account since for the last two days using Mozilla Firefox on my Windows laptop running macOS Sonoma. The system displays 'Reset token expired'. I already used another device, but the issue still persists. I cannot access my account. Looking forward to your assistance.",Password Reset,Low,Neutral,Authentication Team,Open
Nina Reyes,stephen45@example.net,Enterprise,Brazil,Mobile App,Reporting Engine,TKT-7230D03AD4,Reset link expired,"I have been trying to access my account since last night using Google Chrome on my iPhone running iOS 18. The system displays 'Reset token expired'. I already requested another reset email, but the issue still persists. I cannot continue using the platform. Looking forward to your assistance.",Password Reset,Low,Neutral,Authentication Team,Open
Ryan Johnson,sanderssusan@example.com,Enterprise,India,Phone,CRM Suite,TKT-184B84F5AA,Password reset page not working,"I have been trying to access my account since for the last two days using Microsoft Edge on my Android phone running Windows 10. The system displays 'Reset token expired'. I already checked my spam folder, but the issue still persists. I cannot continue using the platform. Looking forward to your assistance.",Password Reset,Low,Negative,Authentication Team,Open
Jermaine Richardson,rileynichole@example.net,Free,Germany,Email,Mobile Application,TKT-1ADA82E0B5,Unable to verify account,"I have been trying to access my account since this morning using Mozilla Firefox on my Linux desktop running macOS Sonoma. The system displays 'Permission denied'. I already updated my browser, but the issue still persists. My team cannot use account features. Please update my account.",Account,Medium,Negative,Account Support Team,Open
Matthew Oconnor,ncampbell@example.com,Premium,Singapore,Mobile App,Cloud Storage,TKT-23809E2BC3,Temporary password not working,"I have been trying to access my account since last night using Safari on my Android phone running Ubuntu 24.04. The system displays 'Reset token expired'. I already used another device, but the issue still persists. My work is delayed. Please provide a working reset link.",Password Reset,Medium,Neutral,Authentication Team,Open
Luis White,christian71@example.com,Free,Singapore,Chat,API Platform,TKT-0A06EAB43A,Account verification pending,"I have been trying to access my account since yesterday using Mozilla Firefox on my Windows laptop running macOS Sonoma. The system displays 'Validation failed'. I already cleared browser cache, but the issue still persists. My team cannot use account features. Kindly verify my account.",Account,Medium,Negative,Account Support Team,Open
David Martinez,sarah16@example.org,Premium,Canada,Phone,AI Analytics Platform,TKT-E5D29D1BDD,Login page not responding,"I have been trying to access my account since today using Microsoft Edge on my MacBook Pro running macOS Sonoma. The system displays 'Invalid credentials'. I already disabled VPN, but the issue still persists. This issue is impacting productivity. Looking forward to your assistance.",Login,High,Negative,Authentication Team,Open
Patrick Krueger,spencermichelle@example.net,Premium,Japan,Mobile App,Web Dashboard,TKT-D1A8C6DAC0,Password reset loop,"I have been trying to access my account since today using Google Chrome on my Linux desktop running iOS 18. The system displays 'Email not recognized'. I already cleared browser cache, but the issue still persists. I cannot access my account. Looking forward to your assistance.",Password Reset,Low,Neutral,Authentication Team,Open
Sharon Ramos,eglenn@example.com,Premium,Brazil,Chat,Payment Gateway,TKT-E647BCED17,Unable to access dashboard,"I have been trying to access my account since last night using Google Chrome on my iPad running Windows 10. The system displays 'Unexpected server error'. I already disabled VPN, but the issue still persists. My business operations are affected. Kindly resolve this as soon as possible.",Login,Medium,Negative,Authentication Team,Open
Jennifer Russell,alewis@example.com,Basic,Germany,Website,AI Analytics Platform,TKT-560BEA7EBD,Account locked,"I have been trying to access my account since today using Microsoft Edge on my MacBook Pro running iOS 18. The system displays 'Permission denied'. I already updated my browser, but the issue still persists. My profile is incomplete. Kindly verify my account.",Account,Medium,Negative,Account Support Team,Open
Julie Holmes,ncurry@example.net,Premium,Australia,Chat,AI Analytics Platform,TKT-9E048CB62B,Reset link expired,"I have been trying to access my account since for the last two days using Safari on my iPhone running macOS Sonoma. The system displays 'OTP expired'. I already requested another reset email, but the issue still persists. I cannot access my account. Looking forward to your assistance.",Password Reset,Medium,Negative,Authentication Team,Open
Denise Adams,nunezlorraine@example.com,Free,Canada,Email,Web Dashboard,TKT-2BD8C0DCE8,Authentication error,"I have been trying to access my account since for the last two days using Safari on my MacBook Pro running Windows 11. The system displays 'Invalid credentials'. I already reinstalled the application, but the issue still persists. I cannot continue my work. Kindly resolve this as soon as possible.",Login,High,Negative,Authentication Team,Open
Shane Carpenter,kevin19@example.com,Premium,UAE,Chat,Cloud Storage,TKT-4F5451E3D4,Phone number update failed,"I have been trying to access my account since today using Safari on my iPhone running Android 15. The system displays 'Verification failed'. I already used another device, but the issue still persists. My profile is incomplete. Kindly verify my account.",Account,Low,Neutral,Account Support Team,Open
Jennifer Young,wolfjessica@example.org,Free,Singapore,Website,Cloud Storage,TKT-94F065AB3E,Unable to verify account,"I have been trying to access my account since today using Microsoft Edge on my iPhone running macOS Sonoma. The system displays 'Permission denied'. I already updated my browser, but the issue still persists. My team cannot use account features. Please resolve this issue.",Account,Low,Neutral,Account Support Team,Open
Shannon Martin,millersherry@example.com,Enterprise,United Kingdom,Website,Payment Gateway,TKT-DADB40A852,Login page not responding,"I have been trying to access my account since yesterday using Safari on my MacBook Pro running Windows 11. The system displays 'Access denied'. I already tried another browser, but the issue still persists. Customers are waiting for a response. Please provide a solution.",Login,High,Negative,Authentication Team,Open
William Wilson,wendyellison@example.org,Free,Japan,Mobile App,CRM Suite,TKT-635674FA5D,Unable to access dashboard,"I have been trying to access my account since yesterday using Safari on my Windows laptop running Windows 11. The system displays 'Invalid credentials'. I already restarted the application, but the issue still persists. My support team is blocked. Looking forward to your assistance.",Login,Medium,Negative,Authentication Team,Open
Michelle Scott,rwood@example.org,Premium,Japan,Chat,CRM Suite,TKT-10E68A57BE,Organization details incorrect,"I have been trying to access my account since this morning using Google Chrome on my MacBook Pro running Windows 11. The system displays 'Validation failed'. I already cleared browser cache, but the issue still persists. My profile is incomplete. Please update my account.",Account,Medium,Negative,Account Support Team,Open
Patricia Gutierrez,tuckerchad@example.org,Enterprise,Germany,Website,Mobile Application,TKT-B3CA3CCA02,Unable to access dashboard,"I have been trying to access my account since for the last two days using Microsoft Edge on my iPad running Ubuntu 24.04. The system displays 'Authentication failed'. I already disabled VPN, but the issue still persists. This issue is impacting productivity. Looking forward to your assistance.",Login,High,Negative,Authentication Team,Open
Jeffrey Sweeney,andrea87@example.com,Premium,United Kingdom,Mobile App,CRM Suite,TKT-C62081713F,Account locked,"I have been trying to access my account since yesterday using Google Chrome on my MacBook Pro running Ubuntu 24.04. The system displays 'Permission denied'. I already updated my browser, but the issue still persists. Business information is incorrect. Please update my account.",Account,Medium,Neutral,Account Support Team,Open
Kimberly Crawford,thomaskelly@example.com,Enterprise,United Kingdom,Mobile App,CRM Suite,TKT-F57D1D0CE1,Organization details incorrect,"I have been trying to access my account since yesterday using Google Chrome on my Linux desktop running Android 15. The system displays 'Verification failed'. I already used another device, but the issue still persists. Business information is incorrect. Please update my account.",Account,Medium,Neutral,Account Support Team,Open
Jacob Mendez,emily96@example.com,Free,United Kingdom,Chat,API Platform,TKT-1C4F39FBF6,Account settings not saving,"I have been trying to access my account since last week using Mozilla Firefox on my Android phone running Android 15. The system displays 'Unexpected server error'. I already cleared browser cache, but the issue still persists. My team cannot use account features. Please resolve this issue.",Account,Medium,Negative,Account Support Team,Open
Melissa Flores,richardwilson@example.com,Premium,Australia,Website,AI Analytics Platform,TKT-D24FE17099,Organization details incorrect,"I have been trying to access my account since last week using Safari on my Windows laptop running Ubuntu 24.04. The system displays 'Permission denied'. I already cleared browser cache, but the issue still persists. My team cannot use account features. Please resolve this issue.",Account,Low,Negative,Account Support Team,Open
Oscar Roberts,stacey56@example.net,Basic,Germany,Email,Mobile Application,TKT-FF060F46B4,Login stuck on loading screen,"I have been trying to access my account since for the past week using Safari on my MacBook Pro running Android 15. The system displays 'Unexpected server error'. I already disabled VPN, but the issue still persists. Customers are waiting for a response. Please provide a solution.",Login,Medium,Negative,Authentication Team,Open
Lori Baker,wwoods@example.com,Basic,Japan,Website,AI Analytics Platform,TKT-3807AD9189,Reset code invalid,"I have been trying to access my account since yesterday using Microsoft Edge on my Windows laptop running iOS 18. The system displays 'Verification failed'. I already requested another reset email, but the issue still persists. I cannot continue using the platform. Kindly investigate this issue.",Password Reset,Medium,Neutral,Authentication Team,Open
Sara Santiago,diazdawn@example.org,Enterprise,Canada,Website,Reporting Engine,TKT-0464B48AB2,Login failed,"I have been trying to access my account since this morning using Microsoft Edge on my Android phone running Android 15. The system displays 'Session expired'. I already reinstalled the application, but the issue still persists. Customers are waiting for a response. Looking forward to your assistance.",Login,High,Negative,Authentication Team,Open
Brittany Henderson,nicolereid@example.net,Free,Singapore,Email,Payment Gateway,TKT-621688BF75,Unable to access dashboard,"I have been trying to access my account since for the last two days using Microsoft Edge on my iPhone running macOS Sonoma. The system displays 'Invalid credentials'. I already tried another browser, but the issue still persists. This issue is impacting productivity. Please provide a solution.",Login,Medium,Negative,Authentication Team,Open
Brian Bowen,michaelphillips@example.org,Premium,Japan,Website,Reporting Engine,TKT-862D1180BD,Login page not responding,"I have been trying to access my account since for the last two days using Safari on my Android phone running Android 15. The system displays 'Session expired'. I already disabled VPN, but the issue still persists. My business operations are affected. Please provide a solution.",Login,Medium,Negative,Authentication Team,Open
Douglas Valencia,pnunez@example.org,Basic,United Kingdom,Phone,CRM Suite,TKT-5F0EACEDE4,Account locked,"I have been trying to access my account since last week using Mozilla Firefox on my Android phone running iOS 18. The system displays 'Profile update failed'. I already logged out and logged back in, but the issue still persists. My profile is incomplete. Please update my account.",Account,Low,Neutral,Account Support Team,Open
Michael Williams,christinefuentes@example.org,Basic,Japan,Website,AI Analytics Platform,TKT-9C75002652,Two-factor authentication failed,"I have been trying to access my account since for the past week using Google Chrome on my Linux desktop running iOS 18. The system displays 'Internal server error'. I already reinstalled the application, but the issue still persists. Customers are waiting for a response. Looking forward to your assistance.",Login,Medium,Negative,Authentication Team,Open
Laura Dunn,raymondchristensen@example.org,Basic,Canada,Mobile App,CRM Suite,TKT-F893EC0931,Password reset loop,"I have been trying to access my account since today using Safari on my iPhone running Windows 11. The system displays 'Invalid reset token'. I already used another device, but the issue still persists. My team cannot access shared resources. Looking forward to your assistance.",Password Reset,Low,Negative,Authentication Team,Open
Corey White,sdavis@example.org,Enterprise,Brazil,Chat,CRM Suite,TKT-96087BA52E,Reset link expired,"I have been trying to access my account since today using Safari on my iPad running iOS 18. The system displays 'Reset token expired'. I already cleared browser cache, but the issue still persists. My work is delayed. Kindly investigate this issue.",Password Reset,Medium,Negative,Authentication Team,Open
Todd Wright,proctorjohn@example.net,Premium,Australia,Email,CRM Suite,TKT-4AD3308AA0,Change registered email,"I have been trying to access my account since last week using Google Chrome on my Android phone running iOS 18. The system displays 'Validation failed'. I already updated my browser, but the issue still persists. My team cannot use account features. Please resolve this issue.",Account,Low,Negative,Account Support Team,Open
Mark Wilson,amy70@example.org,Free,United Kingdom,Website,Reporting Engine,TKT-50511BC060,Cannot sign in,"I have been trying to access my account since for the past week using Google Chrome on my Android phone running Android 15. The system displays 'Invalid credentials'. I already reset my password, but the issue still persists. My business operations are affected. Kindly resolve this as soon as possible.",Login,Medium,Negative,Authentication Team,Open
Katherine Tucker,jessespencer@example.org,Premium,Germany,Website,Cloud Storage,TKT-478ADDDE3D,Unable to verify account,"I have been trying to access my account since today using Google Chrome on my Windows laptop running Windows 10. The system displays 'Profile update failed'. I already cleared browser cache, but the issue still persists. Business information is incorrect. Please update my account.",Account,Medium,Neutral,Account Support Team,Open
April Johnson,qpowell@example.net,Enterprise,United Kingdom,Email,CRM Suite,TKT-5F1FADD6E6,Temporary password not working,"I have been trying to access my account since this morning using Google Chrome on my iPad running macOS Sonoma. The system displays 'Email not recognized'. I already tried another browser, but the issue still persists. My team cannot access shared resources. Looking forward to your assistance.",Password Reset,Medium,Neutral,Authentication Team,Open
Teresa Ibarra,carolyn33@example.org,Premium,United Kingdom,Mobile App,Payment Gateway,TKT-9739D78C84,Unable to reset password,"I have been trying to access my account since last night using Safari on my Android phone running Windows 10. The system displays 'Unexpected server error'. I already used another device, but the issue still persists. I cannot access my account. Please provide a working reset link.",Password Reset,Low,Negative,Authentication Team,Open
Katelyn Castro,ewatson@example.net,Free,Australia,Email,API Platform,TKT-688D930B1B,Account locked,"I have been trying to access my account since this morning using Microsoft Edge on my Android phone running Android 15. The system displays 'Unexpected server error'. I already updated my browser, but the issue still persists. My team cannot use account features. Kindly verify my account.",Account,Medium,Negative,Account Support Team,Open
Caleb Johnson,wdiaz@example.com,Free,Australia,Mobile App,API Platform,TKT-8270EA566B,Account locked after multiple attempts,"I have been trying to access my account since last night using Mozilla Firefox on my iPad running macOS Sonoma. The system displays 'Authentication failed'. I already restarted the application, but the issue still persists. This issue is impacting productivity. Kindly resolve this as soon as possible.",Login,Medium,Negative,Authentication Team,Open
Rebecca Willis,rwilson@example.net,Basic,Brazil,Chat,Mobile Application,TKT-B7263FD065,Cannot sign in,"I have been trying to access my account since yesterday using Google Chrome on my iPhone running Windows 11. The system displays 'Authentication failed'. I already cleared browser cache, but the issue still persists. My support team is blocked. Please provide a solution.",Login,High,Negative,Authentication Team,Open
Alexandra Clark,ycox@example.com,Free,Germany,Mobile App,API Platform,TKT-8F9CDD936D,Change registered email,"I have been trying to access my account since last week using Google Chrome on my Linux desktop running Ubuntu 24.04. The system displays 'Validation failed'. I already logged out and logged back in, but the issue still persists. My team cannot use account features. Kindly verify my account.",Account,Medium,Negative,Account Support Team,Open
Brian Smith MD,higginssara@example.com,Basic,Australia,Website,Mobile Application,TKT-42EEEE2BCB,Change registered email,"I have been trying to access my account since today using Safari on my MacBook Pro running Android 15. The system displays 'Unexpected server error'. I already logged out and logged back in, but the issue still persists. Business information is incorrect. Please resolve this issue.",Account,Medium,Negative,Account Support Team,Open
Sandra Robertson,omiller@example.net,Enterprise,Germany,Phone,Payment Gateway,TKT-2FD32C24BD,Unable to reset password,"I have been trying to access my account since last night using Safari on my Linux desktop running macOS Sonoma. The system displays 'OTP expired'. I already cleared browser cache, but the issue still persists. My team cannot access shared resources. Kindly investigate this issue.",Password Reset,Medium,Negative,Authentication Team,Open
Linda Porter,bondmary@example.net,Free,Germany,Mobile App,Cloud Storage,TKT-7EB7462AA9,Unable to update profile,"I have been trying to access my account since this morning using Microsoft Edge on my Linux desktop running Windows 10. The system displays 'Verification failed'. I already updated my browser, but the issue still persists. Business information is incorrect. Please resolve this issue.",Account,Low,Neutral,Account Support Team,Open
David Lam,melissa85@example.com,Free,Canada,Email,Web Dashboard,TKT-A267540215,Reset link expired,"I have been trying to access my account since this morning using Microsoft Edge on my Linux desktop running Windows 10. The system displays 'OTP expired'. I already requested another reset email, but the issue still persists. My work is delayed. Please help me reset my password.",Password Reset,Medium,Negative,Authentication Team,Open
Cynthia Campbell,brian16@example.org,Enterprise,Singapore,Phone,Reporting Engine,TKT-7E4F7771C5,Password reset email not received,"I have been trying to access my account since today using Mozilla Firefox on my iPad running Windows 10. The system displays 'Email not recognized'. I already checked my spam folder, but the issue still persists. My team cannot access shared resources. Please help me reset my password.",Password Reset,Low,Negative,Authentication Team,Open
Justin Fischer,matthewmedina@example.net,Free,India,Chat,CRM Suite,TKT-CC1A8813D8,Authentication error,"I have been trying to access my account since last night using Google Chrome on my Linux desktop running Android 15. The system displays 'Connection timeout'. I already restarted the application, but the issue still persists. I cannot continue my work. Kindly resolve this as soon as possible.",Login,High,Negative,Authentication Team,Open
Mr. Kenneth Rhodes,mcdanielfelicia@example.org,Enterprise,United Kingdom,Email,Cloud Storage,TKT-1446F06EE4,Unable to reset password,"I have been trying to access my account since yesterday using Google Chrome on my Android phone running iOS 18. The system displays 'OTP expired'. I already requested another reset email, but the issue still persists. My team cannot access shared resources. Please provide a working reset link.",Password Reset,Medium,Negative,Authentication Team,Open
Rebecca Alexander,karaalvarado@example.com,Free,India,Email,CRM Suite,TKT-2F592B2B25,Password reset email not received,"I have been trying to access my account since this morning using Mozilla Firefox on my iPad running iOS 18. The system displays 'Verification failed'. I already cleared browser cache, but the issue still persists. I cannot access my account. Please provide a working reset link.",Password Reset,Low,Negative,Authentication Team,Open
Alicia Wells,samanthahenry@example.com,Enterprise,Brazil,Website,CRM Suite,TKT-DC7778EA04,Login stuck on loading screen,"I have been trying to access my account since for the last two days using Google Chrome on my MacBook Pro running macOS Sonoma. The system displays 'Session expired'. I already cleared browser cache, but the issue still persists. I cannot continue my work. Looking forward to your assistance.",Login,Medium,Negative,Authentication Team,Open
Robert Perkins,christopherdavis@example.net,Premium,India,Phone,CRM Suite,TKT-8710EBC853,Account locked,"I have been trying to access my account since last week using Safari on my Android phone running Windows 11. The system displays 'Permission denied'. I already cleared browser cache, but the issue still persists. Business information is incorrect. Kindly verify my account.",Account,Medium,Negative,Account Support Team,Open
Sierra Clark,mcdonaldemma@example.com,Basic,Brazil,Website,CRM Suite,TKT-783F3C21F9,Authentication error,"I have been trying to access my account since for the past week using Google Chrome on my Linux desktop running macOS Sonoma. The system displays 'Session expired'. I already tried another browser, but the issue still persists. I cannot continue my work. Please provide a solution.",Login,High,Negative,Authentication Team,Open
Alexandra Salinas,changvictoria@example.org,Basic,Australia,Mobile App,Cloud Storage,TKT-4097D40CA9,Unable to login,"I have been trying to access my account since for the past week using Safari on my MacBook Pro running Windows 10. The system displays 'Connection timeout'. I already reset my password, but the issue still persists. Customers are waiting for a response. Please provide a solution.",Login,Medium,Negative,Authentication Team,Open
Anthony Wallace,desireescott@example.com,Basic,USA,Mobile App,CRM Suite,TKT-1187BE6B4B,Login stuck on loading screen,"I have been trying to access my account since this morning using Safari on my iPad running Ubuntu 24.04. The system displays 'Connection timeout'. I already cleared browser cache, but the issue still persists. This issue is impacting productivity. Please investigate this issue.",Login,Medium,Negative,Authentication Team,Open
Juan Matthews,james29@example.org,Enterprise,India,Website,API Platform,TKT-6AF93EF9C1,Unable to reset password,"I have been trying to access my account since for the last two days using Google Chrome on my Linux desktop running iOS 18. The system displays 'OTP expired'. I already used another device, but the issue still persists. I cannot continue using the platform. Looking forward to your assistance.",Password Reset,Medium,Neutral,Authentication Team,Open
Chelsea Wagner,alexanderkatrina@example.net,Free,Germany,Chat,Payment Gateway,TKT-662B1D9D17,Password reset email not received,"I have been trying to access my account since today using Mozilla Firefox on my Android phone running Android 15. The system displays 'Invalid reset token'. I already cleared browser cache, but the issue still persists. I cannot access my account. Looking forward to your assistance.",Password Reset,Medium,Neutral,Authentication Team,Open
Katie Lin,campbellashley@example.net,Free,Australia,Website,Cloud Storage,TKT-730028AAF7,Reset code invalid,"I have been trying to access my account since this morning using Mozilla Firefox on my Windows laptop running Windows 10. The system displays 'Email not recognized'. I already checked my spam folder, but the issue still persists. My team cannot access shared resources. Looking forward to your assistance.",Password Reset,Low,Negative,Authentication Team,Open
Alan Williams,groman@example.org,Premium,Australia,Chat,Reporting Engine,TKT-E71E1A4479,Unexpected logout after login,"I have been trying to access my account since for the past week using Google Chrome on my iPhone running macOS Sonoma. The system displays 'Authentication failed'. I already used another device, but the issue still persists. Customers are waiting for a response. Please investigate this issue.",Login,High,Negative,Authentication Team,Open
Margaret Butler,ruben38@example.net,Free,India,Email,Payment Gateway,TKT-74158D8F10,Login page not responding,"I have been trying to access my account since today using Microsoft Edge on my Linux desktop running Windows 11. The system displays 'Session expired'. I already disabled VPN, but the issue still persists. Customers are waiting for a response. Please provide a solution.",Login,High,Negative,Authentication Team,Open
William Browning,rhodesclaudia@example.org,Enterprise,Australia,Phone,Web Dashboard,TKT-FCBD7C009A,Two-factor authentication failed,"I have been trying to access my account since today using Google Chrome on my iPad running Windows 11. The system displays 'Authentication failed'. I already reset my password, but the issue still persists. My support team is blocked. Kindly resolve this as soon as possible.",Login,High,Negative,Authentication Team,Open
Emily Bruce,thanson@example.org,Basic,Canada,Website,Mobile Application,TKT-13C1D23AB9,Login failed,"I have been trying to access my account since for the past week using Google Chrome on my Android phone running Android 15. The system displays 'Session expired'. I already tried another browser, but the issue still persists. This issue is impacting productivity. Kindly resolve this as soon as possible.",Login,High,Negative,Authentication Team,Open
Nicholas Cobb,madison68@example.org,Premium,Australia,Phone,Web Dashboard,TKT-4EB29E89BF,Unable to update profile,"I have been trying to access my account since today using Microsoft Edge on my Windows laptop running Ubuntu 24.04. The system displays 'Profile update failed'. I already cleared browser cache, but the issue still persists. My team cannot use account features. Please resolve this issue.",Account,Low,Negative,Account Support Team,Open
Vanessa Vargas,jenniferdavis@example.org,Basic,United Kingdom,Email,API Platform,TKT-97D701ADCC,Temporary password not working,"I have been trying to access my account since today using Mozilla Firefox on my Android phone running macOS Sonoma. The system displays 'OTP expired'. I already checked my spam folder, but the issue still persists. My work is delayed. Kindly investigate this issue.",Password Reset,Low,Neutral,Authentication Team,Open
William Thompson,briangallegos@example.com,Basic,United Kingdom,Website,CRM Suite,TKT-0E39E74204,Temporary password not working,"I have been trying to access my account since for the last two days using Microsoft Edge on my iPad running Ubuntu 24.04. The system displays 'Unexpected server error'. I already requested another reset email, but the issue still persists. My team cannot access shared resources. Looking forward to your assistance.",Password Reset,Medium,Negative,Authentication Team,Open
Amber Christian,mayerjason@example.net,Basic,USA,Phone,Reporting Engine,TKT-D95DC01B04,Unexpected logout after login,"I have been trying to access my account since yesterday using Mozilla Firefox on my MacBook Pro running Ubuntu 24.04. The system displays 'Invalid credentials'. I already reinstalled the application, but the issue still persists. I cannot continue my work. Kindly resolve this as soon as possible.",Login,High,Negative,Authentication Team,Open
Eric Mcdaniel,wayne41@example.com,Free,Japan,Website,Mobile Application,TKT-1FDA7C0100,Account locked,"I have been trying to access my account since this morning using Mozilla Firefox on my Linux desktop running iOS 18. The system displays 'Verification failed'. I already updated my browser, but the issue still persists. My profile is incomplete. Please resolve this issue.",Account,Low,Negative,Account Support Team,Open
Lisa Atkinson,ryanpadilla@example.com,Premium,Japan,Phone,CRM Suite,TKT-8DD8E6EF8A,Password change failed,"I have been trying to access my account since yesterday using Mozilla Firefox on my iPad running Windows 11. The system displays 'Email not recognized'. I already checked my spam folder, but the issue still persists. My team cannot access shared resources. Please help me reset my password.",Password Reset,Low,Neutral,Authentication Team,Open
Virginia Smith,xmorgan@example.org,Basic,Germany,Mobile App,Reporting Engine,TKT-61842F22FA,Account locked,"I have been trying to access my account since this morning using Mozilla Firefox on my Windows laptop running Windows 11. The system displays 'Validation failed'. I already used another device, but the issue still persists. My profile is incomplete. Kindly verify my account.",Account,Medium,Neutral,Account Support Team,Open
Jeffrey Fernandez,austinroach@example.net,Free,Australia,Phone,Reporting Engine,TKT-15D214B4A7,Reset link expired,"I have been trying to access my account since this morning using Safari on my MacBook Pro running Windows 10. The system displays 'Email not recognized'. I already checked my spam folder, but the issue still persists. My team cannot access shared resources. Kindly investigate this issue.",Password Reset,Low,Negative,Authentication Team,Open
Jennifer Johnson,odavis@example.com,Enterprise,Germany,Phone,Reporting Engine,TKT-3887195934,Phone number update failed,"I have been trying to access my account since yesterday using Google Chrome on my Linux desktop running Android 15. The system displays 'Permission denied'. I already logged out and logged back in, but the issue still persists. My profile is incomplete. Please update my account.",Account,Low,Neutral,Account Support Team,Open
Anthony Young,natasha30@example.net,Basic,Australia,Mobile App,API Platform,TKT-83F8DC2424,Login page not responding,"I have been trying to access my account since for the past week using Safari on my Windows laptop running Android 15. The system displays 'Session expired'. I already used another device, but the issue still persists. My business operations are affected. Please provide a solution.",Login,Medium,Negative,Authentication Team,Open
John Sims,reeddouglas@example.org,Enterprise,Brazil,Email,Reporting Engine,TKT-9D05C6FDF3,Unable to access dashboard,"I have been trying to access my account since for the last two days using Safari on my Android phone running macOS Sonoma. The system displays 'Session expired'. I already restarted the application, but the issue still persists. Customers are waiting for a response. Please investigate this issue.",Login,Medium,Negative,Authentication Team,Open
Jennifer Gardner,huntdana@example.net,Enterprise,Germany,Chat,API Platform,TKT-52E25377D8,Password reset page not working,"I have been trying to access my account since today using Safari on my iPhone running Windows 11. The system displays 'Reset token expired'. I already used another device, but the issue still persists. My team cannot access shared resources. Please help me reset my password.",Password Reset,Medium,Negative,Authentication Team,Open
James Jones,katherineboyer@example.org,Enterprise,Australia,Email,Cloud Storage,TKT-66DB920A7C,Reset link expired,"I have been trying to access my account since for the last two days using Google Chrome on my MacBook Pro running Windows 10. The system displays 'Verification failed'. I already tried another browser, but the issue still persists. I cannot access my account. Please help me reset my password.",Password Reset,Low,Negative,Authentication Team,Open
Mr. Douglas Warren,scott72@example.org,Premium,United Kingdom,Chat,Cloud Storage,TKT-D2398E6AD5,Account verification pending,"I have been trying to access my account since today using Mozilla Firefox on my iPhone running Windows 10. The system displays 'Profile update failed'. I already used another device, but the issue still persists. Business information is incorrect. Kindly verify my account.",Account,Medium,Neutral,Account Support Team,Open
Mark Murphy,catherine24@example.net,Enterprise,Australia,Mobile App,AI Analytics Platform,TKT-0B76695739,Unable to access dashboard,"I have been trying to access my account since for the past week using Google Chrome on my Windows laptop running Ubuntu 24.04. The system displays 'Internal server error'. I already used another device, but the issue still persists. My business operations are affected. Please investigate this issue.",Login,High,Negative,Authentication Team,Open
Dennis Garcia,pattersonchristy@example.org,Enterprise,India,Phone,Reporting Engine,TKT-0506999832,Unable to verify account,"I have been trying to access my account since today using Microsoft Edge on my Android phone running Windows 10. The system displays 'Profile update failed'. I already updated my browser, but the issue still persists. My profile is incomplete. Please update my account.",Account,Medium,Negative,Account Support Team,Open
Matthew Davis,ashley78@example.org,Basic,United Kingdom,Chat,Web Dashboard,TKT-A222D39900,Temporary password not working,"I have been trying to access my account since for the last two days using Microsoft Edge on my Linux desktop running Windows 10. The system displays 'Unexpected server error'. I already requested another reset email, but the issue still persists. I cannot access my account. Please help me reset my password.",Password Reset,Low,Neutral,Authentication Team,Open
Tiffany Mcintyre,clozano@example.com,Basic,Canada,Email,AI Analytics Platform,TKT-D2DE8C76A8,Cannot create new password,"I have been trying to access my account since for the last two days using Safari on my iPhone running iOS 18. The system displays 'Invalid reset token'. I already used another device, but the issue still persists. I cannot access my account. Please help me reset my password.",Password Reset,Low,Neutral,Authentication Team,Open
Jennifer Rowe,melanieabbott@example.org,Free,India,Mobile App,AI Analytics Platform,TKT-69CE00C857,Business profile issue,"I have been trying to access my account since today using Mozilla Firefox on my Windows laptop running iOS 18. The system displays 'Permission denied'. I already updated my browser, but the issue still persists. My team cannot use account features. Please update my account.",Account,Medium,Negative,Account Support Team,Open
Edward Chavez,amandavaughn@example.com,Enterprise,USA,Mobile App,Payment Gateway,TKT-CCDC88A19B,Unable to login,"I have been trying to access my account since yesterday using Safari on my iPhone running Windows 11. The system displays 'Connection timeout'. I already reset my password, but the issue still persists. Customers are waiting for a response. Kindly resolve this as soon as possible.",Login,Medium,Negative,Authentication Team,Open
William Lee,michaeljohnston@example.com,Basic,Japan,Mobile App,CRM Suite,TKT-D3A15390BF,Reset code invalid,"I have been trying to access my account since for the last two days using Safari on my Linux desktop running Windows 10. The system displays 'Verification failed'. I already used another device, but the issue still persists. My team cannot access shared resources. Kindly investigate this issue.",Password Reset,Low,Neutral,Authentication Team,Open
Kenneth Spence,ryanholloway@example.com,Basic,Japan,Phone,API Platform,TKT-F200F4CBB7,Forgot password issue,"I have been trying to access my account since this morning using Microsoft Edge on my MacBook Pro running Windows 10. The system displays 'Reset token expired'. I already requested another reset email, but the issue still persists. My work is delayed. Please help me reset my password.",Password Reset,Medium,Neutral,Authentication Team,Open
Diane Park,nmacias@example.net,Enterprise,Australia,Chat,Web Dashboard,TKT-D2294AA572,Temporary password not working,"I have been trying to access my account since yesterday using Safari on my iPhone running macOS Sonoma. The system displays 'Verification failed'. I already requested another reset email, but the issue still persists. My team cannot access shared resources. Please provide a working reset link.",Password Reset,Low,Negative,Authentication Team,Open
Daniel Martin,adambowers@example.org,Premium,United Kingdom,Mobile App,Cloud Storage,TKT-9893C9ABF3,Forgot password issue,"I have been trying to access my account since last night using Microsoft Edge on my iPhone running Windows 10. The system displays 'Email not recognized'. I already cleared browser cache, but the issue still persists. My team cannot access shared resources. Kindly investigate this issue.",Password Reset,Medium,Negative,Authentication Team,Open
Dr. Meghan Stuart,stephanietorres@example.org,Premium,Brazil,Chat,Payment Gateway,TKT-8018DDF6F0,Authentication error,"I have been trying to access my account since for the past week using Microsoft Edge on my Android phone running Windows 11. The system displays 'Unexpected server error'. I already cleared browser cache, but the issue still persists. This issue is impacting productivity. Looking forward to your assistance.",Login,Medium,Negative,Authentication Team,Open
Robert Perez Jr.,abennett@example.com,Premium,Australia,Mobile App,CRM Suite,TKT-09A6318C2B,Reset link expired,"I have been trying to access my account since yesterday using Google Chrome on my Windows laptop running Ubuntu 24.04. The system displays 'Verification failed'. I already tried another browser, but the issue still persists. My team cannot access shared resources. Kindly investigate this issue.",Password Reset,Medium,Neutral,Authentication Team,Open
Alexandra Bell,holly43@example.com,Free,UAE,Email,Reporting Engine,TKT-63D8D99F17,Cannot sign in,"I have been trying to access my account since for the past week using Safari on my iPhone running iOS 18. The system displays 'Connection timeout'. I already restarted the application, but the issue still persists. My support team is blocked. Looking forward to your assistance.",Login,High,Negative,Authentication Team,Open
Christine Santiago,lewislisa@example.com,Premium,Canada,Chat,Reporting Engine,TKT-AB3C742885,Login stuck on loading screen,"I have been trying to access my account since today using Safari on my iPad running iOS 18. The system displays 'Invalid credentials'. I already used another device, but the issue still persists. My support team is blocked. Looking forward to your assistance.",Login,High,Negative,Authentication Team,Open
Douglas Klein,spencebrian@example.com,Basic,India,Chat,Cloud Storage,TKT-E77E0D946E,Two-factor authentication failed,"I have been trying to access my account since today using Google Chrome on my iPhone running Windows 10. The system displays 'Invalid credentials'. I already used another device, but the issue still persists. My support team is blocked. Kindly resolve this as soon as possible.",Login,High,Negative,Authentication Team,Open
James Carter,fterry@example.org,Free,India,Phone,Web Dashboard,TKT-263B0DE225,Password reset email not received,"I have been trying to access my account since yesterday using Mozilla Firefox on my Android phone running iOS 18. The system displays 'Reset token expired'. I already cleared browser cache, but the issue still persists. My work is delayed. Please help me reset my password.",Password Reset,Low,Neutral,Authentication Team,Open
Julian Phillips,shawbrittany@example.org,Basic,Japan,Chat,Cloud Storage,TKT-37E176431E,Profile information incorrect,"I have been trying to access my account since today using Mozilla Firefox on my Linux desktop running iOS 18. The system displays 'Validation failed'. I already logged out and logged back in, but the issue still persists. Business information is incorrect. Kindly verify my account.",Account,Low,Negative,Account Support Team,Open
Kimberly Harris,wtaylor@example.net,Basic,United Kingdom,Website,API Platform,TKT-09CD157C74,Login page not responding,"I have been trying to access my account since for the past week using Safari on my MacBook Pro running Windows 10. The system displays 'Unexpected server error'. I already cleared browser cache, but the issue still persists. My support team is blocked. Kindly resolve this as soon as possible.",Login,Medium,Negative,Authentication Team,Open
Christopher Frazier,kbradley@example.org,Premium,Brazil,Chat,Mobile Application,TKT-D9B45BDE4C,Forgot password issue,"I have been trying to access my account since this morning using Microsoft Edge on my Linux desktop running Windows 10. The system displays 'Unexpected server error'. I already checked my spam folder, but the issue still persists. I cannot access my account. Please provide a working reset link.",Password Reset,Medium,Negative,Authentication Team,Open
Amy Campbell,kelleyryan@example.net,Basic,United Kingdom,Mobile App,Cloud Storage,TKT-E1BED5ADF1,Login failed,"I have been trying to access my account since last night using Microsoft Edge on my MacBook Pro running Android 15. The system displays 'Session expired'. I already tried another browser, but the issue still persists. I cannot continue my work. Please investigate this issue.",Login,High,Negative,Authentication Team,Open
Brian Mcclure MD,halldavid@example.com,Free,USA,Email,CRM Suite,TKT-FF4CB88677,Authentication error,"I have been trying to access my account since last night using Microsoft Edge on my iPad running Windows 10. The system displays 'Session expired'. I already restarted the application, but the issue still persists. Customers are waiting for a response. Kindly resolve this as soon as possible.",Login,High,Negative,Authentication Team,Open
John Beck,kristin56@example.com,Free,Canada,Website,Cloud Storage,TKT-9D8C2C0BCF,Password change failed,"I have been trying to access my account since today using Safari on my iPad running Windows 11. The system displays 'Reset token expired'. I already requested another reset email, but the issue still persists. I cannot access my account. Looking forward to your assistance.",Password Reset,Low,Neutral,Authentication Team,Open
Patrick Crawford,morenojoshua@example.com,Free,Brazil,Website,Mobile Application,TKT-D4117CF06B,Account locked after multiple attempts,"I have been trying to access my account since this morning using Safari on my Android phone running iOS 18. The system displays 'Access denied'. I already used another device, but the issue still persists. I cannot continue my work. Kindly resolve this as soon as possible.",Login,High,Negative,Authentication Team,Open
Daniel Williams,joshuameyers@example.org,Enterprise,United Kingdom,Phone,Payment Gateway,TKT-D3EF9001B2,Unexpected logout after login,"I have been trying to access my account since for the past week using Safari on my Linux desktop running Ubuntu 24.04. The system displays 'Unexpected server error'. I already tried another browser, but the issue still persists. Customers are waiting for a response. Looking forward to your assistance.",Login,High,Negative,Authentication Team,Open
Hannah Carlson,kelly31@example.net,Enterprise,Germany,Website,Cloud Storage,TKT-46DAD2E3D0,Account locked after multiple attempts,"I have been trying to access my account since for the past week using Microsoft Edge on my iPhone running Ubuntu 24.04. The system displays 'Internal server error'. I already reset my password, but the issue still persists. This issue is impacting productivity. Please investigate this issue.",Login,Medium,Negative,Authentication Team,Open
Tina Davis,jenniferhayes@example.com,Free,Brazil,Phone,Web Dashboard,TKT-0EE2941962,Password reset loop,"I have been trying to access my account since today using Safari on my Windows laptop running Android 15. The system displays 'OTP expired'. I already cleared browser cache, but the issue still persists. My work is delayed. Please provide a working reset link.",Password Reset,Medium,Negative,Authentication Team,Open
Cynthia Martinez,dtucker@example.net,Basic,Germany,Email,Mobile Application,TKT-A544D77129,Forgot password issue,"I have been trying to access my account since yesterday using Microsoft Edge on my MacBook Pro running Ubuntu 24.04. The system displays 'Email not recognized'. I already tried another browser, but the issue still persists. My team cannot access shared resources. Please help me reset my password.",Password Reset,Medium,Negative,Authentication Team,Open
Nicole Ferguson,brianna14@example.net,Basic,Canada,Mobile App,Web Dashboard,TKT-5DFF51C03F,Organization details incorrect,"I have been trying to access my account since today using Mozilla Firefox on my Windows laptop running Windows 10. The system displays 'Unexpected server error'. I already updated my browser, but the issue still persists. My profile is incomplete. Please update my account.",Account,Medium,Negative,Account Support Team,Open
Mariah Molina,smithjulie@example.com,Basic,Canada,Email,AI Analytics Platform,TKT-E17D98EBCF,Unexpected logout after login,"I have been trying to access my account since yesterday using Mozilla Firefox on my Linux desktop running iOS 18. The system displays 'Access denied'. I already restarted the application, but the issue still persists. My business operations are affected. Please investigate this issue.",Login,Medium,Negative,Authentication Team,Open
Katelyn George,garciajose@example.org,Premium,India,Email,API Platform,TKT-907C7A5F7A,Forgot password issue,"I have been trying to access my account since today using Safari on my Android phone running Android 15. The system displays 'Verification failed'. I already requested another reset email, but the issue still persists. I cannot continue using the platform. Please help me reset my password.",Password Reset,Low,Negative,Authentication Team,Open
Andrew Griffin,jdonovan@example.org,Enterprise,USA,Chat,Mobile Application,TKT-2540B3D8FE,Cannot create new password,"I have been trying to access my account since this morning using Mozilla Firefox on my iPhone running Windows 10. The system displays 'Email not recognized'. I already used another device, but the issue still persists. My work is delayed. Looking forward to your assistance.",Password Reset,Medium,Neutral,Authentication Team,Open
Michael Howe,tara57@example.org,Free,UAE,Email,Web Dashboard,TKT-05D3FC6DC1,Authentication error,"I have been trying to access my account since last night using Safari on my Android phone running Windows 10. The system displays 'Unexpected server error'. I already cleared browser cache, but the issue still persists. I cannot continue my work. Looking forward to your assistance.",Login,High,Negative,Authentication Team,Open
Charles Smith,meghan01@example.org,Basic,Singapore,Mobile App,Payment Gateway,TKT-96EF46777B,Cannot sign in,"I have been trying to access my account since for the last two days using Safari on my Windows laptop running Ubuntu 24.04. The system displays 'Session expired'. I already used another device, but the issue still persists. Customers are waiting for a response. Kindly resolve this as soon as possible.",Login,High,Negative,Authentication Team,Open
Victoria Davis,jortiz@example.org,Basic,Australia,Website,Cloud Storage,TKT-8C5B73BA3E,Unexpected logout after login,"I have been trying to access my account since this morning using Google Chrome on my iPad running macOS Sonoma. The system displays 'Access denied'. I already reset my password, but the issue still persists. Customers are waiting for a response. Please investigate this issue.",Login,High,Negative,Authentication Team,Open
Stephanie Smith,carterkimberly@example.net,Basic,Japan,Email,API Platform,TKT-6540B633DB,Unable to update profile,"I have been trying to access my account since this morning using Safari on my MacBook Pro running Android 15. The system displays 'Validation failed'. I already updated my browser, but the issue still persists. Business information is incorrect. Please update my account.",Account,Low,Neutral,Account Support Team,Open
Kristen Jones,woodsjody@example.com,Basic,Canada,Mobile App,AI Analytics Platform,TKT-60E5115A67,Profile information incorrect,"I have been trying to access my account since yesterday using Safari on my MacBook Pro running iOS 18. The system displays 'Verification failed'. I already updated my browser, but the issue still persists. My profile is incomplete. Kindly verify my account.",Account,Low,Negative,Account Support Team,Open
Michelle Crawford,mooremaurice@example.net,Enterprise,UAE,Email,Reporting Engine,TKT-56EF76FDAE,Organization details incorrect,"I have been trying to access my account since yesterday using Google Chrome on my iPhone running macOS Sonoma. The system displays 'Unexpected server error'. I already cleared browser cache, but the issue still persists. My profile is incomplete. Please resolve this issue.",Account,Low,Neutral,Account Support Team,Open
Duane Phillips,christina23@example.com,Premium,Germany,Website,Mobile Application,TKT-F5C7C55086,Unable to access dashboard,"I have been trying to access my account since today using Google Chrome on my iPhone running Windows 10. The system displays 'Internal server error'. I already cleared browser cache, but the issue still persists. Customers are waiting for a response. Looking forward to your assistance.",Login,High,Negative,Authentication Team,Open
Adam Martinez,dconner@example.org,Basic,UAE,Phone,AI Analytics Platform,TKT-8643840AFC,Unable to verify account,"I have been trying to access my account since yesterday using Mozilla Firefox on my Windows laptop running Windows 10. The system displays 'Validation failed'. I already updated my browser, but the issue still persists. My profile is incomplete. Please update my account.",Account,Low,Negative,Account Support Team,Open
Christy Ramos,bwerner@example.net,Enterprise,Canada,Email,API Platform,TKT-90281002DB,Forgot password issue,"I have been trying to access my account since for the last two days using Microsoft Edge on my iPad running Windows 11. The system displays 'Email not recognized'. I already cleared browser cache, but the issue still persists. My team cannot access shared resources. Looking forward to your assistance.",Password Reset,Low,Negative,Authentication Team,Open
Katherine Thomas,mlloyd@example.net,Premium,Japan,Website,Reporting Engine,TKT-8629CFD9BA,Profile information incorrect,"I have been trying to access my account since last week using Google Chrome on my Windows laptop running Windows 10. The system displays 'Verification failed'. I already updated my browser, but the issue still persists. My profile is incomplete. Please update my account.",Account,Medium,Negative,Account Support Team,Open
Jacob Myers,johnsonamanda@example.org,Free,USA,Chat,Web Dashboard,TKT-FD1E1F22E2,Unable to reset password,"I have been trying to access my account since last night using Mozilla Firefox on my Linux desktop running Android 15. The system displays 'Verification failed'. I already checked my spam folder, but the issue still persists. My work is delayed. Kindly investigate this issue.",Password Reset,Low,Negative,Authentication Team,Open
Alexis Dyer,parkerbrian@example.com,Enterprise,Japan,Mobile App,Reporting Engine,TKT-0C9B95CAE5,Login failed,"I have been trying to access my account since yesterday using Microsoft Edge on my Windows laptop running Android 15. The system displays 'Unexpected server error'. I already cleared browser cache, but the issue still persists. I cannot continue my work. Looking forward to your assistance.",Login,High,Negative,Authentication Team,Open
Kara Weiss,johnwolfe@example.org,Free,Singapore,Email,Payment Gateway,TKT-A61764458C,Phone number update failed,"I have been trying to access my account since last week using Mozilla Firefox on my Windows laptop running Android 15. The system displays 'Permission denied'. I already cleared browser cache, but the issue still persists. Business information is incorrect. Please update my account.",Account,Medium,Neutral,Account Support Team,Open
Shannon Rhodes,sheliarowe@example.com,Basic,Canada,Chat,Cloud Storage,TKT-C6F34F1E71,Login stuck on loading screen,"I have been trying to access my account since for the past week using Safari on my iPhone running Android 15. The system displays 'Invalid credentials'. I already used another device, but the issue still persists. I cannot continue my work. Looking forward to your assistance.",Login,High,Negative,Authentication Team,Open
Jorge Dominguez,ashleydouglas@example.com,Enterprise,Japan,Mobile App,Reporting Engine,TKT-F4E5FCC52B,Profile information incorrect,"I have been trying to access my account since last week using Google Chrome on my Windows laptop running Windows 10. The system displays 'Validation failed'. I already cleared browser cache, but the issue still persists. My profile is incomplete. Please update my account.",Account,Low,Neutral,Account Support Team,Open
Samuel Mitchell,jennifer78@example.org,Basic,USA,Phone,Reporting Engine,TKT-571C092CE3,Unable to reset password,"I have been trying to access my account since yesterday using Google Chrome on my Android phone running Windows 11. The system displays 'Verification failed'. I already requested another reset email, but the issue still persists. I cannot access my account. Looking forward to your assistance.",Password Reset,Low,Negative,Authentication Team,Open
Julie Tucker,egonzalez@example.net,Enterprise,Brazil,Chat,Cloud Storage,TKT-E106137480,Cannot sign in,"I have been trying to access my account since this morning using Safari on my Linux desktop running iOS 18. The system displays 'Authentication failed'. I already disabled VPN, but the issue still persists. I cannot continue my work. Kindly resolve this as soon as possible.",Login,High,Negative,Authentication Team,Open
Rebecca Floyd,richardcarpenter@example.org,Free,Germany,Website,Web Dashboard,TKT-396D9E21BC,Cannot sign in,"I have been trying to access my account since yesterday using Mozilla Firefox on my Android phone running Windows 10. The system displays 'Invalid credentials'. I already restarted the application, but the issue still persists. I cannot continue my work. Please investigate this issue.",Login,Medium,Negative,Authentication Team,Open
Kaitlin Cook,wtaylor@example.org,Basic,UAE,Mobile App,Cloud Storage,TKT-CC9CE494A5,Profile information incorrect,"I have been trying to access my account since yesterday using Safari on my Windows laptop running Windows 10. The system displays 'Unexpected server error'. I already used another device, but the issue still persists. My team cannot use account features. Please update my account.",Account,Medium,Neutral,Account Support Team,Open
Ryan Nelson,wesleyjohnson@example.net,Enterprise,Germany,Email,API Platform,TKT-D089882B1F,Password change failed,"I have been trying to access my account since last night using Microsoft Edge on my MacBook Pro running Windows 10. The system displays 'Reset token expired'. I already checked my spam folder, but the issue still persists. I cannot access my account. Looking forward to your assistance.",Password Reset,Medium,Neutral,Authentication Team,Open
Christopher Smith,sharoncampbell@example.org,Free,USA,Email,Mobile Application,TKT-0962AB6D09,Password reset page not working,"I have been trying to access my account since for the last two days using Google Chrome on my MacBook Pro running macOS Sonoma. The system displays 'OTP expired'. I already cleared browser cache, but the issue still persists. My work is delayed. Please provide a working reset link.",Password Reset,Low,Negative,Authentication Team,Open
Theresa Benson,christinareyes@example.com,Basic,India,Chat,Payment Gateway,TKT-5C3E72ADAF,Cannot sign in,"I have been trying to access my account since today using Google Chrome on my MacBook Pro running macOS Sonoma. The system displays 'Session expired'. I already restarted the application, but the issue still persists. My business operations are affected. Please investigate this issue.",Login,High,Negative,Authentication Team,Open
Christina Torres,mary10@example.com,Premium,UAE,Chat,Mobile Application,TKT-8EBDBC97E9,Account locked after multiple attempts,"I have been trying to access my account since yesterday using Mozilla Firefox on my Linux desktop running Ubuntu 24.04. The system displays 'Authentication failed'. I already reinstalled the application, but the issue still persists. This issue is impacting productivity. Please investigate this issue.",Login,Medium,Negative,Authentication Team,Open
Cheryl Phillips,robert91@example.com,Premium,Australia,Email,Payment Gateway,TKT-3C12CD7C55,Unable to access dashboard,"I have been trying to access my account since for the last two days using Google Chrome on my iPhone running Android 15. The system displays 'Connection timeout'. I already disabled VPN, but the issue still persists. My business operations are affected. Please provide a solution.",Login,Medium,Negative,Authentication Team,Open
Eric Garza,krystal07@example.org,Premium,India,Website,AI Analytics Platform,TKT-BCE4E93EEC,Unable to reset password,"I have been trying to access my account since today using Mozilla Firefox on my iPhone running Windows 11. The system displays 'OTP expired'. I already requested another reset email, but the issue still persists. My work is delayed. Kindly investigate this issue.",Password Reset,Medium,Negative,Authentication Team,Open
Stephen Robinson,manuelrogers@example.org,Enterprise,Australia,Phone,Web Dashboard,TKT-30BC96AF4C,Two-factor authentication failed,"I have been trying to access my account since last night using Microsoft Edge on my MacBook Pro running Windows 10. The system displays 'Access denied'. I already reinstalled the application, but the issue still persists. My support team is blocked. Kindly resolve this as soon as possible.",Login,Medium,Negative,Authentication Team,Open
Kimberly Edwards,kenneth55@example.com,Enterprise,India,Mobile App,Mobile Application,TKT-92F209A77C,Password reset page not working,"I have been trying to access my account since last night using Google Chrome on my iPad running macOS Sonoma. The system displays 'OTP expired'. I already used another device, but the issue still persists. I cannot continue using the platform. Please help me reset my password.",Password Reset,Low,Neutral,Authentication Team,Open
Ronnie Blake,fkennedy@example.com,Enterprise,Australia,Chat,Reporting Engine,TKT-B814642A44,Reset link expired,"I have been trying to access my account since for the last two days using Microsoft Edge on my Android phone running iOS 18. The system displays 'Unexpected server error'. I already checked my spam folder, but the issue still persists. I cannot access my account. Please provide a working reset link.",Password Reset,Medium,Negative,Authentication Team,Open
Louis Ashley,sharonodom@example.net,Premium,Australia,Website,API Platform,TKT-50CECFDEB7,Business profile issue,"I have been trying to access my account since this morning using Safari on my Android phone running iOS 18. The system displays 'Verification failed'. I already used another device, but the issue still persists. Business information is incorrect. Please resolve this issue.",Account,Medium,Neutral,Account Support Team,Open
Amy Hall,sallen@example.com,Free,Singapore,Phone,CRM Suite,TKT-723B8EEF8A,Unable to reset password,"I have been trying to access my account since this morning using Microsoft Edge on my Android phone running Android 15. The system displays 'Verification failed'. I already cleared browser cache, but the issue still persists. I cannot access my account. Please provide a working reset link.",Password Reset,Low,Negative,Authentication Team,Open
Michelle Irwin,riveramarissa@example.net,Basic,Japan,Mobile App,AI Analytics Platform,TKT-9A57B1EF75,Unable to update profile,"I have been trying to access my account since today using Google Chrome on my MacBook Pro running Android 15. The system displays 'Profile update failed'. I already updated my browser, but the issue still persists. My team cannot use account features. Please resolve this issue.",Account,Low,Negative,Account Support Team,Open
Nicholas Sparks,kristinaguirre@example.org,Enterprise,India,Phone,Mobile Application,TKT-D5607CEBED,Account settings not saving,"I have been trying to access my account since this morning using Google Chrome on my Android phone running Android 15. The system displays 'Unexpected server error'. I already logged out and logged back in, but the issue still persists. My profile is incomplete. Kindly verify my account.",Account,Low,Negative,Account Support Team,Open
Micheal Reynolds,millermelissa@example.com,Premium,United Kingdom,Phone,API Platform,TKT-AF632D6A72,Unable to update profile,"I have been trying to access my account since yesterday using Safari on my MacBook Pro running Windows 10. The system displays 'Profile update failed'. I already logged out and logged back in, but the issue still persists. My profile is incomplete. Please resolve this issue.",Account,Medium,Neutral,Account Support Team,Open
Michael Abbott,dwayne48@example.com,Free,India,Phone,Reporting Engine,TKT-8682CB7CA4,Unexpected logout after login,"I have been trying to access my account since last night using Mozilla Firefox on my Android phone running iOS 18. The system displays 'Authentication failed'. I already tried another browser, but the issue still persists. My support team is blocked. Please investigate this issue.",Login,High,Negative,Authentication Team,Open
Fernando Carr,moralesjoseph@example.net,Basic,Japan,Phone,Reporting Engine,TKT-BFECC97BF4,Cannot sign in,"I have been trying to access my account since last night using Safari on my iPhone running Windows 10. The system displays 'Authentication failed'. I already tried another browser, but the issue still persists. Customers are waiting for a response. Please investigate this issue.",Login,High,Negative,Authentication Team,Open
Erik Patterson,amandamendez@example.net,Enterprise,Brazil,Email,AI Analytics Platform,TKT-A3F2531B96,Password reset page not working,"I have been trying to access my account since today using Google Chrome on my Windows laptop running Ubuntu 24.04. The system displays 'Reset token expired'. I already used another device, but the issue still persists. I cannot continue using the platform. Kindly investigate this issue.",Password Reset,Low,Negative,Authentication Team,Open
Isabella Savage,jacqueline22@example.org,Premium,Singapore,Website,Cloud Storage,TKT-46732D593D,Forgot password issue,"I have been trying to access my account since this morning using Mozilla Firefox on my Linux desktop running Windows 11. The system displays 'Email not recognized'. I already used another device, but the issue still persists. I cannot access my account. Please provide a working reset link.",Password Reset,Medium,Negative,Authentication Team,Open
Jennifer Francis,alexanderarthur@example.org,Enterprise,Brazil,Chat,Cloud Storage,TKT-AD68F1F7F7,Temporary password not working,"I have been trying to access my account since this morning using Microsoft Edge on my Linux desktop running macOS Sonoma. The system displays 'Email not recognized'. I already checked my spam folder, but the issue still persists. I cannot continue using the platform. Please help me reset my password.",Password Reset,Low,Negative,Authentication Team,Open
Alexander Davis,sotocody@example.com,Premium,Australia,Email,Web Dashboard,TKT-53308FC546,Cannot sign in,"I have been trying to access my account since this morning using Google Chrome on my Windows laptop running macOS Sonoma. The system displays 'Session expired'. I already reinstalled the application, but the issue still persists. Customers are waiting for a response. Looking forward to your assistance.",Login,Medium,Negative,Authentication Team,Open
Kristy Barber,larsentimothy@example.org,Enterprise,India,Chat,Payment Gateway,TKT-606A2687D9,Reset link expired,"I have been trying to access my account since this morning using Google Chrome on my MacBook Pro running macOS Sonoma. The system displays 'Verification failed'. I already cleared browser cache, but the issue still persists. My work is delayed. Looking forward to your assistance.",Password Reset,Low,Negative,Authentication Team,Open
Ana Beck,jenniferbaker@example.net,Enterprise,Brazil,Email,CRM Suite,TKT-4D0212EE99,Account verification pending,"I have been trying to access my account since this morning using Safari on my Android phone running macOS Sonoma. The system displays 'Profile update failed'. I already logged out and logged back in, but the issue still persists. My profile is incomplete. Please update my account.",Account,Medium,Neutral,Account Support Team,Open
Trevor Harris Jr.,valeriebrock@example.org,Free,Germany,Chat,Payment Gateway,TKT-419F973B25,Account locked after multiple attempts,"I have been trying to access my account since this morning using Safari on my Windows laptop running Ubuntu 24.04. The system displays 'Access denied'. I already reset my password, but the issue still persists. I cannot continue my work. Please investigate this issue.",Login,Medium,Negative,Authentication Team,Open
Christopher Glenn,zcole@example.net,Enterprise,Australia,Mobile App,API Platform,TKT-18FF181D32,Account verification pending,"I have been trying to access my account since today using Google Chrome on my Linux desktop running iOS 18. The system displays 'Validation failed'. I already updated my browser, but the issue still persists. My team cannot use account features. Please update my account.",Account,Medium,Negative,Account Support Team,Open
Dean Duffy,jennifer59@example.com,Premium,Brazil,Website,CRM Suite,TKT-667AA20C1B,Unable to access dashboard,"I have been trying to access my account since last night using Google Chrome on my MacBook Pro running Ubuntu 24.04. The system displays 'Unexpected server error'. I already tried another browser, but the issue still persists. This issue is impacting productivity. Kindly resolve this as soon as possible.",Login,Medium,Negative,Authentication Team,Open
Justin Tran,parkerjohn@example.org,Enterprise,Germany,Website,CRM Suite,TKT-DE71B3332A,Cannot create new password,"I have been trying to access my account since this morning using Mozilla Firefox on my Linux desktop running macOS Sonoma. The system displays 'Email not recognized'. I already requested another reset email, but the issue still persists. My work is delayed. Kindly investigate this issue.",Password Reset,Medium,Negative,Authentication Team,Open
Dr. Brian Carroll,kperez@example.com,Enterprise,Singapore,Chat,Mobile Application,TKT-D960DA9E60,Account locked,"I have been trying to access my account since today using Safari on my Windows laptop running Ubuntu 24.04. The system displays 'Permission denied'. I already logged out and logged back in, but the issue still persists. My profile is incomplete. Please resolve this issue.",Account,Low,Neutral,Account Support Team,Open
Tammy Armstrong,haleykimberly@example.org,Basic,Japan,Phone,Web Dashboard,TKT-61F0BDF2A5,Organization details incorrect,"I have been trying to access my account since today using Mozilla Firefox on my iPhone running Android 15. The system displays 'Unexpected server error'. I already used another device, but the issue still persists. My profile is incomplete. Please resolve this issue.",Account,Medium,Negative,Account Support Team,Open
Walter Harris,carolyn26@example.com,Basic,Germany,Mobile App,Reporting Engine,TKT-9F4D7A31C7,Password change failed,"I have been trying to access my account since last night using Microsoft Edge on my iPad running Windows 11. The system displays 'Reset token expired'. I already checked my spam folder, but the issue still persists. My work is delayed. Please help me reset my password.",Password Reset,Low,Neutral,Authentication Team,Open
Christopher Snow,cshort@example.org,Enterprise,Australia,Email,Mobile Application,TKT-CFBBCCC934,Password reset page not working,"I have been trying to access my account since last night using Google Chrome on my iPad running iOS 18. The system displays 'OTP expired'. I already used another device, but the issue still persists. I cannot continue using the platform. Please provide a working reset link.",Password Reset,Low,Negative,Authentication Team,Open
Steven Golden,christopher00@example.net,Premium,Canada,Website,API Platform,TKT-4B2F131A52,Business profile issue,"I have been trying to access my account since this morning using Mozilla Firefox on my Linux desktop running Windows 10. The system displays 'Verification failed'. I already cleared browser cache, but the issue still persists. Business information is incorrect. Please update my account.",Account,Medium,Negative,Account Support Team,Open
Jonathan Duran,thomasraven@example.net,Free,Brazil,Website,CRM Suite,TKT-E87F41A5F8,Login stuck on loading screen,"I have been trying to access my account since today using Google Chrome on my Android phone running Ubuntu 24.04. The system displays 'Access denied'. I already cleared browser cache, but the issue still persists. My support team is blocked. Looking forward to your assistance.",Login,High,Negative,Authentication Team,Open
Joseph Hernandez,smithdonald@example.net,Basic,Singapore,Website,Reporting Engine,TKT-78E9D73B6E,Password change failed,"I have been trying to access my account since last night using Microsoft Edge on my Linux desktop running Windows 11. The system displays 'Unexpected server error'. I already cleared browser cache, but the issue still persists. I cannot access my account. Looking forward to your assistance.",Password Reset,Low,Neutral,Authentication Team,Open
Ronald Johnson,jessicaalvarez@example.com,Premium,Singapore,Email,Payment Gateway,TKT-0C2E8B31F4,Change registered email,"I have been trying to access my account since this morning using Safari on my Windows laptop running Windows 10. The system displays 'Validation failed'. I already updated my browser, but the issue still persists. My profile is incomplete. Please resolve this issue.",Account,Low,Negative,Account Support Team,Open
Valerie Gonzalez,nfoster@example.org,Basic,Australia,Website,Cloud Storage,TKT-B699587DAA,Password reset loop,"I have been trying to access my account since for the last two days using Mozilla Firefox on my Windows laptop running Ubuntu 24.04. The system displays 'Unexpected server error'. I already used another device, but the issue still persists. I cannot access my account. Please help me reset my password.",Password Reset,Low,Negative,Authentication Team,Open
Peter Weber,allisonperry@example.net,Premium,Singapore,Mobile App,Mobile Application,TKT-B83518E17E,Unexpected logout after login,"I have been trying to access my account since for the past week using Safari on my Windows laptop running macOS Sonoma. The system displays 'Connection timeout'. I already restarted the application, but the issue still persists. Customers are waiting for a response. Kindly resolve this as soon as possible.",Login,Medium,Negative,Authentication Team,Open
Mary Graves,douglasjames@example.org,Enterprise,USA,Mobile App,Reporting Engine,TKT-CFB18BFF7E,Profile information incorrect,"I have been trying to access my account since this morning using Mozilla Firefox on my MacBook Pro running Android 15. The system displays 'Permission denied'. I already used another device, but the issue still persists. My profile is incomplete. Please update my account.",Account,Low,Negative,Account Support Team,Open
Cindy Cannon,egrant@example.net,Basic,United Kingdom,Chat,API Platform,TKT-0EE81CDE59,Business profile issue,"I have been trying to access my account since today using Google Chrome on my Windows laptop running Android 15. The system displays 'Permission denied'. I already logged out and logged back in, but the issue still persists. Business information is incorrect. Please resolve this issue.",Account,Low,Negative,Account Support Team,Open
Anita Smith,vincent05@example.org,Enterprise,Germany,Mobile App,Web Dashboard,TKT-22E00EC2C5,Login page not responding,"I have been trying to access my account since for the last two days using Google Chrome on my Android phone running Android 15. The system displays 'Invalid credentials'. I already reset my password, but the issue still persists. Customers are waiting for a response. Kindly resolve this as soon as possible.",Login,High,Negative,Authentication Team,Open
Michael Hancock,timothykim@example.org,Free,India,Mobile App,CRM Suite,TKT-55C6D5A1A3,Authentication error,"I have been trying to access my account since last night using Safari on my MacBook Pro running macOS Sonoma. The system displays 'Invalid credentials'. I already reset my password, but the issue still persists. This issue is impacting productivity. Please provide a solution.",Login,Medium,Negative,Authentication Team,Open
Nathan Livingston,stantonteresa@example.com,Free,United Kingdom,Mobile App,Reporting Engine,TKT-46DC2AF86C,Unable to access dashboard,"I have been trying to access my account since last night using Safari on my Windows laptop running Windows 10. The system displays 'Connection timeout'. I already used another device, but the issue still persists. My business operations are affected. Kindly resolve this as soon as possible.",Login,Medium,Negative,Authentication Team,Open
William Salazar,ashley06@example.org,Enterprise,Singapore,Website,Payment Gateway,TKT-E623EF6D26,Business profile issue,"I have been trying to access my account since yesterday using Safari on my Android phone running Windows 11. The system displays 'Unexpected server error'. I already updated my browser, but the issue still persists. My profile is incomplete. Please update my account.",Account,Medium,Negative,Account Support Team,Open
Kristin Holmes,hevans@example.net,Basic,Japan,Chat,Reporting Engine,TKT-6CFA94D446,Account locked after multiple attempts,"I have been trying to access my account since this morning using Google Chrome on my iPad running iOS 18. The system displays 'Authentication failed'. I already reset my password, but the issue still persists. Customers are waiting for a response. Looking forward to your assistance.",Login,Medium,Negative,Authentication Team,Open
Terry Mayo,lynchbecky@example.com,Enterprise,United Kingdom,Website,Mobile Application,TKT-2C827A602A,Unable to update profile,"I have been trying to access my account since last week using Safari on my Windows laptop running Android 15. The system displays 'Profile update failed'. I already logged out and logged back in, but the issue still persists. My profile is incomplete. Kindly verify my account.",Account,Medium,Negative,Account Support Team,Open
Jessica Murphy,bairderin@example.com,Basic,Canada,Website,Payment Gateway,TKT-8B8C0583FE,Password reset loop,"I have been trying to access my account since for the last two days using Microsoft Edge on my MacBook Pro running Windows 10. The system displays 'Invalid reset token'. I already cleared browser cache, but the issue still persists. My team cannot access shared resources. Looking forward to your assistance.",Password Reset,Low,Negative,Authentication Team,Open
Wayne Dickson,anolan@example.com,Free,Canada,Email,API Platform,TKT-D6D85B8607,Password reset page not working,"I have been trying to access my account since today using Microsoft Edge on my Android phone running Windows 11. The system displays 'Invalid reset token'. I already checked my spam folder, but the issue still persists. My work is delayed. Please provide a working reset link.",Password Reset,Low,Negative,Authentication Team,Open
Krystal Richards,kempraymond@example.net,Basic,UAE,Email,Web Dashboard,TKT-50BB693B79,Unable to login,"I have been trying to access my account since last night using Mozilla Firefox on my iPhone running macOS Sonoma. The system displays 'Access denied'. I already tried another browser, but the issue still persists. My support team is blocked. Kindly resolve this as soon as possible.",Login,Medium,Negative,Authentication Team,Open
Robert Preston,moneill@example.org,Premium,United Kingdom,Website,Mobile Application,TKT-E1EBA14C64,Temporary password not working,"I have been trying to access my account since this morning using Google Chrome on my Windows laptop running Windows 10. The system displays 'Verification failed'. I already cleared browser cache, but the issue still persists. I cannot access my account. Please provide a working reset link.",Password Reset,Low,Negative,Authentication Team,Open
Anthony Phillips MD,kellerantonio@example.com,Free,United Kingdom,Website,CRM Suite,TKT-DE5E36C3B8,Password reset page not working,"I have been trying to access my account since yesterday using Google Chrome on my Android phone running Windows 10. The system displays 'OTP expired'. I already requested another reset email, but the issue still persists. I cannot continue using the platform. Kindly investigate this issue.",Password Reset,Medium,Negative,Authentication Team,Open
Michelle Phillips,knightjacob@example.org,Free,Japan,Chat,Cloud Storage,TKT-2C3C10D011,Unable to access dashboard,"I have been trying to access my account since today using Safari on my Linux desktop running iOS 18. The system displays 'Connection timeout'. I already disabled VPN, but the issue still persists. My business operations are affected. Please provide a solution.",Login,High,Negative,Authentication Team,Open
Gary Williams,lcrosby@example.net,Enterprise,United Kingdom,Email,AI Analytics Platform,TKT-7783350C7D,Password reset email not received,"I have been trying to access my account since last night using Safari on my Linux desktop running macOS Sonoma. The system displays 'Verification failed'. I already used another device, but the issue still persists. I cannot access my account. Please provide a working reset link.",Password Reset,Low,Neutral,Authentication Team,Open
Lisa Gilbert,mbrown@example.net,Enterprise,India,Phone,Reporting Engine,TKT-F43FB8C56E,Organization details incorrect,"I have been trying to access my account since today using Mozilla Firefox on my Windows laptop running Android 15. The system displays 'Verification failed'. I already updated my browser, but the issue still persists. Business information is incorrect. Kindly verify my account.",Account,Medium,Negative,Account Support Team,Open
Karen Roberson,rjames@example.org,Free,Germany,Chat,CRM Suite,TKT-7D73C9D0C8,Password reset page not working,"I have been trying to access my account since today using Google Chrome on my MacBook Pro running Windows 11. The system displays 'Reset token expired'. I already cleared browser cache, but the issue still persists. I cannot access my account. Looking forward to your assistance.",Password Reset,Low,Neutral,Authentication Team,Open
Brett Davis,jennaterry@example.com,Free,Japan,Phone,API Platform,TKT-026362F198,Forgot password issue,"I have been trying to access my account since today using Google Chrome on my Windows laptop running macOS Sonoma. The system displays 'Invalid reset token'. I already requested another reset email, but the issue still persists. I cannot access my account. Looking forward to your assistance.",Password Reset,Low,Neutral,Authentication Team,Open
Michael Miller,doylejoel@example.com,Free,Brazil,Phone,Cloud Storage,TKT-947C39320D,Password reset email not received,"I have been trying to access my account since yesterday using Safari on my iPad running Ubuntu 24.04. The system displays 'Email not recognized'. I already tried another browser, but the issue still persists. I cannot continue using the platform. Looking forward to your assistance.",Password Reset,Low,Neutral,Authentication Team,Open
Amanda Riley,jonathanbrown@example.org,Basic,UAE,Phone,API Platform,TKT-8A7EF0B24D,Unable to login,"I have been trying to access my account since last night using Microsoft Edge on my Windows laptop running iOS 18. The system displays 'Internal server error'. I already tried another browser, but the issue still persists. Customers are waiting for a response. Kindly resolve this as soon as possible.",Login,High,Negative,Authentication Team,Open
Mike Faulkner,mreyes@example.net,Basic,USA,Phone,Mobile Application,TKT-1718BB2B94,Cannot sign in,"I have been trying to access my account since yesterday using Google Chrome on my iPhone running Ubuntu 24.04. The system displays 'Access denied'. I already tried another browser, but the issue still persists. This issue is impacting productivity. Please provide a solution.",Login,High,Negative,Authentication Team,Open
Melissa Davis,lancedawson@example.net,Basic,Germany,Website,Payment Gateway,TKT-452D8A3558,Phone number update failed,"I have been trying to access my account since yesterday using Microsoft Edge on my iPhone running Ubuntu 24.04. The system displays 'Validation failed'. I already updated my browser, but the issue still persists. Business information is incorrect. Please update my account.",Account,Medium,Negative,Account Support Team,Open
Timothy Mullen,kimberly56@example.com,Enterprise,India,Phone,Reporting Engine,TKT-A9AC1AE340,Cannot sign in,"I have been trying to access my account since yesterday using Mozilla Firefox on my Windows laptop running iOS 18. The system displays 'Access denied'. I already tried another browser, but the issue still persists. My support team is blocked. Looking forward to your assistance.",Login,High,Negative,Authentication Team,Open
Kristi Phillips,awalton@example.net,Premium,USA,Mobile App,API Platform,TKT-F0A27AEE7C,Unable to login,"I have been trying to access my account since for the last two days using Microsoft Edge on my iPhone running iOS 18. The system displays 'Session expired'. I already reset my password, but the issue still persists. Customers are waiting for a response. Looking forward to your assistance.",Login,Medium,Negative,Authentication Team,Open
Ryan Rios,ryan60@example.net,Enterprise,Japan,Chat,API Platform,TKT-7541D3DB21,Login stuck on loading screen,"I have been trying to access my account since for the last two days using Microsoft Edge on my MacBook Pro running Android 15. The system displays 'Connection timeout'. I already cleared browser cache, but the issue still persists. Customers are waiting for a response. Kindly resolve this as soon as possible.",Login,Medium,Negative,Authentication Team,Open
Paul Carson,cynthiawilliams@example.com,Free,Singapore,Chat,CRM Suite,TKT-4CAC83FE0C,Login stuck on loading screen,"I have been trying to access my account since last night using Safari on my iPhone running macOS Sonoma. The system displays 'Access denied'. I already disabled VPN, but the issue still persists. I cannot continue my work. Please investigate this issue.",Login,High,Negative,Authentication Team,Open
Earl Torres,brentbrown@example.net,Basic,Australia,Chat,CRM Suite,TKT-13FC8AE037,Password reset page not working,"I have been trying to access my account since yesterday using Microsoft Edge on my MacBook Pro running Windows 10. The system displays 'OTP expired'. I already used another device, but the issue still persists. I cannot continue using the platform. Please help me reset my password.",Password Reset,Medium,Negative,Authentication Team,Open
Stacy King,stephanie68@example.com,Basic,Australia,Phone,AI Analytics Platform,TKT-F47E874B32,Unable to login,"I have been trying to access my account since this morning using Microsoft Edge on my iPad running Windows 11. The system displays 'Authentication failed'. I already cleared browser cache, but the issue still persists. My business operations are affected. Please provide a solution.",Login,Medium,Negative,Authentication Team,Open
Sheila Jimenez,jillknapp@example.net,Premium,Germany,Mobile App,API Platform,TKT-B234D5C9C4,Two-factor authentication failed,"I have been trying to access my account since for the past week using Mozilla Firefox on my Android phone running iOS 18. The system displays 'Authentication failed'. I already restarted the application, but the issue still persists. This issue is impacting productivity. Kindly resolve this as soon as possible.",Login,High,Negative,Authentication Team,Open
Cassandra Wheeler,thomaskeith@example.com,Enterprise,Singapore,Email,AI Analytics Platform,TKT-04C25F2AE7,Forgot password issue,"I have been trying to access my account since today using Safari on my Linux desktop running Windows 10. The system displays 'Verification failed'. I already checked my spam folder, but the issue still persists. My work is delayed. Please provide a working reset link.",Password Reset,Low,Negative,Authentication Team,Open
Mark Nelson,robert89@example.net,Free,Singapore,Phone,API Platform,TKT-CAC969C4F6,Password reset loop,"I have been trying to access my account since today using Google Chrome on my MacBook Pro running Windows 11. The system displays 'OTP expired'. I already checked my spam folder, but the issue still persists. I cannot continue using the platform. Kindly investigate this issue.",Password Reset,Low,Negative,Authentication Team,Open
Debra Lucas,josephpowell@example.net,Premium,India,Chat,Payment Gateway,TKT-4FFB209791,Login page not responding,"I have been trying to access my account since for the last two days using Mozilla Firefox on my MacBook Pro running Android 15. The system displays 'Unexpected server error'. I already cleared browser cache, but the issue still persists. My business operations are affected. Kindly resolve this as soon as possible.",Login,Medium,Negative,Authentication Team,Open
