customer_name,customer_email,customer_type,country,channel,product,ticket_id,subject,description,category,priority,sentiment,assigned_team,status
Erica Moore,vmejia@example.org,Basic,Australia,Chat,Payment Gateway,TKT-B27BE6A7FC,Refund confirmation missing,"This issue keeps happening.

after changing my email address, I tried to access my account using Mozilla Firefox on my Linux Desktop running Ubuntu 24.04. The system displays 'Refund processing failed'.

The payment has not been returned.

Please fix this soon.",Refund,Medium,Negative,Billing Team,Open
Rachel Greene,huntjohn@example.com,Premium,Brazil,Chat,Reporting Engine,TKT-60C9EDCEEA,Cancel subscription,"I think I made a mistake.

after installing the latest version, I tried to access my account using Google Chrome on my Linux Desktop running Fedora 41. The system displays 'Renewal failed'.

I am using Linux Desktop running Fedora 41 with Google Chrome.

Please guide me.",Subscription,Medium,Neutral,Subscription Team,Open
Jennifer Haley,tinasnyder@example.com,Premium,Australia,Phone,Payment Gateway,TKT-EF4A36A7AD,Refund confirmation missing,"I'm not sure what's happening.

while connected to mobile data, I tried to access my account using Microsoft Edge on my Android Phone running Android 15. The system displays 'Refund processing failed'.

This is becoming difficult.

My funds are still unavailable.

I'd appreciate some help.",Refund,High,Negative,Billing Team,Open
Dustin Olson,lesliesnyder@example.com,Enterprise,India,Chat,Reporting Engine,TKT-E4C5037C74,Partial refund received,"I'm not sure what's happening.

while travelling abroad, I tried to access my account using Microsoft Edge on my MacBook Pro running macOS Sequoia. The system displays 'Unexpected server error'.

I'm really frustrated.

The payment has not been returned.

I'd appreciate some help.",Refund,Medium,Negative,Billing Team,Open
Victor Brewer,jeremyyork@example.org,Basic,Singapore,Mobile App,API Platform,TKT-43BC2D77B4,Invoice missing,"I've already tried everything.

after installing the latest version, I tried to access my account using Google Chrome on my Android Phone running Android 15. The system displays 'Payment gateway timeout'.

I already used another browser, but the issue still persists.

I cannot complete my purchase.

This is affecting my work.",Billing,Medium,Negative,Billing Team,Open
William Murphy,mark21@example.net,Basic,USA,Website,Reporting Engine,TKT-238B26FF42,Account locked,"I'm extremely disappointed.

after entering the wrong password several times, I tried to access my account using Mozilla Firefox on my iPad running iPadOS 17. The system displays 'Verification failed'.

I am using iPad running iPadOS 17 with Mozilla Firefox.

This level of service is unacceptable.",Account,Medium,Negative,Account Support Team,Open
John Zuniga,idiaz@example.org,Premium,UAE,Email,CRM Suite,TKT-6F79FAA9CF,Subscription invoice issue,"after my session expired, I tried to access my account using Safari on my iPad running iPadOS 18. The system displays 'Renewal failed'.",Subscription,Medium,Negative,Subscription Team,Open
Patricia Kelly,craig59@example.net,Enterprise,India,Website,Payment Gateway,TKT-0AE9085091,Phone number update failed,"I'm not sure what's happening.

after buying a new laptop, I tried to access my account using Safari on my iPad running iPadOS 17. The system displays 'Verification failed'.

I am using iPad running iPadOS 17 with Safari.

Please guide me.",Account,Medium,Negative,Account Support Team,Open
Sarah Booker,davisdavid@example.org,Free,UAE,Mobile App,Web Dashboard,TKT-F690BF7CC3,Login page not responding,"Hello Support Team,

after entering the wrong password several times, I tried to access my account using Mozilla Firefox on my MacBook Pro running macOS Sequoia. The system displays 'Invalid credentials'.

I already reinstalled the application, but the issue still persists.

My business operations are affected.

I would appreciate your help.",Login,High,Negative,Authentication Team,Open
Jose Cooper,heather80@example.net,Enterprise,Singapore,Phone,Web Dashboard,TKT-0618F15699,Incorrect billing amount,"Can someone explain this?

after enabling two-factor authentication, I tried to access my account using Microsoft Edge on my Windows Laptop running Windows 11. The system displays 'Unexpected payment error'.

Our subscription has been interrupted.

I'd appreciate some help.",Billing,Medium,Negative,Billing Team,Open
Michael Cole,pstone@example.net,Premium,India,Mobile App,AI Analytics Platform,TKT-F1800AB245,Account verification pending,"Can someone explain this?

after updating my phone number, I tried to access my account using Mozilla Firefox on my Linux Desktop running Ubuntu 24.04. The system displays 'Unexpected server error'.

I already logged out and logged back in, but the issue still persists.

Thank you.",Account,Medium,Negative,Account Support Team,Open
Justin Foster,tammylynch@example.net,Premium,Australia,Mobile App,Reporting Engine,TKT-9591FE52FE,Refund status unavailable,"Good morning,

after my session expired, I tried to access my account using Mozilla Firefox on my MacBook Pro running macOS Sequoia. The system displays 'Payment verification failed'.

Please assist me.",Refund,Medium,Negative,Billing Team,Open
Anthony Martinez,dennisgregory@example.net,Enterprise,United Kingdom,Mobile App,AI Analytics Platform,TKT-0581344C99,Refund rejected,"Can someone explain this?

after updating the mobile application, I tried to access my account using Google Chrome on my Windows Laptop running Windows 11. The system displays 'Payment verification failed'.

My funds are still unavailable.

Thank you.",Refund,High,Negative,Billing Team,Open
Sydney Deleon,wmcgee@example.com,Basic,Singapore,Email,API Platform,TKT-151BD1FB79,Reset link expired,"Hi,

after my session expired, I tried to access my account using Safari on my MacBook Pro running macOS Sequoia. The system displays 'Reset token expired'.

I cannot access my account.

Can someone help me?",Password Reset,Low,Negative,Authentication Team,Open
Nathan Pratt,jennifer70@example.net,Enterprise,Canada,Email,AI Analytics Platform,TKT-A24C271A4F,Incorrect billing amount,"This issue keeps happening.

after reinstalling the application, I tried to access my account using Microsoft Edge on my iPad running iPadOS 18. The system displays 'Billing service unavailable'.

This problem is affecting my work.

Business operations are affected.

This is affecting my work.",Billing,Medium,Negative,Billing Team,Open
Andrea Jones,bowersnathaniel@example.com,Basic,Australia,Mobile App,API Platform,TKT-9BCB187E21,Trial expired unexpectedly,"after logging in from another location, I tried to access my account using Microsoft Edge on my iPad running iPadOS 18. The system displays 'Plan activation failed'.",Subscription,Medium,Neutral,Subscription Team,Open
Jessica Larsen,amanda80@example.com,Basic,USA,Phone,API Platform,TKT-2A16809942,Partial refund received,"Hi Team,

after buying a new laptop, I tried to access my account using Microsoft Edge on my Linux Desktop running Ubuntu 24.04. The system displays 'Refund service unavailable'.

I already verified my payment details, but the issue still persists.

The payment has not been returned.

Could you please investigate this issue?",Refund,High,Negative,Billing Team,Open
Debra Jones,terri87@example.com,Enterprise,Australia,Mobile App,Mobile Application,TKT-B5625C3F89,Login stuck on loading screen,"after modifying my account details, I tried to access my account using Google Chrome on my Android Phone running Android 15. The system displays 'Internal server error'.",Login,Medium,Negative,Authentication Team,Open
Leah Duran,charlesanna@example.org,Basic,Japan,Mobile App,Payment Gateway,TKT-0F8D607CD8,Refund processing failed,"I've already tried everything.

after enabling two-factor authentication, I tried to access my account using Microsoft Edge on my MacBook Pro running macOS Sequoia. The system displays 'Refund service unavailable'.

I already checked my bank statement, but the issue still persists.

This is affecting my business expenses.

I need help immediately.",Refund,High,Negative,Billing Team,Open
Benjamin Grimes,ramirezcrystal@example.com,Free,United Kingdom,Mobile App,Payment Gateway,TKT-36FD8A4C5A,Login stuck on loading screen,"Dear Support,

after buying a new laptop, I tried to access my account using Google Chrome on my iPhone running iOS 18. The system displays 'Internal server error'.

I already cleared browser cache, but the issue still persists.

Customers are waiting for a response.

Looking forward to your response.",Login,Medium,Negative,Authentication Team,Open
Edward Hogan,cpeters@example.com,Basic,USA,Website,AI Analytics Platform,TKT-E774927665,Premium features unavailable,"I've already tried everything.

after entering the wrong password several times, I tried to access my account using Mozilla Firefox on my Windows Laptop running Windows 11. The system displays 'Payment verification failed'.

I already used another browser, but the issue still persists.

The subscription is inactive.

This is affecting my work.",Subscription,Medium,Negative,Subscription Team,Open
Katherine Hill,whuff@example.net,Basic,USA,Phone,AI Analytics Platform,TKT-EB406B8E57,Authentication error,"after changing my browser, I tried to access my account using Mozilla Firefox on my iPhone running iOS 17. The system displays 'Internal server error'.

I already reset my password, but the issue still persists.

Customers are waiting for a response.",Login,Medium,Negative,Authentication Team,Open
Kimberly Bradshaw,lperez@example.org,Enterprise,India,Email,Payment Gateway,TKT-DD08FEA8EF,Login page not responding,"while travelling abroad, I tried to access my account using Safari on my MacBook Pro running macOS Sequoia. The system displays 'Internal server error'.

I already reset my password, but the issue still persists.

Customers are waiting for a response.",Login,Medium,Negative,Authentication Team,Open
Nicole Rodriguez,rebeccajohnson@example.net,Free,Singapore,Phone,Mobile Application,TKT-C7423FC847,Organization details incorrect,"I'm really frustrated.

after changing my email address, I tried to access my account using Mozilla Firefox on my iPad running iPadOS 18. The system displays 'Profile update failed'.

This is affecting my work.",Account,Medium,Neutral,Account Support Team,Open
John Barajas,fmiller@example.net,Free,Australia,Mobile App,API Platform,TKT-DD034F0667,Subscription renewal failed,"Dear Support,

after enabling two-factor authentication, I tried to access my account using Microsoft Edge on my MacBook Pro running macOS Sequoia. The system displays 'Plan activation failed'.

I already logged out and logged back in, but the issue still persists.

The subscription is inactive.

Kindly assist me with resolving this problem.",Subscription,Medium,Neutral,Subscription Team,Open
Danielle Hopkins,peggy32@example.com,Free,Australia,Phone,AI Analytics Platform,TKT-00CB4E29F1,Login page not responding,"I'm really frustrated.

after updating my phone number, I tried to access my account using Mozilla Firefox on my Windows Laptop running Windows 11. The system displays 'Access denied'.

I already restarted the application, but the issue still persists.

I need help immediately.",Login,High,Negative,Authentication Team,Open
Scott Goodman,collinsbradley@example.org,Basic,Japan,Mobile App,CRM Suite,TKT-40954D47E9,Incorrect billing amount,"Good day,

after changing my email address, I tried to access my account using Safari on my iPhone running iOS 17. The system displays 'Payment gateway timeout'.

I already used another browser, but the issue still persists.

I would appreciate your help.",Billing,Medium,Negative,Billing Team,Open
April Chavez,catherine08@example.net,Premium,USA,Phone,CRM Suite,TKT-E09D947D45,Refund taking too long,"Good day,

after installing the latest version, I tried to access my account using Google Chrome on my Windows Laptop running Windows 11. The system displays 'Refund processing failed'.

I would appreciate your help.",Refund,High,Negative,Billing Team,Open
Jennifer Pearson,josephfigueroa@example.org,Basic,Singapore,Website,Payment Gateway,TKT-713EC8A687,Billing statement incorrect,"I'm not sure what's happening.

after updating my phone number, I tried to access my account using Safari on my iPhone running iOS 18. The system displays 'Card declined'.

I already contacted my bank, but the issue still persists.

Business operations are affected.

I'd appreciate some help.",Billing,Medium,Negative,Billing Team,Open
Joseph Rivera,michaelmahoney@example.org,Free,USA,Chat,AI Analytics Platform,TKT-0E948B3B71,Plan changed automatically,"I'm extremely disappointed.

after reinstalling the application, I tried to access my account using Google Chrome on my Linux Desktop running Ubuntu 24.04. The system displays 'Renewal failed'.

My team cannot continue working.

This level of service is unacceptable.",Subscription,Medium,Negative,Subscription Team,Open
Mr. Martin Williams,banksronald@example.org,Enterprise,Australia,Mobile App,Cloud Storage,TKT-7F46BBA7A7,Authentication error,"Hello,

after logging in from another location, I tried to access my account using Safari on my Windows Laptop running Windows 10. The system displays 'Connection timeout'.

Please assist me.",Login,High,Negative,Authentication Team,Open
Sheila Cruz,maryburke@example.com,Enterprise,UAE,Phone,Web Dashboard,TKT-B3D1B36B4C,Cannot sign in,"I've already tried everything.

after my session expired, I tried to access my account using Safari on my Windows Laptop running Windows 10. The system displays 'Invalid credentials'.

This is affecting my work.",Login,Medium,Negative,Authentication Team,Open
Victoria Richmond,pauljohnson@example.com,Basic,Singapore,Website,Web Dashboard,TKT-98804A4597,Refund not received,"Hello Support Team,

after updating the mobile application, I tried to access my account using Safari on my Android Phone running Android 14. The system displays 'Unexpected server error'.

Could you please investigate this issue?",Refund,Medium,Negative,Billing Team,Open
Walter French,shannon70@example.net,Basic,Australia,Phone,Cloud Storage,TKT-9DBF3865BF,Business profile issue,"I'm not sure what's happening.

after my session expired, I tried to access my account using Safari on my Linux Desktop running Ubuntu 24.04. The system displays 'Verification failed'.

Thank you.",Account,Low,Negative,Account Support Team,Open
Jonathan Patel,carrielane@example.org,Basic,India,Website,Web Dashboard,TKT-9AD33D9CC5,Subscription missing,"Good morning,

after updating the mobile application, I tried to access my account using Microsoft Edge on my iPad running iPadOS 17. The system displays 'Plan activation failed'.

Can someone help me?",Subscription,Medium,Negative,Subscription Team,Open
Brittany Dean,mcclainjoseph@example.com,Basic,Canada,Mobile App,Payment Gateway,TKT-054A85FDF3,Profile information incorrect,"after updating the mobile application, I tried to access my account using Google Chrome on my Linux Desktop running Ubuntu 24.04. The system displays 'Validation failed'.",Account,Medium,Negative,Account Support Team,Open
Diane Byrd,twade@example.org,Basic,India,Phone,API Platform,TKT-F692142559,Unable to login,"Why is this still happening?

after logging in from another location, I tried to access my account using Mozilla Firefox on my Android Phone running Android 14. The system displays 'Internal server error'.

I am using Android Phone running Android 14 with Mozilla Firefox.

This level of service is unacceptable.",Login,High,Negative,Authentication Team,Open
Crystal Hernandez,amccormick@example.com,Basic,India,Email,Reporting Engine,TKT-355B4EA4E8,Account verification pending,"Can someone explain this?

after buying a new laptop, I tried to access my account using Microsoft Edge on my Android Phone running Android 15. The system displays 'Verification failed'.

My profile is incomplete.

Thank you.",Account,Medium,Neutral,Account Support Team,Open
Mrs. Destiny Cooper,yjackson@example.org,Free,India,Email,Web Dashboard,TKT-B4450DBE80,Tax calculation issue,"while connected to mobile data, I tried to access my account using Mozilla Firefox on my MacBook Pro running macOS Sonoma. The system displays 'Payment gateway timeout'.

I already tried another payment method, but the issue still persists.

I cannot complete my purchase.",Billing,High,Negative,Billing Team,Open
Debra Sullivan,noahvelasquez@example.org,Free,United Kingdom,Mobile App,Cloud Storage,TKT-8198829184,Subscription renewal failed,"Can someone explain this?

after reinstalling the application, I tried to access my account using Microsoft Edge on my iPhone running iOS 18. The system displays 'Renewal failed'.

I am using iPhone running iOS 18 with Microsoft Edge.

Please guide me.",Subscription,Medium,Negative,Subscription Team,Open
Gabriel Jackson,imccann@example.net,Premium,Japan,Email,CRM Suite,TKT-8590D5AC05,Temporary password not working,"I'm extremely disappointed.

after logging in from another location, I tried to access my account using Safari on my iPad running iPadOS 17. The system displays 'Unexpected server error'.

I already tried another browser, but the issue still persists.

Fix this immediately!",Password Reset,Medium,Neutral,Authentication Team,Open
Michael Monroe,romanjustin@example.net,Free,Japan,Email,API Platform,TKT-34D0E45F64,Invoice missing,"Good day,

while using office Wi-Fi, I tried to access my account using Mozilla Firefox on my iPad running iPadOS 18. The system displays 'Payment gateway timeout'.

I already contacted my bank, but the issue still persists.

Could you please investigate this issue?",Billing,Medium,Negative,Billing Team,Open
Samantha Garza,tami23@example.net,Enterprise,India,Website,API Platform,TKT-BAFA7BCDA6,Refund status unavailable,"I think I made a mistake.

after updating the mobile application, I tried to access my account using Mozilla Firefox on my iPad running iPadOS 18. The system displays 'Refund service unavailable'.

This is becoming difficult.

This is affecting my business expenses.

Please guide me.",Refund,Medium,Negative,Billing Team,Open
Bailey Mcintyre,evanskelly@example.net,Premium,UAE,Email,CRM Suite,TKT-37E219AA0E,Organization details incorrect,"Hello,

after enabling two-factor authentication, I tried to access my account using Safari on my iPad running iPadOS 18. The system displays 'Verification failed'.

Business information is incorrect.

Can someone help me?",Account,Medium,Neutral,Account Support Team,Open
Rachel Perry,diamond07@example.com,Premium,USA,Phone,Cloud Storage,TKT-8EC774D246,Refund status unavailable,"Can someone explain this?

after modifying my account details, I tried to access my account using Microsoft Edge on my Linux Desktop running Fedora 41. The system displays 'Payment verification failed'.

I already verified my payment details, but the issue still persists.

Please guide me.",Refund,Medium,Negative,Billing Team,Open
Kristen Ellis,qlucas@example.org,Enterprise,Japan,Email,Reporting Engine,TKT-C8FC90909D,Plan changed automatically,"Hi Team,

after switching to a new phone, I tried to access my account using Microsoft Edge on my Android Phone running Android 15. The system displays 'Subscription service unavailable'.

I am using Android Phone running Android 15 with Microsoft Edge.

Looking forward to your response.",Subscription,Medium,Neutral,Subscription Team,Open
Lauren Barnes,vickigomez@example.org,Free,Australia,Mobile App,Cloud Storage,TKT-81F0628E14,Two-factor authentication failed,"I'm not sure what's happening.

while travelling abroad, I tried to access my account using Safari on my Android Phone running Android 15. The system displays 'Authentication failed'.

I already disabled VPN, but the issue still persists.

I cannot continue my work.

Please guide me.",Login,High,Negative,Authentication Team,Open
Michelle Parrish,linda73@example.com,Enterprise,UAE,Phone,AI Analytics Platform,TKT-503417FEAB,Trial expired unexpectedly,"Good morning,

after reinstalling the application, I tried to access my account using Google Chrome on my Linux Desktop running Fedora 41. The system displays 'Renewal failed'.

I already used another browser, but the issue still persists.

The subscription is inactive.

Thank you in advance.",Subscription,Medium,Neutral,Subscription Team,Open
Bridget Pittman,knorton@example.org,Basic,Germany,Email,Reporting Engine,TKT-1BEA498278,Business profile issue,"I'm extremely disappointed.

after my session expired, I tried to access my account using Safari on my Android Phone running Android 14. The system displays 'Unexpected server error'.

Fix this immediately!",Account,Medium,Negative,Account Support Team,Open
Kirsten Cochran,vanessagibson@example.net,Enterprise,Canada,Mobile App,API Platform,TKT-50E8D1F769,Billing statement incorrect,"Good morning,

after buying a new laptop, I tried to access my account using Safari on my iPad running iPadOS 18. The system displays 'Billing service unavailable'.

Can someone help me?",Billing,Medium,Negative,Billing Team,Open
Joshua Dougherty,kevinhenry@example.org,Free,United Kingdom,Phone,Payment Gateway,TKT-E50D387D73,Change registered email,"after changing my browser, I tried to access my account using Mozilla Firefox on my Linux Desktop running Fedora 41. The system displays 'Unexpected server error'.

I already updated my browser, but the issue still persists.

My team cannot use account features.",Account,Low,Neutral,Account Support Team,Open
Anita Thompson DVM,llynn@example.com,Basic,India,Email,Web Dashboard,TKT-41BD29F9C8,Request refund,"I think I made a mistake.

after updating the mobile application, I tried to access my account using Google Chrome on my iPad running iPadOS 17. The system displays 'Refund service unavailable'.

The payment has not been returned.

I'd appreciate some help.",Refund,Medium,Negative,Billing Team,Open
Christopher Richards,landryleah@example.com,Premium,USA,Mobile App,Cloud Storage,TKT-FAE1CC6AD7,Duplicate payment refund,"after my session expired, I tried to access my account using Safari on my Android Phone running Android 14. The system displays 'Payment verification failed'.

I already verified my payment details, but the issue still persists.

My funds are still unavailable.",Refund,High,Negative,Billing Team,Open
Juan Deleon,sgray@example.com,Free,Canada,Email,Payment Gateway,TKT-4F1D011028,Invoice missing,"I'm not sure what's happening.

after changing my email address, I tried to access my account using Safari on my MacBook Pro running macOS Sequoia. The system displays 'Transaction failed'.

Thank you.",Billing,High,Negative,Billing Team,Open
Dr. Kimberly Martin DDS,brian89@example.com,Basic,Singapore,Chat,Reporting Engine,TKT-1031916D2C,Unable to upgrade plan,"after buying a new laptop, I tried to access my account using Safari on my Android Phone running Android 14. The system displays 'Plan activation failed'.",Subscription,Medium,Negative,Subscription Team,Open
Katie Walker,clayton64@example.com,Free,Australia,Phone,Reporting Engine,TKT-D67A056E5C,Plan changed automatically,"Hi Team,

after buying a new laptop, I tried to access my account using Mozilla Firefox on my iPad running iPadOS 18. The system displays 'Subscription service unavailable'.

Could you please investigate this issue?",Subscription,Medium,Neutral,Subscription Team,Open
Chelsea Smith,bbush@example.net,Enterprise,Australia,Phone,Cloud Storage,TKT-32E1AFAFB1,Subscription invoice issue,"while using office Wi-Fi, I tried to access my account using Google Chrome on my iPhone running iOS 18. The system displays 'Payment verification failed'.

I already logged out and logged back in, but the issue still persists.

Premium features are unavailable.",Subscription,Medium,Negative,Subscription Team,Open
Kimberly Crawford,millertiffany@example.org,Premium,Brazil,Mobile App,Mobile Application,TKT-04CD6C35DD,Duplicate payment refund,"I think I made a mistake.

after my session expired, I tried to access my account using Google Chrome on my MacBook Pro running macOS Sequoia. The system displays 'Refund processing failed'.

I already checked my bank statement, but the issue still persists.

This is affecting my business expenses.

I'd appreciate some help.",Refund,Medium,Negative,Billing Team,Open
Priscilla Jones,lauren77@example.com,Enterprise,United Kingdom,Email,Web Dashboard,TKT-1CD55A1270,Reset code invalid,"This is unacceptable!

after my session expired, I tried to access my account using Google Chrome on my MacBook Pro running macOS Sequoia. The system displays 'Email not recognized'.

I already tried another browser, but the issue still persists.

I expect this to be resolved today.",Password Reset,Low,Neutral,Authentication Team,Open
Jamie Peterson,georgebailey@example.org,Enterprise,Singapore,Email,AI Analytics Platform,TKT-245A12EF17,Premium features unavailable,"Hello Support Team,

after my session expired, I tried to access my account using Google Chrome on my Windows Laptop running Windows 11. The system displays 'Subscription service unavailable'.

I already logged out and logged back in, but the issue still persists.

The subscription is inactive.

I would appreciate your help.",Subscription,Medium,Neutral,Subscription Team,Open
Roy Burton,wbowen@example.org,Free,United Kingdom,Website,Web Dashboard,TKT-A113DDC1B5,Account verification pending,"Good morning,

after updating my phone number, I tried to access my account using Mozilla Firefox on my iPad running iPadOS 18. The system displays 'Permission denied'.

My profile is incomplete.

Thank you in advance.",Account,Medium,Neutral,Account Support Team,Open
Stephanie Brock,amandacarson@example.com,Basic,Canada,Chat,AI Analytics Platform,TKT-E28CBD34C1,Refund status unavailable,"This issue keeps happening.

after buying a new laptop, I tried to access my account using Safari on my iPhone running iOS 17. The system displays 'Payment verification failed'.

This is affecting my business expenses.

I need help immediately.",Refund,High,Negative,Billing Team,Open
Tyler Riley,jeromealvarez@example.com,Enterprise,USA,Chat,Cloud Storage,TKT-456A5A5275,Password reset page not working,"I think I made a mistake.

after logging in from another location, I tried to access my account using Mozilla Firefox on my Android Phone running Android 15. The system displays 'Reset token expired'.

I already requested another reset email, but the issue still persists.

My team cannot access shared resources.

Please guide me.",Password Reset,Medium,Negative,Authentication Team,Open
Ashley Cooke,emilymyers@example.org,Premium,Brazil,Email,CRM Suite,TKT-D556BEBC4B,Login failed,"after switching to a new phone, I tried to access my account using Safari on my MacBook Pro running macOS Sequoia. The system displays 'Invalid credentials'.",Login,Medium,Negative,Authentication Team,Open
David Sexton,sandrabrown@example.org,Enterprise,Canada,Website,Cloud Storage,TKT-11C4FE6358,Duplicate payment refund,"This is unacceptable!

after switching to a new phone, I tried to access my account using Mozilla Firefox on my iPad running iPadOS 18. The system displays 'Refund service unavailable'.

I already contacted customer support, but the issue still persists.

Fix this immediately!",Refund,High,Negative,Billing Team,Open
Timothy Collins,michael33@example.org,Basic,Japan,Phone,Reporting Engine,TKT-3F70248B61,Unable to login,"I'm not sure what's happening.

while using office Wi-Fi, I tried to access my account using Safari on my iPad running iPadOS 17. The system displays 'Session expired'.

I already disabled VPN, but the issue still persists.

Thank you.",Login,High,Negative,Authentication Team,Open
Christine Kelly,david85@example.net,Enterprise,Canada,Website,Payment Gateway,TKT-46F5461D62,Subscription not activated,"Can someone explain this?

after buying a new laptop, I tried to access my account using Microsoft Edge on my MacBook Pro running macOS Sonoma. The system displays 'Payment verification failed'.

I am using MacBook Pro running macOS Sonoma with Microsoft Edge.

Thank you.",Subscription,Medium,Negative,Subscription Team,Open
Benjamin Edwards,yevans@example.com,Free,Japan,Email,API Platform,TKT-ECEA828882,Password reset email not received,"I'm extremely disappointed.

while travelling abroad, I tried to access my account using Safari on my Android Phone running Android 14. The system displays 'Unexpected server error'.

This problem is affecting my work.

My team cannot access shared resources.

Fix this immediately!",Password Reset,Medium,Negative,Authentication Team,Open
Michael Brown,michaeleric@example.net,Enterprise,UAE,Chat,Mobile Application,TKT-52457DF93B,Partial refund received,"This is unacceptable!

after changing my browser, I tried to access my account using Safari on my Linux Desktop running Ubuntu 24.04. The system displays 'Refund service unavailable'.

My funds are still unavailable.

I expect this to be resolved today.",Refund,Medium,Negative,Billing Team,Open
Anthony Watts,danny90@example.net,Premium,Brazil,Mobile App,Web Dashboard,TKT-D9CFA022AD,Phone number update failed,"I've already tried everything.

while travelling abroad, I tried to access my account using Safari on my Linux Desktop running Fedora 41. The system displays 'Verification failed'.

I am using Linux Desktop running Fedora 41 with Safari.

This is affecting my work.",Account,Medium,Neutral,Account Support Team,Open
Emily Thomas,wrightchristopher@example.com,Free,UAE,Website,CRM Suite,TKT-B1B0B685EF,Cancelled order refund,"I think I made a mistake.

after reinstalling the application, I tried to access my account using Microsoft Edge on my MacBook Pro running macOS Sonoma. The system displays 'Payment verification failed'.

My funds are still unavailable.

I'd appreciate some help.",Refund,Medium,Negative,Billing Team,Open
Frank Hill,itorres@example.org,Basic,USA,Website,Web Dashboard,TKT-D0D970EB30,Payment failed,"I'm extremely disappointed.

after entering the wrong password several times, I tried to access my account using Mozilla Firefox on my iPad running iPadOS 17. The system displays 'Card declined'.

I already used another browser, but the issue still persists.

Our finance team is waiting for this invoice.

I expect this to be resolved today.",Billing,High,Negative,Billing Team,Open
Samantha Cruz,adam16@example.com,Free,Germany,Chat,Cloud Storage,TKT-F3F622B80F,Login page not responding,"Hello,

after my session expired, I tried to access my account using Safari on my iPad running iPadOS 18. The system displays 'Access denied'.

I already tried another browser, but the issue still persists.

My business operations are affected.

Please assist me.",Login,Medium,Negative,Authentication Team,Open
Nancy Williams,vhurley@example.net,Premium,USA,Chat,Web Dashboard,TKT-E6D1E91B90,Password change failed,"I think I made a mistake.

after my session expired, I tried to access my account using Safari on my MacBook Pro running macOS Sequoia. The system displays 'Unexpected server error'.

I already checked my spam folder, but the issue still persists.

Please guide me.",Password Reset,Low,Negative,Authentication Team,Open
Rebecca Dyer,david40@example.net,Basic,India,Website,Payment Gateway,TKT-3DF0B56D40,Payment not reflected,"Good day,

after my session expired, I tried to access my account using Microsoft Edge on my iPhone running iOS 18. The system displays 'Billing service unavailable'.

I already cleared browser cache, but the issue still persists.

Kindly assist me with resolving this problem.",Billing,Medium,Negative,Billing Team,Open
Paul Sanchez,jacobrodriguez@example.com,Premium,Canada,Phone,API Platform,TKT-4B6FCB58F5,Password reset loop,"Why is this still happening?

after switching to a new phone, I tried to access my account using Google Chrome on my Windows Laptop running Windows 10. The system displays 'Reset token expired'.

I cannot continue using the platform.

This level of service is unacceptable.",Password Reset,Medium,Negative,Authentication Team,Open
Tina Ford,campbellkim@example.org,Free,Australia,Mobile App,Reporting Engine,TKT-E8E5236B92,Refund rejected,"I'm extremely disappointed.

after enabling two-factor authentication, I tried to access my account using Microsoft Edge on my MacBook Pro running macOS Sonoma. The system displays 'Refund processing failed'.

I'm worried about this issue.

The payment has not been returned.

This level of service is unacceptable.",Refund,High,Negative,Billing Team,Open
Lauren Taylor,jacobsbrian@example.org,Free,Japan,Chat,Cloud Storage,TKT-EA0F51F64F,Credit card declined,"Can someone explain this?

after installing the latest version, I tried to access my account using Microsoft Edge on my iPhone running iOS 17. The system displays 'Unexpected payment error'.

Business operations are affected.

Please guide me.",Billing,High,Negative,Billing Team,Open
Teresa Singh,yateserica@example.org,Free,USA,Chat,CRM Suite,TKT-6ED62105EA,Unable to access dashboard,"I think I made a mistake.

after modifying my account details, I tried to access my account using Mozilla Firefox on my iPad running iPadOS 17. The system displays 'Unexpected server error'.

I already disabled VPN, but the issue still persists.

Please guide me.",Login,High,Negative,Authentication Team,Open
Jeremy Osborne,wesley80@example.org,Basic,Australia,Chat,Reporting Engine,TKT-BC80498969,Unable to access dashboard,"I've already tried everything.

after updating the mobile application, I tried to access my account using Mozilla Firefox on my MacBook Pro running macOS Sonoma. The system displays 'Authentication failed'.

I already cleared browser cache, but the issue still persists.

This issue is impacting productivity.

This is affecting my work.",Login,Medium,Negative,Authentication Team,Open
Joe Larson,billy99@example.com,Premium,Canada,Email,Reporting Engine,TKT-A7C9F97BBF,Unable to access dashboard,"I'm not sure what's happening.

while travelling abroad, I tried to access my account using Google Chrome on my iPhone running iOS 17. The system displays 'Unexpected server error'.

I cannot continue my work.

I'd appreciate some help.",Login,Medium,Negative,Authentication Team,Open
Courtney Burke,coleadam@example.org,Enterprise,Canada,Email,Reporting Engine,TKT-6232A522B8,Refund processing failed,"Hello,

after entering the wrong password several times, I tried to access my account using Microsoft Edge on my iPhone running iOS 17. The system displays 'Refund processing failed'.

I already contacted customer support, but the issue still persists.

Can someone help me?",Refund,High,Negative,Billing Team,Open
Jose Jennings,shellycordova@example.org,Enterprise,Japan,Phone,CRM Suite,TKT-70AA8B6519,Subscription not activated,"Hello Support Team,

after enabling two-factor authentication, I tried to access my account using Mozilla Firefox on my Android Phone running Android 15. The system displays 'Payment verification failed'.

I am using Android Phone running Android 15 with Mozilla Firefox.

Kindly assist me with resolving this problem.",Subscription,Medium,Negative,Subscription Team,Open
Yolanda Aguilar,heather06@example.net,Premium,Australia,Phone,Web Dashboard,TKT-E48196A694,Automatic payment failed,"Hello,

after resetting my device, I tried to access my account using Safari on my MacBook Pro running macOS Sequoia. The system displays 'Payment gateway timeout'.

I already retried the payment, but the issue still persists.

I cannot complete my purchase.

Thank you in advance.",Billing,High,Negative,Billing Team,Open
Abigail Elliott,swansonmelissa@example.net,Enterprise,Germany,Mobile App,Cloud Storage,TKT-DBED3DC61F,Account locked after multiple attempts,"I think I made a mistake.

after modifying my account details, I tried to access my account using Safari on my iPad running iPadOS 17. The system displays 'Session expired'.

I am using iPad running iPadOS 17 with Safari.

I'd appreciate some help.",Login,High,Negative,Authentication Team,Open
Robin King,guzmanapril@example.net,Enterprise,Brazil,Chat,Cloud Storage,TKT-E67A227345,Unable to verify account,"I think I made a mistake.

after entering the wrong password several times, I tried to access my account using Mozilla Firefox on my Android Phone running Android 15. The system displays 'Profile update failed'.

I already cleared browser cache, but the issue still persists.

My team cannot use account features.

I'd appreciate some help.",Account,Low,Negative,Account Support Team,Open
Sylvia Kline,tcaldwell@example.com,Enterprise,USA,Chat,Web Dashboard,TKT-E8880E22FF,Cannot create new password,"after resetting my device, I tried to access my account using Safari on my Windows Laptop running Windows 11. The system displays 'Unexpected server error'.

I already requested another reset email, but the issue still persists.

My team cannot access shared resources.",Password Reset,Medium,Negative,Authentication Team,Open
Charles Patterson,kristabest@example.org,Basic,United Kingdom,Phone,Cloud Storage,TKT-41F6750D51,Payment not reflected,"Dear Support,

after installing the latest version, I tried to access my account using Safari on my Linux Desktop running Ubuntu 24.04. The system displays 'Payment gateway timeout'.

I already tried another payment method, but the issue still persists.

I would appreciate your help.",Billing,High,Negative,Billing Team,Open
Sherry Burke,josephthomas@example.net,Free,United Kingdom,Mobile App,Cloud Storage,TKT-55B0FC4BBC,Refund processing failed,"Good morning,

while travelling abroad, I tried to access my account using Microsoft Edge on my Windows Laptop running Windows 11. The system displays 'Unexpected server error'.

I'm worried about this issue.

The payment has not been returned.

Thank you in advance.",Refund,Medium,Negative,Billing Team,Open
Thomas Williams,amanda44@example.net,Basic,Singapore,Website,CRM Suite,TKT-D949D6C637,Tax calculation issue,"This is unacceptable!

after buying a new laptop, I tried to access my account using Mozilla Firefox on my Android Phone running Android 14. The system displays 'Unexpected payment error'.

Fix this immediately!",Billing,High,Negative,Billing Team,Open
Jennifer Smith,hsmith@example.net,Free,Japan,Email,Cloud Storage,TKT-D2F8946996,Unable to login,"while connected to mobile data, I tried to access my account using Google Chrome on my MacBook Pro running macOS Sonoma. The system displays 'Session expired'.

I already reset my password, but the issue still persists.

My business operations are affected.",Login,High,Negative,Authentication Team,Open
Christopher Wilson,ryankramer@example.net,Premium,Australia,Phone,Reporting Engine,TKT-13D856ED0C,Forgot password issue,"after changing my browser, I tried to access my account using Safari on my Linux Desktop running Fedora 41. The system displays 'Unexpected server error'.",Password Reset,Low,Neutral,Authentication Team,Open
Jean Owens,alexa96@example.net,Basic,Canada,Chat,Cloud Storage,TKT-7AE693E93C,Unable to download invoice,"Good morning,

after entering the wrong password several times, I tried to access my account using Microsoft Edge on my Android Phone running Android 15. The system displays 'Invoice generation failed'.

I'm worried about this issue.

Business operations are affected.

Thank you in advance.",Billing,High,Negative,Billing Team,Open
Joseph Barnes,jolson@example.com,Basic,Brazil,Chat,Web Dashboard,TKT-A947935259,Payment failed,"I'm extremely disappointed.

after my session expired, I tried to access my account using Microsoft Edge on my MacBook Pro running macOS Sonoma. The system displays 'Unexpected payment error'.

Our finance team is waiting for this invoice.

Fix this immediately!",Billing,Medium,Negative,Billing Team,Open
Kimberly Martin,diana24@example.com,Enterprise,United Kingdom,Website,AI Analytics Platform,TKT-5CA366B415,Password reset loop,"Hello,

after installing the latest version, I tried to access my account using Google Chrome on my iPhone running iOS 18. The system displays 'Reset token expired'.

I already requested another reset email, but the issue still persists.

My work is delayed.

Please assist me.",Password Reset,Low,Negative,Authentication Team,Open
Christopher Shaw,wanderson@example.net,Basic,UAE,Phone,Reporting Engine,TKT-A837BFD175,Unexpected logout after login,"I've already tried everything.

after my session expired, I tried to access my account using Microsoft Edge on my iPad running iPadOS 18. The system displays 'Internal server error'.

I'm worried about this issue.

Customers are waiting for a response.

This is affecting my work.",Login,Medium,Negative,Authentication Team,Open
Michael Sullivan,bethanygutierrez@example.com,Free,Australia,Website,Payment Gateway,TKT-9362AB5735,Duplicate payment refund,"while using office Wi-Fi, I tried to access my account using Mozilla Firefox on my Windows Laptop running Windows 10. The system displays 'Unexpected server error'.

I already contacted customer support, but the issue still persists.

My funds are still unavailable.",Refund,Medium,Negative,Billing Team,Open
Erin Perkins,zoekelley@example.com,Basic,United Kingdom,Website,AI Analytics Platform,TKT-3B6CBA9F1E,Billing statement incorrect,"after modifying my account details, I tried to access my account using Safari on my iPhone running iOS 18. The system displays 'Invoice generation failed'.",Billing,Medium,Negative,Billing Team,Open
Julia Dunn,kleinderek@example.net,Premium,Germany,Website,Mobile Application,TKT-F2953D5398,Subscription invoice issue,"This is unacceptable!

after reinstalling the application, I tried to access my account using Mozilla Firefox on my Android Phone running Android 15. The system displays 'Renewal failed'.

I am using Android Phone running Android 15 with Mozilla Firefox.

I expect this to be resolved today.",Subscription,Medium,Neutral,Subscription Team,Open
Joshua Gonzalez,smithjudy@example.net,Enterprise,Brazil,Email,API Platform,TKT-E14801C293,Billing statement incorrect,"while using office Wi-Fi, I tried to access my account using Google Chrome on my iPad running iPadOS 18. The system displays 'Unexpected payment error'.

I already cleared browser cache, but the issue still persists.

I cannot complete my purchase.",Billing,Medium,Negative,Billing Team,Open
Timothy Fitzgerald,nanderson@example.com,Basic,Canada,Chat,Cloud Storage,TKT-9C058CEE2B,Change registered email,"after reinstalling the application, I tried to access my account using Microsoft Edge on my iPad running iPadOS 18. The system displays 'Verification failed'.",Account,Low,Negative,Account Support Team,Open
Timothy Robinson,wandatran@example.org,Free,Singapore,Mobile App,Payment Gateway,TKT-6C405BD990,Change registered email,"after enabling two-factor authentication, I tried to access my account using Safari on my Android Phone running Android 15. The system displays 'Unexpected server error'.

I already logged out and logged back in, but the issue still persists.

My profile is incomplete.",Account,Medium,Neutral,Account Support Team,Open
Heather Wilson,whitedavid@example.org,Basic,UAE,Website,API Platform,TKT-075D888F75,Organization details incorrect,"Good morning,

after switching to a new phone, I tried to access my account using Microsoft Edge on my Windows Laptop running Windows 11. The system displays 'Permission denied'.

I already updated my browser, but the issue still persists.

Can someone help me?",Account,Medium,Neutral,Account Support Team,Open
Lisa Spencer,jonmorales@example.com,Free,USA,Email,AI Analytics Platform,TKT-3C5EE4876D,Refund not received,"after modifying my account details, I tried to access my account using Mozilla Firefox on my iPad running iPadOS 18. The system displays 'Refund service unavailable'.

I already checked my bank statement, but the issue still persists.

My funds are still unavailable.",Refund,Medium,Negative,Billing Team,Open
Jose Figueroa,grahamsummer@example.net,Enterprise,India,Website,API Platform,TKT-9F00B2EF7D,Billing statement incorrect,"This issue keeps happening.

after changing my browser, I tried to access my account using Safari on my Windows Laptop running Windows 11. The system displays 'Invoice generation failed'.

This is becoming difficult.

Our subscription has been interrupted.

I need help immediately.",Billing,High,Negative,Billing Team,Open
Danny Khan,tanya71@example.com,Premium,United Kingdom,Chat,Web Dashboard,TKT-17D1D6FD98,Refund confirmation missing,"This is unacceptable!

after updating my phone number, I tried to access my account using Mozilla Firefox on my Windows Laptop running Windows 11. The system displays 'Refund processing failed'.

This is affecting my business expenses.

This level of service is unacceptable.",Refund,Medium,Negative,Billing Team,Open
Pamela Hardy,nelsonlauren@example.org,Premium,Germany,Email,Mobile Application,TKT-B8CB2629B3,Subscription renewal failed,"after entering the wrong password several times, I tried to access my account using Google Chrome on my iPad running iPadOS 17. The system displays 'Payment verification failed'.",Subscription,Medium,Negative,Subscription Team,Open
Stacey Simmons,mary21@example.org,Basic,Japan,Phone,CRM Suite,TKT-F1170D213C,Reset code invalid,"Why is this still happening?

while connected to mobile data, I tried to access my account using Microsoft Edge on my Android Phone running Android 14. The system displays 'Invalid reset token'.

I'm really frustrated.

My work is delayed.

I expect this to be resolved today.",Password Reset,Medium,Negative,Authentication Team,Open
Christopher Estrada,holdenmary@example.org,Free,Australia,Chat,CRM Suite,TKT-6DFFCE0240,Cannot create new password,"Hi,

after entering the wrong password several times, I tried to access my account using Microsoft Edge on my Linux Desktop running Ubuntu 24.04. The system displays 'Email not recognized'.

My work is delayed.

Please assist me.",Password Reset,Medium,Neutral,Authentication Team,Open
Sabrina Lee,bennettjamie@example.net,Basic,UAE,Mobile App,Cloud Storage,TKT-BD27C3D2B1,Subscription invoice issue,"Hi Team,

after updating the mobile application, I tried to access my account using Google Chrome on my iPhone running iOS 18. The system displays 'Plan activation failed'.

Kindly assist me with resolving this problem.",Subscription,Medium,Neutral,Subscription Team,Open
Bianca Cook,johnsonryan@example.com,Premium,Singapore,Chat,Mobile Application,TKT-0E8D92AB68,Downgrade request,"Can someone explain this?

after logging in from another location, I tried to access my account using Mozilla Firefox on my Windows Laptop running Windows 10. The system displays 'Payment verification failed'.

I already used another browser, but the issue still persists.

Please guide me.",Subscription,Medium,Negative,Subscription Team,Open
Kathy Wade,sarah97@example.org,Basic,Germany,Chat,Reporting Engine,TKT-5A1CD28140,Unable to access dashboard,"This issue keeps happening.

while using office Wi-Fi, I tried to access my account using Google Chrome on my Windows Laptop running Windows 11. The system displays 'Access denied'.

I already used another device, but the issue still persists.

I need help immediately.",Login,High,Negative,Authentication Team,Open
Jason Silva,morrismary@example.com,Premium,Canada,Website,AI Analytics Platform,TKT-73D997FE60,Business profile issue,"Hello,

after changing my email address, I tried to access my account using Microsoft Edge on my Android Phone running Android 15. The system displays 'Validation failed'.

I already used another device, but the issue still persists.

My profile is incomplete.

Please assist me.",Account,Low,Negative,Account Support Team,Open
Justin Hampton,vhayes@example.com,Free,Singapore,Phone,Mobile Application,TKT-BAE5C27A49,Reset code invalid,"Can someone explain this?

after logging in from another location, I tried to access my account using Microsoft Edge on my Linux Desktop running Ubuntu 24.04. The system displays 'Reset token expired'.

I already used another device, but the issue still persists.

Thank you.",Password Reset,Medium,Neutral,Authentication Team,Open
Christopher Holmes,michael91@example.org,Premium,Germany,Phone,Web Dashboard,TKT-77F9796DD7,Account settings not saving,"after switching to a new phone, I tried to access my account using Mozilla Firefox on my MacBook Pro running macOS Sequoia. The system displays 'Verification failed'.

I already logged out and logged back in, but the issue still persists.

My team cannot use account features.",Account,Medium,Negative,Account Support Team,Open
Jay Rojas,mblevins@example.com,Premium,Australia,Mobile App,Web Dashboard,TKT-33F0B0E9AA,Phone number update failed,"after modifying my account details, I tried to access my account using Microsoft Edge on my Windows Laptop running Windows 10. The system displays 'Permission denied'.",Account,Medium,Negative,Account Support Team,Open
John Mathews,bgilmore@example.org,Free,Germany,Phone,Web Dashboard,TKT-422CA85DFC,Cancelled order refund,"I've already tried everything.

after resetting my device, I tried to access my account using Safari on my Linux Desktop running Fedora 41. The system displays 'Refund processing failed'.

I'm really frustrated.

My funds are still unavailable.

I need help immediately.",Refund,High,Negative,Billing Team,Open
Steve Little,rholmes@example.net,Basic,India,Phone,CRM Suite,TKT-46177E21E3,Login stuck on loading screen,"This is unacceptable!

after resetting my device, I tried to access my account using Google Chrome on my MacBook Pro running macOS Sequoia. The system displays 'Access denied'.

My support team is blocked.

This level of service is unacceptable.",Login,Medium,Negative,Authentication Team,Open
James Mann,thomas36@example.com,Premium,Brazil,Website,Payment Gateway,TKT-DA60C8C011,Unable to verify account,"Why is this still happening?

after changing my browser, I tried to access my account using Safari on my iPad running iPadOS 17. The system displays 'Permission denied'.

I already used another device, but the issue still persists.

My profile is incomplete.

Fix this immediately!",Account,Medium,Neutral,Account Support Team,Open
Troy Moss,griffinmark@example.com,Enterprise,Australia,Mobile App,Payment Gateway,TKT-72357E0C45,Password reset loop,"I've already tried everything.

after updating my phone number, I tried to access my account using Google Chrome on my Linux Desktop running Ubuntu 24.04. The system displays 'Reset token expired'.

This is becoming difficult.

I cannot access my account.

This is affecting my work.",Password Reset,Medium,Neutral,Authentication Team,Open
Jon Li,carriesmith@example.com,Free,India,Mobile App,Reporting Engine,TKT-D5DE66E7F9,Cannot sign in,"This is unacceptable!

while connected to mobile data, I tried to access my account using Microsoft Edge on my MacBook Pro running macOS Sequoia. The system displays 'Connection timeout'.

Customers are waiting for a response.

This level of service is unacceptable.",Login,High,Negative,Authentication Team,Open
Jose Matthews,julian79@example.com,Free,Canada,Phone,Cloud Storage,TKT-5365130623,Phone number update failed,"Hello Support Team,

after changing my browser, I tried to access my account using Mozilla Firefox on my Android Phone running Android 15. The system displays 'Profile update failed'.

I already updated my browser, but the issue still persists.

Looking forward to your response.",Account,Medium,Neutral,Account Support Team,Open
Pamela Fernandez,dannycruz@example.net,Basic,USA,Phone,API Platform,TKT-AE87177A38,Refund confirmation missing,"Can someone explain this?

after modifying my account details, I tried to access my account using Google Chrome on my MacBook Pro running macOS Sonoma. The system displays 'Unexpected server error'.

I already verified my payment details, but the issue still persists.

My funds are still unavailable.

I'd appreciate some help.",Refund,Medium,Negative,Billing Team,Open
Joshua Jones,christineevans@example.org,Free,Singapore,Chat,API Platform,TKT-41F7EE5ECC,Profile information incorrect,"I'm really frustrated.

after modifying my account details, I tried to access my account using Safari on my iPad running iPadOS 17. The system displays 'Permission denied'.

My team cannot use account features.

Please fix this soon.",Account,Medium,Neutral,Account Support Team,Open
Brandon Rodriguez,christiandiaz@example.org,Enterprise,India,Phone,CRM Suite,TKT-A7E3A9A119,Cancelled order refund,"Hello Support Team,

after changing my browser, I tried to access my account using Safari on my iPhone running iOS 18. The system displays 'Refund service unavailable'.

I already contacted customer support, but the issue still persists.

This is affecting my business expenses.

Could you please investigate this issue?",Refund,Medium,Negative,Billing Team,Open
Robert Joseph,katrina20@example.net,Enterprise,United Kingdom,Phone,API Platform,TKT-F0E30E46DA,Tax calculation issue,"This issue keeps happening.

after reinstalling the application, I tried to access my account using Safari on my iPad running iPadOS 18. The system displays 'Unexpected payment error'.

Our subscription has been interrupted.

Please fix this soon.",Billing,Medium,Negative,Billing Team,Open
Lisa Hines,monroesuzanne@example.net,Basic,Brazil,Chat,Payment Gateway,TKT-375F3C2231,Login page not responding,"I'm really frustrated.

after changing my browser, I tried to access my account using Mozilla Firefox on my Android Phone running Android 15. The system displays 'Internal server error'.

I am using Android Phone running Android 15 with Mozilla Firefox.

I need help immediately.",Login,Medium,Negative,Authentication Team,Open
Justin West,treed@example.net,Basic,Singapore,Chat,Mobile Application,TKT-C8BA491B5D,Change registered email,"while connected to mobile data, I tried to access my account using Mozilla Firefox on my Linux Desktop running Fedora 41. The system displays 'Unexpected server error'.",Account,Medium,Neutral,Account Support Team,Open
Zachary Allen,brenda20@example.com,Premium,Germany,Mobile App,Cloud Storage,TKT-F62375699E,Account settings not saving,"Can someone explain this?

after changing my browser, I tried to access my account using Safari on my MacBook Pro running macOS Sequoia. The system displays 'Profile update failed'.

I already logged out and logged back in, but the issue still persists.

I'd appreciate some help.",Account,Medium,Negative,Account Support Team,Open
Marie Jones,reeddavid@example.net,Premium,India,Email,Payment Gateway,TKT-6087141805,Refund rejected,"after switching to a new phone, I tried to access my account using Google Chrome on my iPhone running iOS 17. The system displays 'Refund service unavailable'.",Refund,Medium,Negative,Billing Team,Open
Joshua Payne,amyburgess@example.net,Premium,United Kingdom,Website,AI Analytics Platform,TKT-6CCDD0F1AA,Refund confirmation missing,"Good morning,

after modifying my account details, I tried to access my account using Google Chrome on my iPad running iPadOS 18. The system displays 'Refund processing failed'.

My funds are still unavailable.

Thank you in advance.",Refund,Medium,Negative,Billing Team,Open
Gregory Mcguire,savagemary@example.net,Enterprise,India,Phone,Cloud Storage,TKT-E0E023A1A9,Premium features unavailable,"after updating the mobile application, I tried to access my account using Microsoft Edge on my iPhone running iOS 18. The system displays 'Renewal failed'.

I already verified my payment, but the issue still persists.

Premium features are unavailable.",Subscription,Medium,Negative,Subscription Team,Open
Rodney Robinson,robinjoyce@example.org,Premium,Singapore,Website,CRM Suite,TKT-9B114FFC65,Password reset page not working,"Can someone explain this?

after reinstalling the application, I tried to access my account using Mozilla Firefox on my iPhone running iOS 18. The system displays 'Email not recognized'.

This problem is affecting my work.

My team cannot access shared resources.

Thank you.",Password Reset,Low,Negative,Authentication Team,Open
Timothy Jones,qpollard@example.com,Premium,India,Mobile App,Web Dashboard,TKT-D0C2C10BCD,Unable to access dashboard,"while travelling abroad, I tried to access my account using Google Chrome on my Windows Laptop running Windows 11. The system displays 'Session expired'.

I already reset my password, but the issue still persists.

This issue is impacting productivity.",Login,Medium,Negative,Authentication Team,Open
Heather Vega,vsoto@example.net,Free,USA,Website,API Platform,TKT-3148894EEA,Invoice missing,"after logging in from another location, I tried to access my account using Microsoft Edge on my MacBook Pro running macOS Sequoia. The system displays 'Billing service unavailable'.",Billing,Medium,Negative,Billing Team,Open
Terry Reilly,hansenjessica@example.org,Premium,India,Phone,CRM Suite,TKT-ADCFD6AB99,Account verification pending,"I've already tried everything.

after updating the mobile application, I tried to access my account using Safari on my Android Phone running Android 14. The system displays 'Validation failed'.

I already updated my browser, but the issue still persists.

My team cannot use account features.

I need help immediately.",Account,Low,Negative,Account Support Team,Open
James Jordan,coreystewart@example.org,Free,Singapore,Email,API Platform,TKT-F771B85B1A,Downgrade request,"Dear Support,

while connected to mobile data, I tried to access my account using Safari on my Windows Laptop running Windows 11. The system displays 'Subscription service unavailable'.

I am using Windows Laptop running Windows 11 with Safari.

Could you please investigate this issue?",Subscription,Medium,Neutral,Subscription Team,Open
Debbie Fox,mwilliams@example.net,Basic,Canada,Email,Reporting Engine,TKT-CBDCEAF3E1,Account locked after multiple attempts,"Hi Team,

after changing my browser, I tried to access my account using Mozilla Firefox on my Linux Desktop running Ubuntu 24.04. The system displays 'Connection timeout'.

I am using Linux Desktop running Ubuntu 24.04 with Mozilla Firefox.

Looking forward to your response.",Login,Medium,Negative,Authentication Team,Open
Shannon Henson,ghatfield@example.net,Enterprise,Brazil,Chat,API Platform,TKT-89807A5EA3,Account locked,"Why is this still happening?

while connected to mobile data, I tried to access my account using Safari on my Windows Laptop running Windows 11. The system displays 'Unexpected server error'.

I am using Windows Laptop running Windows 11 with Safari.

Fix this immediately!",Account,Medium,Negative,Account Support Team,Open
Andrew Dixon,tannerkevin@example.org,Enterprise,Canada,Phone,Payment Gateway,TKT-1931E27C67,Incorrect billing amount,"I'm not sure what's happening.

while connected to mobile data, I tried to access my account using Google Chrome on my Linux Desktop running Fedora 41. The system displays 'Card declined'.

I am using Linux Desktop running Fedora 41 with Google Chrome.

I'd appreciate some help.",Billing,High,Negative,Billing Team,Open
Brian Gordon,tmcguire@example.org,Enterprise,Japan,Mobile App,Reporting Engine,TKT-54D83E7D36,Payment not reflected,"Why is this still happening?

after enabling two-factor authentication, I tried to access my account using Microsoft Edge on my Android Phone running Android 14. The system displays 'Payment gateway timeout'.

Our finance team is waiting for this invoice.

I expect this to be resolved today.",Billing,High,Negative,Billing Team,Open
Ashley Glenn,mary78@example.net,Free,United Kingdom,Email,Cloud Storage,TKT-4FE4E36C82,Unable to download invoice,"I think I made a mistake.

after logging in from another location, I tried to access my account using Safari on my Linux Desktop running Ubuntu 24.04. The system displays 'Card declined'.

I'm worried about this issue.

I cannot complete my purchase.

Thank you.",Billing,High,Negative,Billing Team,Open
Paul Sandoval,summercox@example.com,Enterprise,Singapore,Mobile App,Cloud Storage,TKT-E251AB408A,Password change failed,"I think I made a mistake.

after updating my phone number, I tried to access my account using Mozilla Firefox on my MacBook Pro running macOS Sequoia. The system displays 'OTP expired'.

This problem is affecting my work.

My work is delayed.

Thank you.",Password Reset,Low,Negative,Authentication Team,Open
Paul Simpson,christopheradams@example.net,Basic,Brazil,Email,CRM Suite,TKT-D579FCFE76,Reset link expired,"after enabling two-factor authentication, I tried to access my account using Safari on my Linux Desktop running Fedora 41. The system displays 'Email not recognized'.

I already tried another browser, but the issue still persists.

I cannot access my account.",Password Reset,Medium,Neutral,Authentication Team,Open
James Leon,coxmichael@example.net,Free,Germany,Chat,Cloud Storage,TKT-5DAA85EC20,Downgrade request,"after my session expired, I tried to access my account using Microsoft Edge on my iPad running iPadOS 17. The system displays 'Renewal failed'.",Subscription,Medium,Neutral,Subscription Team,Open
Sandra Brooks,hernandezwanda@example.org,Enterprise,India,Email,Reporting Engine,TKT-CBF3969CEB,Cannot create new password,"This is unacceptable!

while using office Wi-Fi, I tried to access my account using Google Chrome on my Android Phone running Android 15. The system displays 'Unexpected server error'.

I am using Android Phone running Android 15 with Google Chrome.

Fix this immediately!",Password Reset,Medium,Neutral,Authentication Team,Open
Michelle Foster,luketaylor@example.org,Enterprise,USA,Mobile App,Reporting Engine,TKT-31F5B9E186,Reset code invalid,"This issue keeps happening.

after enabling two-factor authentication, I tried to access my account using Safari on my MacBook Pro running macOS Sequoia. The system displays 'Reset token expired'.

I am using MacBook Pro running macOS Sequoia with Safari.

I need help immediately.",Password Reset,Medium,Neutral,Authentication Team,Open
Phillip Wells,crystal94@example.net,Free,Germany,Chat,API Platform,TKT-E27866838E,Double charged,"I'm extremely disappointed.

while connected to mobile data, I tried to access my account using Microsoft Edge on my iPad running iPadOS 17. The system displays 'Unexpected payment error'.

I cannot complete my purchase.

Fix this immediately!",Billing,Medium,Negative,Billing Team,Open
Debra Arnold,leslie67@example.com,Premium,UAE,Email,Payment Gateway,TKT-51311460FD,Reset code invalid,"Can someone explain this?

after changing my email address, I tried to access my account using Microsoft Edge on my MacBook Pro running macOS Sequoia. The system displays 'Unexpected server error'.

I am using MacBook Pro running macOS Sequoia with Microsoft Edge.

I'd appreciate some help.",Password Reset,Low,Neutral,Authentication Team,Open
Joseph Cruz,ylewis@example.net,Premium,Australia,Chat,Web Dashboard,TKT-9729382ACC,Phone number update failed,"I think I made a mistake.

after changing my browser, I tried to access my account using Safari on my Linux Desktop running Ubuntu 24.04. The system displays 'Validation failed'.

Thank you.",Account,Medium,Negative,Account Support Team,Open
Brian Smith,gjones@example.org,Basic,Brazil,Mobile App,API Platform,TKT-3F95B1287D,Subscription not activated,"after updating my phone number, I tried to access my account using Microsoft Edge on my iPad running iPadOS 18. The system displays 'Renewal failed'.

I already logged out and logged back in, but the issue still persists.

My team cannot continue working.",Subscription,Medium,Negative,Subscription Team,Open
John Murray,gabriel22@example.org,Enterprise,UAE,Website,API Platform,TKT-54B8D5887E,Refund taking too long,"This issue keeps happening.

after resetting my device, I tried to access my account using Safari on my Windows Laptop running Windows 10. The system displays 'Payment verification failed'.

I already checked my bank statement, but the issue still persists.

My funds are still unavailable.

Please fix this soon.",Refund,Medium,Negative,Billing Team,Open
Matthew Huynh,jeffersonjohnny@example.org,Free,Singapore,Email,Reporting Engine,TKT-F054F5ED55,Organization details incorrect,"Why is this still happening?

after logging in from another location, I tried to access my account using Safari on my MacBook Pro running macOS Sequoia. The system displays 'Verification failed'.

Fix this immediately!",Account,Medium,Negative,Account Support Team,Open
Robin Barr,kkrause@example.net,Basic,UAE,Mobile App,Reporting Engine,TKT-48A084C202,Unexpected logout after login,"I think I made a mistake.

after modifying my account details, I tried to access my account using Mozilla Firefox on my Windows Laptop running Windows 10. The system displays 'Authentication failed'.

I already reset my password, but the issue still persists.

Customers are waiting for a response.

I'd appreciate some help.",Login,Medium,Negative,Authentication Team,Open
Jesse Thomas,gonzalezchristopher@example.com,Premium,USA,Mobile App,Reporting Engine,TKT-B321684F9E,Cancel subscription,"Can someone explain this?

after logging in from another location, I tried to access my account using Safari on my iPad running iPadOS 18. The system displays 'Plan activation failed'.

I already verified my payment, but the issue still persists.

Premium features are unavailable.

Please guide me.",Subscription,Medium,Negative,Subscription Team,Open
Donna Johnson,edward94@example.org,Premium,UAE,Website,Mobile Application,TKT-E5289F6135,Account locked,"after updating the mobile application, I tried to access my account using Microsoft Edge on my Windows Laptop running Windows 10. The system displays 'Profile update failed'.",Account,Low,Negative,Account Support Team,Open
Nicole Sheppard,estevens@example.net,Premium,Germany,Mobile App,Reporting Engine,TKT-C224988AD8,Duplicate payment refund,"Hello Support Team,

after entering the wrong password several times, I tried to access my account using Mozilla Firefox on my Linux Desktop running Ubuntu 24.04. The system displays 'Refund processing failed'.

The payment has not been returned.

Could you please investigate this issue?",Refund,Medium,Negative,Billing Team,Open
Beth Wilson,patricia77@example.com,Premium,India,Phone,API Platform,TKT-68F6B1A8F4,Unable to download invoice,"I'm not sure what's happening.

while using office Wi-Fi, I tried to access my account using Safari on my iPhone running iOS 18. The system displays 'Billing service unavailable'.

I already retried the payment, but the issue still persists.

Our finance team is waiting for this invoice.

Thank you.",Billing,High,Negative,Billing Team,Open
Heather Dixon,brownjennifer@example.com,Free,Australia,Website,CRM Suite,TKT-8590D0C3F0,Subscription not activated,"I'm really frustrated.

while connected to mobile data, I tried to access my account using Microsoft Edge on my Android Phone running Android 15. The system displays 'Plan activation failed'.

I am using Android Phone running Android 15 with Microsoft Edge.

Please fix this soon.",Subscription,Medium,Negative,Subscription Team,Open
Ashley Russell,lauragriffin@example.com,Enterprise,Japan,Phone,Cloud Storage,TKT-96BE244120,Unable to update profile,"Hi Team,

after reinstalling the application, I tried to access my account using Microsoft Edge on my iPad running iPadOS 18. The system displays 'Validation failed'.

I already updated my browser, but the issue still persists.

Business information is incorrect.

Could you please investigate this issue?",Account,Medium,Negative,Account Support Team,Open
Mindy Dalton,eduardostephens@example.net,Premium,India,Phone,CRM Suite,TKT-295B5130F7,Cannot create new password,"This issue keeps happening.

after changing my email address, I tried to access my account using Microsoft Edge on my Windows Laptop running Windows 10. The system displays 'Unexpected server error'.

I already checked my spam folder, but the issue still persists.

I cannot access my account.

This is affecting my work.",Password Reset,Low,Neutral,Authentication Team,Open
Jill Scott,jessicajohnson@example.net,Free,United Kingdom,Chat,CRM Suite,TKT-ACE1B6F1A7,Cancel subscription,"after changing my email address, I tried to access my account using Microsoft Edge on my iPhone running iOS 17. The system displays 'Payment verification failed'.",Subscription,Medium,Neutral,Subscription Team,Open
Laura Robinson,patrickpeters@example.com,Basic,Germany,Chat,AI Analytics Platform,TKT-7EC4C925E2,Two-factor authentication failed,"This issue keeps happening.

after installing the latest version, I tried to access my account using Microsoft Edge on my Android Phone running Android 15. The system displays 'Invalid credentials'.

I already reset my password, but the issue still persists.

My support team is blocked.

This is affecting my work.",Login,High,Negative,Authentication Team,Open
Nicole Hall,jenniferwall@example.net,Basic,United Kingdom,Mobile App,CRM Suite,TKT-93CBA5E889,Payment not reflected,"Hello Support Team,

after updating the mobile application, I tried to access my account using Google Chrome on my iPhone running iOS 18. The system displays 'Unexpected payment error'.

I am using iPhone running iOS 18 with Google Chrome.

Could you please investigate this issue?",Billing,High,Negative,Billing Team,Open
Sandra Rose,martin40@example.com,Basic,Germany,Email,Payment Gateway,TKT-D4F103A18E,Unable to download invoice,"I've already tried everything.

after updating the mobile application, I tried to access my account using Mozilla Firefox on my iPhone running iOS 18. The system displays 'Transaction failed'.

I am using iPhone running iOS 18 with Mozilla Firefox.

This is affecting my work.",Billing,Medium,Negative,Billing Team,Open
Natalie Jimenez,pcollins@example.org,Enterprise,UAE,Email,Reporting Engine,TKT-7DC8447698,Refund confirmation missing,"Hi,

after switching to a new phone, I tried to access my account using Google Chrome on my Android Phone running Android 15. The system displays 'Payment verification failed'.

I am using Android Phone running Android 15 with Google Chrome.

Can someone help me?",Refund,High,Negative,Billing Team,Open
Andrew Ross,jake52@example.com,Free,India,Email,Mobile Application,TKT-0AB78274E2,Unable to reset password,"Dear Support,

after updating my phone number, I tried to access my account using Mozilla Firefox on my iPad running iPadOS 17. The system displays 'Email not recognized'.

I am using iPad running iPadOS 17 with Mozilla Firefox.

Could you please investigate this issue?",Password Reset,Low,Neutral,Authentication Team,Open
Colleen Hebert,bradleyprince@example.com,Free,UAE,Website,Cloud Storage,TKT-96F652C09E,Partial refund received,"I'm extremely disappointed.

after my session expired, I tried to access my account using Mozilla Firefox on my Linux Desktop running Ubuntu 24.04. The system displays 'Refund service unavailable'.

I expect this to be resolved today.",Refund,High,Negative,Billing Team,Open
Jessica Cobb,samanthathompson@example.com,Premium,United Kingdom,Website,CRM Suite,TKT-32D3D5F107,Tax calculation issue,"I'm not sure what's happening.

after entering the wrong password several times, I tried to access my account using Mozilla Firefox on my Linux Desktop running Fedora 41. The system displays 'Card declined'.

I already contacted my bank, but the issue still persists.

Our subscription has been interrupted.

I'd appreciate some help.",Billing,High,Negative,Billing Team,Open
Lisa Ayers,rebecca55@example.net,Premium,USA,Chat,CRM Suite,TKT-DE4088CE74,Unable to access dashboard,"I'm not sure what's happening.

after installing the latest version, I tried to access my account using Safari on my Windows Laptop running Windows 10. The system displays 'Connection timeout'.

I already restarted the application, but the issue still persists.

I cannot continue my work.

Please guide me.",Login,High,Negative,Authentication Team,Open
Rhonda House,greenemargaret@example.net,Free,Canada,Website,Cloud Storage,TKT-A9418FD5BD,Tax calculation issue,"Can someone explain this?

after logging in from another location, I tried to access my account using Safari on my Windows Laptop running Windows 11. The system displays 'Payment gateway timeout'.

Our subscription has been interrupted.

I'd appreciate some help.",Billing,High,Negative,Billing Team,Open
Amber Lewis,joneseric@example.com,Basic,Canada,Mobile App,Cloud Storage,TKT-FD7192C9F2,Subscription missing,"Hi Team,

after switching to a new phone, I tried to access my account using Mozilla Firefox on my Linux Desktop running Ubuntu 24.04. The system displays 'Plan activation failed'.

I already used another browser, but the issue still persists.

Premium features are unavailable.

I would appreciate your help.",Subscription,Medium,Neutral,Subscription Team,Open
Chad Torres,cward@example.net,Free,Germany,Phone,Web Dashboard,TKT-E9B7E82F0A,Refund not received,"I think I made a mistake.

after reinstalling the application, I tried to access my account using Microsoft Edge on my iPad running iPadOS 18. The system displays 'Refund service unavailable'.

This is becoming difficult.

My funds are still unavailable.

Please guide me.",Refund,Medium,Negative,Billing Team,Open
Jessica Ruiz,dsmith@example.com,Free,Canada,Website,Cloud Storage,TKT-8FF695E5C9,Payment failed,"I'm not sure what's happening.

after my session expired, I tried to access my account using Safari on my Android Phone running Android 15. The system displays 'Transaction failed'.

I already tried another payment method, but the issue still persists.

Our subscription has been interrupted.

Thank you.",Billing,Medium,Negative,Billing Team,Open
Megan Banks DDS,savila@example.net,Free,India,Email,API Platform,TKT-51005C01ED,Reset code invalid,"Hello Support Team,

after installing the latest version, I tried to access my account using Safari on my Linux Desktop running Fedora 41. The system displays 'Reset token expired'.

I cannot access my account.

Kindly assist me with resolving this problem.",Password Reset,Low,Negative,Authentication Team,Open
Jennifer Smith,tiffany73@example.com,Premium,USA,Mobile App,Mobile Application,TKT-B519E89490,Reset link expired,"I've already tried everything.

after modifying my account details, I tried to access my account using Mozilla Firefox on my Linux Desktop running Fedora 41. The system displays 'Unexpected server error'.

I am using Linux Desktop running Fedora 41 with Mozilla Firefox.

I need help immediately.",Password Reset,Medium,Neutral,Authentication Team,Open
Sheryl Walker,sharpjuan@example.com,Premium,Germany,Email,Mobile Application,TKT-BE005A8302,Unexpected logout after login,"I'm really frustrated.

after enabling two-factor authentication, I tried to access my account using Mozilla Firefox on my Windows Laptop running Windows 11. The system displays 'Invalid credentials'.

I already cleared browser cache, but the issue still persists.

Please fix this soon.",Login,Medium,Negative,Authentication Team,Open
Matthew Hawkins,pamelaschultz@example.com,Premium,Australia,Email,AI Analytics Platform,TKT-A7C4EF567C,Reset link expired,"This issue keeps happening.

after changing my email address, I tried to access my account using Mozilla Firefox on my MacBook Pro running macOS Sonoma. The system displays 'Reset token expired'.

This is becoming difficult.

My team cannot access shared resources.

I need help immediately.",Password Reset,Medium,Negative,Authentication Team,Open
William Pena,lisa65@example.net,Enterprise,USA,Website,Reporting Engine,TKT-6532350A69,Reset code invalid,"Hi Team,

while travelling abroad, I tried to access my account using Safari on my MacBook Pro running macOS Sonoma. The system displays 'OTP expired'.

I already tried another browser, but the issue still persists.

My team cannot access shared resources.

Looking forward to your response.",Password Reset,Low,Negative,Authentication Team,Open
David Massey,lisaroberts@example.net,Premium,Canada,Chat,Reporting Engine,TKT-D10B3D2F36,Password change failed,"Hello Support Team,

while using office Wi-Fi, I tried to access my account using Safari on my iPhone running iOS 17. The system displays 'Reset token expired'.

I'm really frustrated.

My work is delayed.

I would appreciate your help.",Password Reset,Low,Negative,Authentication Team,Open
Jessica Washington,schmidtdonna@example.org,Basic,Germany,Mobile App,Cloud Storage,TKT-641D6B8A63,Unable to update profile,"This is unacceptable!

after installing the latest version, I tried to access my account using Safari on my Windows Laptop running Windows 10. The system displays 'Permission denied'.

I am using Windows Laptop running Windows 10 with Safari.

This level of service is unacceptable.",Account,Medium,Neutral,Account Support Team,Open
Chloe Lopez,paulahayes@example.org,Free,Canada,Email,CRM Suite,TKT-1FD1FF2CFF,Login stuck on loading screen,"after my session expired, I tried to access my account using Mozilla Firefox on my MacBook Pro running macOS Sequoia. The system displays 'Unexpected server error'.",Login,High,Negative,Authentication Team,Open
Sarah Moore,ginafuentes@example.org,Basic,UAE,Phone,Web Dashboard,TKT-3D794EB489,Login page not responding,"Can someone explain this?

after changing my email address, I tried to access my account using Google Chrome on my Windows Laptop running Windows 10. The system displays 'Authentication failed'.

I am using Windows Laptop running Windows 10 with Google Chrome.

Please guide me.",Login,Medium,Negative,Authentication Team,Open
Alexander Vaughn,watsonsamantha@example.org,Basic,UAE,Mobile App,Web Dashboard,TKT-B806A1FBFC,Invoice missing,"I'm not sure what's happening.

after reinstalling the application, I tried to access my account using Safari on my MacBook Pro running macOS Sonoma. The system displays 'Payment gateway timeout'.

This problem is affecting my work.

Business operations are affected.

Thank you.",Billing,Medium,Negative,Billing Team,Open
Mark Anderson,jameshamilton@example.org,Free,Japan,Chat,Payment Gateway,TKT-64E48849F2,Trial expired unexpectedly,"I've already tried everything.

after updating my phone number, I tried to access my account using Microsoft Edge on my iPhone running iOS 18. The system displays 'Renewal failed'.

This problem is affecting my work.

My team cannot continue working.

Please fix this soon.",Subscription,Medium,Negative,Subscription Team,Open
Dale Moses,chapmandavid@example.net,Premium,UAE,Chat,Mobile Application,TKT-50987274D0,Refund taking too long,"This is unacceptable!

after entering the wrong password several times, I tried to access my account using Microsoft Edge on my MacBook Pro running macOS Sequoia. The system displays 'Payment verification failed'.

The payment has not been returned.

Fix this immediately!",Refund,Medium,Negative,Billing Team,Open
Tracy Reid,wilsonfrancis@example.org,Basic,UAE,Website,Cloud Storage,TKT-5A0C6016D5,Refund status unavailable,"after entering the wrong password several times, I tried to access my account using Mozilla Firefox on my iPad running iPadOS 18. The system displays 'Refund service unavailable'.

I already checked my bank statement, but the issue still persists.

My funds are still unavailable.",Refund,Medium,Negative,Billing Team,Open
Dwayne Duncan,jarnold@example.com,Enterprise,UAE,Phone,Web Dashboard,TKT-78867B559E,Account settings not saving,"while connected to mobile data, I tried to access my account using Microsoft Edge on my Android Phone running Android 14. The system displays 'Profile update failed'.",Account,Low,Neutral,Account Support Team,Open
Regina Hall,raymond94@example.net,Premium,Brazil,Email,Payment Gateway,TKT-56C5E13B92,Business profile issue,"I'm extremely disappointed.

after changing my browser, I tried to access my account using Mozilla Firefox on my MacBook Pro running macOS Sonoma. The system displays 'Unexpected server error'.

I already logged out and logged back in, but the issue still persists.

My team cannot use account features.

This level of service is unacceptable.",Account,Medium,Neutral,Account Support Team,Open
Mary Camacho,johnlee@example.com,Basic,Singapore,Email,Cloud Storage,TKT-88E2547813,Change registered email,"after reinstalling the application, I tried to access my account using Mozilla Firefox on my MacBook Pro running macOS Sequoia. The system displays 'Unexpected server error'.",Account,Low,Neutral,Account Support Team,Open
Shawn Ramirez,williamskarl@example.com,Premium,UAE,Chat,AI Analytics Platform,TKT-7AC763E0A0,Incorrect billing amount,"Good day,

after enabling two-factor authentication, I tried to access my account using Mozilla Firefox on my MacBook Pro running macOS Sonoma. The system displays 'Unexpected payment error'.

Our subscription has been interrupted.

Could you please investigate this issue?",Billing,Medium,Negative,Billing Team,Open
Mrs. Angela Riley,ramirezpatrick@example.org,Basic,India,Mobile App,Reporting Engine,TKT-13DBA0925C,Refund status unavailable,"after logging in from another location, I tried to access my account using Google Chrome on my Windows Laptop running Windows 11. The system displays 'Refund service unavailable'.",Refund,Medium,Negative,Billing Team,Open
Janice Russell,dana47@example.org,Premium,Australia,Email,CRM Suite,TKT-F25755B850,Subscription renewal failed,"Why is this still happening?

after enabling two-factor authentication, I tried to access my account using Mozilla Firefox on my MacBook Pro running macOS Sequoia. The system displays 'Renewal failed'.

I already verified my payment, but the issue still persists.

The subscription is inactive.

Fix this immediately!",Subscription,Medium,Negative,Subscription Team,Open
Angela Decker,allentracy@example.net,Free,Singapore,Chat,AI Analytics Platform,TKT-649814E094,Unable to verify account,"I'm extremely disappointed.

after logging in from another location, I tried to access my account using Microsoft Edge on my iPad running iPadOS 18. The system displays 'Unexpected server error'.

I already used another device, but the issue still persists.

Fix this immediately!",Account,Medium,Negative,Account Support Team,Open
Daniel Johnson,joel20@example.org,Premium,Canada,Email,Payment Gateway,TKT-6729DAAF95,Subscription invoice issue,"after updating the mobile application, I tried to access my account using Mozilla Firefox on my iPad running iPadOS 18. The system displays 'Renewal failed'.

I already verified my payment, but the issue still persists.

The subscription is inactive.",Subscription,Medium,Negative,Subscription Team,Open
Stanley Gonzalez,gpowers@example.com,Premium,Brazil,Mobile App,AI Analytics Platform,TKT-10D63770BE,Reset link expired,"Good morning,

while using office Wi-Fi, I tried to access my account using Microsoft Edge on my MacBook Pro running macOS Sequoia. The system displays 'Email not recognized'.

I already checked my spam folder, but the issue still persists.

I cannot access my account.

Please assist me.",Password Reset,Low,Neutral,Authentication Team,Open
Jeffrey Parsons,clarkemelinda@example.net,Enterprise,Canada,Website,CRM Suite,TKT-3380AF5478,Forgot password issue,"Hi Team,

after logging in from another location, I tried to access my account using Safari on my MacBook Pro running macOS Sonoma. The system displays 'OTP expired'.

I'm worried about this issue.

I cannot continue using the platform.

I would appreciate your help.",Password Reset,Medium,Neutral,Authentication Team,Open
Jeremy Hall,christine72@example.net,Enterprise,Australia,Email,Cloud Storage,TKT-A8B06B44CA,Unable to update profile,"Good morning,

while using office Wi-Fi, I tried to access my account using Google Chrome on my Android Phone running Android 14. The system displays 'Unexpected server error'.

I'm really frustrated.

My profile is incomplete.

Please assist me.",Account,Medium,Negative,Account Support Team,Open
Zachary Rodriguez,roysarah@example.com,Enterprise,Japan,Website,Cloud Storage,TKT-E36A72DD27,Two-factor authentication failed,"while travelling abroad, I tried to access my account using Microsoft Edge on my iPhone running iOS 18. The system displays 'Access denied'.",Login,Medium,Negative,Authentication Team,Open
Jennifer Garza,dennisrachel@example.com,Free,Brazil,Website,AI Analytics Platform,TKT-31C2359395,Refund rejected,"Hi,

while travelling abroad, I tried to access my account using Microsoft Edge on my MacBook Pro running macOS Sequoia. The system displays 'Unexpected server error'.

I already checked my bank statement, but the issue still persists.

Thank you in advance.",Refund,High,Negative,Billing Team,Open
Robert Foster,abbottlinda@example.com,Basic,Singapore,Website,CRM Suite,TKT-98A1849809,Authentication error,"Can someone explain this?

while using office Wi-Fi, I tried to access my account using Google Chrome on my Android Phone running Android 15. The system displays 'Session expired'.

I already tried another browser, but the issue still persists.

My business operations are affected.

Thank you.",Login,High,Negative,Authentication Team,Open
Mike Tyler,lesliecarr@example.net,Premium,India,Mobile App,Reporting Engine,TKT-930330F3AE,Invoice missing,"Hello,

after changing my browser, I tried to access my account using Safari on my Android Phone running Android 14. The system displays 'Payment gateway timeout'.

I already cleared browser cache, but the issue still persists.

Our subscription has been interrupted.

Please assist me.",Billing,High,Negative,Billing Team,Open
William Gallagher,charlessanders@example.net,Free,Japan,Phone,Web Dashboard,TKT-73812ACCA3,Account settings not saving,"I'm really frustrated.

after logging in from another location, I tried to access my account using Mozilla Firefox on my iPad running iPadOS 18. The system displays 'Profile update failed'.

I already used another device, but the issue still persists.

My profile is incomplete.

Please fix this soon.",Account,Medium,Neutral,Account Support Team,Open
Amanda Vincent,jason90@example.net,Enterprise,Germany,Phone,Payment Gateway,TKT-2DF114B19E,Two-factor authentication failed,"Hello,

while travelling abroad, I tried to access my account using Google Chrome on my iPhone running iOS 17. The system displays 'Authentication failed'.

This is becoming difficult.

Customers are waiting for a response.

Thank you in advance.",Login,Medium,Negative,Authentication Team,Open
Daniel Walker,jennifersmith@example.org,Basic,USA,Website,API Platform,TKT-A3FD0D933D,Login page not responding,"Can someone explain this?

after logging in from another location, I tried to access my account using Safari on my iPhone running iOS 18. The system displays 'Authentication failed'.

I already tried another browser, but the issue still persists.

I'd appreciate some help.",Login,High,Negative,Authentication Team,Open
Sheila Hill,zmaynard@example.net,Free,USA,Phone,API Platform,TKT-8B13450839,Reset code invalid,"Can someone explain this?

after reinstalling the application, I tried to access my account using Safari on my iPhone running iOS 18. The system displays 'Verification failed'.

I am using iPhone running iOS 18 with Safari.

Thank you.",Password Reset,Low,Negative,Authentication Team,Open
Marissa Medina,tylerjoshua@example.net,Premium,India,Chat,Web Dashboard,TKT-DC6B40CD23,Trial expired unexpectedly,"I'm extremely disappointed.

after changing my browser, I tried to access my account using Mozilla Firefox on my Linux Desktop running Fedora 41. The system displays 'Plan activation failed'.

I already verified my payment, but the issue still persists.

Fix this immediately!",Subscription,Medium,Negative,Subscription Team,Open
Emily Zavala,psnyder@example.net,Enterprise,USA,Website,Cloud Storage,TKT-B56C7AD0EB,Premium features unavailable,"This issue keeps happening.

after switching to a new phone, I tried to access my account using Mozilla Firefox on my iPad running iPadOS 18. The system displays 'Payment verification failed'.

This problem is affecting my work.

The subscription is inactive.

I need help immediately.",Subscription,Medium,Negative,Subscription Team,Open
Derrick Knox,harveynathan@example.com,Free,India,Phone,Web Dashboard,TKT-13BB7EB51C,Profile information incorrect,"after entering the wrong password several times, I tried to access my account using Mozilla Firefox on my Linux Desktop running Ubuntu 24.04. The system displays 'Verification failed'.

I already used another device, but the issue still persists.

My profile is incomplete.",Account,Low,Neutral,Account Support Team,Open
Eric Curry,gonzalezjeffrey@example.net,Premium,Singapore,Website,CRM Suite,TKT-00860ABBC0,Refund rejected,"This is unacceptable!

after changing my email address, I tried to access my account using Mozilla Firefox on my iPad running iPadOS 17. The system displays 'Unexpected server error'.

The payment has not been returned.

This level of service is unacceptable.",Refund,Medium,Negative,Billing Team,Open
Barbara Terrell,oklein@example.net,Enterprise,UAE,Chat,Web Dashboard,TKT-7DC8B86E33,Payment failed,"Good morning,

after updating the mobile application, I tried to access my account using Mozilla Firefox on my iPhone running iOS 17. The system displays 'Unexpected payment error'.

I already retried the payment, but the issue still persists.

Our subscription has been interrupted.

Can someone help me?",Billing,High,Negative,Billing Team,Open
David Fisher,joshua52@example.org,Enterprise,Germany,Phone,Reporting Engine,TKT-B2CEA84C34,Refund rejected,"Hi,

after updating my phone number, I tried to access my account using Google Chrome on my MacBook Pro running macOS Sequoia. The system displays 'Refund processing failed'.

I already contacted customer support, but the issue still persists.

This is affecting my business expenses.

Please assist me.",Refund,High,Negative,Billing Team,Open
Michaela Johnson,angela53@example.org,Basic,India,Email,CRM Suite,TKT-2D4253F501,Login failed,"This is unacceptable!

after entering the wrong password several times, I tried to access my account using Mozilla Firefox on my iPhone running iOS 17. The system displays 'Authentication failed'.

I already used another device, but the issue still persists.

Fix this immediately!",Login,High,Negative,Authentication Team,Open
Joe Reilly,tamarataylor@example.com,Enterprise,USA,Chat,CRM Suite,TKT-0BFA751CCB,Automatic payment failed,"I think I made a mistake.

after reinstalling the application, I tried to access my account using Google Chrome on my MacBook Pro running macOS Sequoia. The system displays 'Transaction failed'.

I'm really frustrated.

Business operations are affected.

Thank you.",Billing,Medium,Negative,Billing Team,Open
Travis May,carlasmith@example.com,Enterprise,USA,Website,Web Dashboard,TKT-07C2DF77A3,Automatic payment failed,"Hi Team,

after updating the mobile application, I tried to access my account using Mozilla Firefox on my Windows Laptop running Windows 11. The system displays 'Invoice generation failed'.

I already tried another payment method, but the issue still persists.

Business operations are affected.

I would appreciate your help.",Billing,Medium,Negative,Billing Team,Open
Bradley Nelson,rodrigueztony@example.net,Basic,Germany,Chat,Cloud Storage,TKT-805E225C8E,Billing statement incorrect,"Why is this still happening?

after installing the latest version, I tried to access my account using Mozilla Firefox on my iPad running iPadOS 17. The system displays 'Billing service unavailable'.

Our finance team is waiting for this invoice.

Fix this immediately!",Billing,High,Negative,Billing Team,Open
Jenna Hubbard,zwilliams@example.com,Basic,United Kingdom,Chat,Cloud Storage,TKT-7EF43DB8BB,Change registered email,"after logging in from another location, I tried to access my account using Google Chrome on my Windows Laptop running Windows 10. The system displays 'Verification failed'.

I already used another device, but the issue still persists.

My team cannot use account features.",Account,Medium,Negative,Account Support Team,Open
Christina Perez,tinapatton@example.org,Free,Canada,Website,AI Analytics Platform,TKT-B145B3D868,Partial refund received,"after changing my email address, I tried to access my account using Google Chrome on my Android Phone running Android 14. The system displays 'Refund service unavailable'.",Refund,High,Negative,Billing Team,Open
Mallory Floyd,phillipsariana@example.org,Premium,UAE,Chat,Reporting Engine,TKT-89006FCB67,Password reset page not working,"Hello Support Team,

while connected to mobile data, I tried to access my account using Microsoft Edge on my Linux Desktop running Fedora 41. The system displays 'Unexpected server error'.

I already checked my spam folder, but the issue still persists.

I would appreciate your help.",Password Reset,Medium,Negative,Authentication Team,Open
Shane Aguirre,marilyn48@example.com,Premium,Brazil,Chat,CRM Suite,TKT-6142136F1E,Subscription invoice issue,"Good morning,

while using office Wi-Fi, I tried to access my account using Mozilla Firefox on my iPhone running iOS 17. The system displays 'Renewal failed'.

I already used another browser, but the issue still persists.

Please assist me.",Subscription,Medium,Negative,Subscription Team,Open
Michael Garcia,frazierkayla@example.org,Enterprise,Singapore,Website,CRM Suite,TKT-BA6287E325,Refund not received,"I'm really frustrated.

while travelling abroad, I tried to access my account using Google Chrome on my Windows Laptop running Windows 11. The system displays 'Payment verification failed'.

I already verified my payment details, but the issue still persists.

I need help immediately.",Refund,Medium,Negative,Billing Team,Open
Gregory Medina,mgriffin@example.net,Free,Canada,Phone,CRM Suite,TKT-B3412B855C,Cannot sign in,"This is unacceptable!

after entering the wrong password several times, I tried to access my account using Google Chrome on my iPad running iPadOS 18. The system displays 'Internal server error'.

This is becoming difficult.

This issue is impacting productivity.

Fix this immediately!",Login,High,Negative,Authentication Team,Open
Christopher Nash,nicholas43@example.org,Enterprise,Germany,Website,Mobile Application,TKT-78B81B34EA,Cancelled order refund,"I think I made a mistake.

after modifying my account details, I tried to access my account using Mozilla Firefox on my Linux Desktop running Fedora 41. The system displays 'Payment verification failed'.

I already verified my payment details, but the issue still persists.

This is affecting my business expenses.

Thank you.",Refund,High,Negative,Billing Team,Open
James Hill,bestrada@example.net,Free,United Kingdom,Chat,Cloud Storage,TKT-026D584568,Trial expired unexpectedly,"I'm really frustrated.

after switching to a new phone, I tried to access my account using Safari on my Windows Laptop running Windows 10. The system displays 'Plan activation failed'.

I already used another browser, but the issue still persists.

I need help immediately.",Subscription,Medium,Neutral,Subscription Team,Open
Jennifer Noble,michele43@example.com,Free,Japan,Website,Cloud Storage,TKT-16A3ECC9F6,Change registered email,"This is unacceptable!

after switching to a new phone, I tried to access my account using Microsoft Edge on my Android Phone running Android 15. The system displays 'Permission denied'.

I already updated my browser, but the issue still persists.

Fix this immediately!",Account,Low,Neutral,Account Support Team,Open
Beth Wood,crosswyatt@example.com,Premium,Japan,Mobile App,Web Dashboard,TKT-ADEF60CCDE,Password reset page not working,"I've already tried everything.

after updating my phone number, I tried to access my account using Mozilla Firefox on my Linux Desktop running Fedora 41. The system displays 'Email not recognized'.

I cannot access my account.

I need help immediately.",Password Reset,Low,Negative,Authentication Team,Open
Mark Rodriguez,egiles@example.net,Basic,Japan,Website,API Platform,TKT-FEC7C62193,Change registered email,"I think I made a mistake.

after updating my phone number, I tried to access my account using Mozilla Firefox on my Android Phone running Android 14. The system displays 'Unexpected server error'.

I'm really frustrated.

My profile is incomplete.

I'd appreciate some help.",Account,Medium,Neutral,Account Support Team,Open
Daniel Park,jacob32@example.org,Basic,United Kingdom,Mobile App,Web Dashboard,TKT-EBAD29F73F,Password change failed,"Hi Team,

after reinstalling the application, I tried to access my account using Microsoft Edge on my MacBook Pro running macOS Sonoma. The system displays 'Email not recognized'.

Kindly assist me with resolving this problem.",Password Reset,Medium,Negative,Authentication Team,Open
John Lee,amanda33@example.net,Premium,United Kingdom,Email,Cloud Storage,TKT-AAFAB99639,Unexpected logout after login,"after reinstalling the application, I tried to access my account using Safari on my Android Phone running Android 14. The system displays 'Session expired'.",Login,High,Negative,Authentication Team,Open
Elizabeth Conner,benjamin56@example.org,Enterprise,USA,Phone,Mobile Application,TKT-671BFA8897,Account settings not saving,"Good day,

after modifying my account details, I tried to access my account using Mozilla Firefox on my Android Phone running Android 15. The system displays 'Verification failed'.

I already used another device, but the issue still persists.

Business information is incorrect.

Looking forward to your response.",Account,Medium,Negative,Account Support Team,Open
Amber Lee,nguyenhaley@example.com,Basic,India,Website,Mobile Application,TKT-D6B19C8DB1,Business profile issue,"I'm not sure what's happening.

while travelling abroad, I tried to access my account using Safari on my Linux Desktop running Ubuntu 24.04. The system displays 'Unexpected server error'.

I am using Linux Desktop running Ubuntu 24.04 with Safari.

I'd appreciate some help.",Account,Medium,Negative,Account Support Team,Open
Kelly Sanchez,cwhite@example.com,Enterprise,USA,Mobile App,Reporting Engine,TKT-3AC73C27E4,Cancelled order refund,"after resetting my device, I tried to access my account using Microsoft Edge on my Linux Desktop running Fedora 41. The system displays 'Refund service unavailable'.",Refund,Medium,Negative,Billing Team,Open
Robin Smith,migueldavila@example.com,Free,Australia,Website,Reporting Engine,TKT-E6F0A07D63,Refund taking too long,"after enabling two-factor authentication, I tried to access my account using Microsoft Edge on my Linux Desktop running Ubuntu 24.04. The system displays 'Unexpected server error'.",Refund,Medium,Negative,Billing Team,Open
Christopher Mccullough,mackblake@example.org,Enterprise,United Kingdom,Email,Cloud Storage,TKT-A73A826A91,Password reset email not received,"Why is this still happening?

after changing my browser, I tried to access my account using Microsoft Edge on my Linux Desktop running Ubuntu 24.04. The system displays 'OTP expired'.

I already requested another reset email, but the issue still persists.

I cannot access my account.

This level of service is unacceptable.",Password Reset,Medium,Neutral,Authentication Team,Open
Timothy Brown,hillgary@example.com,Free,UAE,Website,Cloud Storage,TKT-D1874CFF4D,Login failed,"Can someone explain this?

after my session expired, I tried to access my account using Google Chrome on my Linux Desktop running Ubuntu 24.04. The system displays 'Connection timeout'.

I already used another device, but the issue still persists.

My business operations are affected.

Thank you.",Login,Medium,Negative,Authentication Team,Open
Antonio Hicks,smitchell@example.net,Free,USA,Email,AI Analytics Platform,TKT-9A5AA533B7,Subscription missing,"after enabling two-factor authentication, I tried to access my account using Google Chrome on my iPad running iPadOS 18. The system displays 'Renewal failed'.

I already verified my payment, but the issue still persists.

Premium features are unavailable.",Subscription,Medium,Neutral,Subscription Team,Open
Emily Scott,njacobs@example.com,Basic,Brazil,Website,Cloud Storage,TKT-8DAA39DC28,Refund rejected,"Why is this still happening?

after installing the latest version, I tried to access my account using Safari on my iPhone running iOS 17. The system displays 'Unexpected server error'.

The payment has not been returned.

Fix this immediately!",Refund,High,Negative,Billing Team,Open
Kirk Hawkins,bmorgan@example.com,Basic,Germany,Website,Cloud Storage,TKT-8880F633AA,Forgot password issue,"I've already tried everything.

while using office Wi-Fi, I tried to access my account using Safari on my Windows Laptop running Windows 11. The system displays 'Invalid reset token'.

I'm really frustrated.

My work is delayed.

Please fix this soon.",Password Reset,Medium,Neutral,Authentication Team,Open
Jacob Chambers,nathanhill@example.net,Free,Singapore,Email,API Platform,TKT-545A05347B,Payment failed,"after reinstalling the application, I tried to access my account using Safari on my Android Phone running Android 14. The system displays 'Payment gateway timeout'.",Billing,High,Negative,Billing Team,Open
Christina Barber,granttammy@example.net,Free,Germany,Website,AI Analytics Platform,TKT-497078FF5F,Password reset page not working,"Good day,

while travelling abroad, I tried to access my account using Safari on my iPhone running iOS 18. The system displays 'Invalid reset token'.

Looking forward to your response.",Password Reset,Low,Neutral,Authentication Team,Open
Michelle James,spatterson@example.net,Free,Australia,Email,API Platform,TKT-F6A472F110,Account locked after multiple attempts,"I think I made a mistake.

after updating my phone number, I tried to access my account using Google Chrome on my Linux Desktop running Fedora 41. The system displays 'Session expired'.

My support team is blocked.

I'd appreciate some help.",Login,Medium,Negative,Authentication Team,Open
Jennifer Andrade,angeltaylor@example.org,Enterprise,USA,Mobile App,Mobile Application,TKT-75B06A4E66,Refund confirmation missing,"I've already tried everything.

after updating the mobile application, I tried to access my account using Microsoft Edge on my Android Phone running Android 15. The system displays 'Refund service unavailable'.

This is affecting my work.",Refund,Medium,Negative,Billing Team,Open
Tina Stewart,bakerjohn@example.org,Enterprise,Australia,Phone,Cloud Storage,TKT-5D2C6EC235,Refund processing failed,"after installing the latest version, I tried to access my account using Safari on my Linux Desktop running Ubuntu 24.04. The system displays 'Refund service unavailable'.

I already checked my bank statement, but the issue still persists.

My funds are still unavailable.",Refund,High,Negative,Billing Team,Open
Alexis Webb,jamesjacobs@example.net,Premium,Singapore,Website,Payment Gateway,TKT-2442496B0E,Plan changed automatically,"after updating the mobile application, I tried to access my account using Google Chrome on my MacBook Pro running macOS Sequoia. The system displays 'Renewal failed'.",Subscription,Medium,Negative,Subscription Team,Open
Dr. Cameron Reyes,davisrodney@example.com,Basic,United Kingdom,Chat,Cloud Storage,TKT-97F88DE5ED,Unable to update profile,"after changing my browser, I tried to access my account using Google Chrome on my Windows Laptop running Windows 10. The system displays 'Verification failed'.",Account,Medium,Negative,Account Support Team,Open
Juan Wall,tarajohnson@example.com,Basic,USA,Chat,Cloud Storage,TKT-12C517E97F,Login page not responding,"I'm really frustrated.

after modifying my account details, I tried to access my account using Safari on my iPhone running iOS 17. The system displays 'Authentication failed'.

I'm worried about this issue.

This issue is impacting productivity.

Please fix this soon.",Login,High,Negative,Authentication Team,Open
Kevin Garcia,kfranklin@example.org,Premium,United Kingdom,Email,Web Dashboard,TKT-A5C4FD4CE2,Authentication error,"I'm really frustrated.

after entering the wrong password several times, I tried to access my account using Safari on my Windows Laptop running Windows 11. The system displays 'Unexpected server error'.

My support team is blocked.

This is affecting my work.",Login,High,Negative,Authentication Team,Open
Christopher Ward,guycantu@example.com,Premium,India,Email,CRM Suite,TKT-B1AB32A1B9,Subscription invoice issue,"Good day,

after modifying my account details, I tried to access my account using Microsoft Edge on my iPad running iPadOS 18. The system displays 'Plan activation failed'.

This is becoming difficult.

My team cannot continue working.

Kindly assist me with resolving this problem.",Subscription,Medium,Negative,Subscription Team,Open
Kathryn Valentine,hkoch@example.org,Free,India,Phone,Mobile Application,TKT-2D23914E26,Invoice missing,"This is unacceptable!

while using office Wi-Fi, I tried to access my account using Microsoft Edge on my iPhone running iOS 17. The system displays 'Invoice generation failed'.

I am using iPhone running iOS 17 with Microsoft Edge.

I expect this to be resolved today.",Billing,High,Negative,Billing Team,Open
Jill Williamson,bakertabitha@example.net,Enterprise,USA,Mobile App,Reporting Engine,TKT-74963569D5,Plan changed automatically,"after changing my email address, I tried to access my account using Mozilla Firefox on my Linux Desktop running Fedora 41. The system displays 'Renewal failed'.",Subscription,Medium,Negative,Subscription Team,Open
Chad Mcdowell,kimberlygray@example.com,Free,Germany,Chat,Cloud Storage,TKT-DA33A26030,Organization details incorrect,"Dear Support,

after reinstalling the application, I tried to access my account using Mozilla Firefox on my Linux Desktop running Ubuntu 24.04. The system displays 'Verification failed'.

I already used another device, but the issue still persists.

I would appreciate your help.",Account,Medium,Negative,Account Support Team,Open
Brendan Jones,brucematthew@example.com,Free,Australia,Phone,CRM Suite,TKT-F4F1BF3AA9,Automatic payment failed,"Hello,

after updating the mobile application, I tried to access my account using Google Chrome on my Windows Laptop running Windows 11. The system displays 'Payment gateway timeout'.

Our subscription has been interrupted.

Please assist me.",Billing,Medium,Negative,Billing Team,Open
Sara Hampton,danny31@example.com,Basic,USA,Phone,Reporting Engine,TKT-264210B9C2,Refund rejected,"I think I made a mistake.

after modifying my account details, I tried to access my account using Google Chrome on my iPhone running iOS 18. The system displays 'Payment verification failed'.

I already verified my payment details, but the issue still persists.

The payment has not been returned.

Please guide me.",Refund,Medium,Negative,Billing Team,Open
Jamie Dunn,leahhughes@example.net,Premium,USA,Mobile App,Reporting Engine,TKT-E0A8DFF138,Unable to download invoice,"I'm extremely disappointed.

after changing my email address, I tried to access my account using Microsoft Edge on my MacBook Pro running macOS Sequoia. The system displays 'Unexpected payment error'.

I'm worried about this issue.

Our subscription has been interrupted.

I expect this to be resolved today.",Billing,Medium,Negative,Billing Team,Open
Patricia Smith,tanderson@example.org,Enterprise,UAE,Phone,AI Analytics Platform,TKT-0130748197,Account verification pending,"Hello,

after reinstalling the application, I tried to access my account using Microsoft Edge on my Android Phone running Android 15. The system displays 'Permission denied'.

My team cannot use account features.

Thank you in advance.",Account,Low,Neutral,Account Support Team,Open
Vanessa Henderson,qbullock@example.org,Premium,Germany,Mobile App,Payment Gateway,TKT-B721ED7D1A,Billing statement incorrect,"after modifying my account details, I tried to access my account using Mozilla Firefox on my iPhone running iOS 18. The system displays 'Invoice generation failed'.",Billing,High,Negative,Billing Team,Open
Rachel Munoz,vjones@example.com,Basic,USA,Chat,Cloud Storage,TKT-A945C39FB8,Premium features unavailable,"I think I made a mistake.

after logging in from another location, I tried to access my account using Safari on my MacBook Pro running macOS Sonoma. The system displays 'Renewal failed'.

I'm really frustrated.

My team cannot continue working.

Thank you.",Subscription,Medium,Neutral,Subscription Team,Open
David Castro,beckerelizabeth@example.com,Enterprise,Singapore,Chat,AI Analytics Platform,TKT-8AF0A8DFF6,Login failed,"Good day,

after enabling two-factor authentication, I tried to access my account using Safari on my Windows Laptop running Windows 10. The system displays 'Session expired'.

Kindly assist me with resolving this problem.",Login,High,Negative,Authentication Team,Open
Mary Montoya,aaron13@example.org,Basic,Australia,Chat,AI Analytics Platform,TKT-D87C669187,Change registered email,"Why is this still happening?

after resetting my device, I tried to access my account using Mozilla Firefox on my Linux Desktop running Fedora 41. The system displays 'Validation failed'.

I already used another device, but the issue still persists.

This level of service is unacceptable.",Account,Medium,Negative,Account Support Team,Open
Stephanie Curtis,marcus03@example.net,Premium,Japan,Phone,API Platform,TKT-384B2C7D03,Cannot create new password,"Can someone explain this?

after changing my email address, I tried to access my account using Microsoft Edge on my Android Phone running Android 15. The system displays 'OTP expired'.

Thank you.",Password Reset,Low,Negative,Authentication Team,Open
Jesus Strong,wallaceadrienne@example.org,Free,Brazil,Phone,Payment Gateway,TKT-820B3B7F01,Subscription renewal failed,"after reinstalling the application, I tried to access my account using Microsoft Edge on my Linux Desktop running Ubuntu 24.04. The system displays 'Subscription service unavailable'.

I already logged out and logged back in, but the issue still persists.

The subscription is inactive.",Subscription,Medium,Negative,Subscription Team,Open
Isaiah Austin,rogersdarrell@example.net,Free,UAE,Email,Payment Gateway,TKT-A1DF240FF1,Plan changed automatically,"after resetting my device, I tried to access my account using Google Chrome on my Windows Laptop running Windows 10. The system displays 'Renewal failed'.

I already used another browser, but the issue still persists.

Premium features are unavailable.",Subscription,Medium,Negative,Subscription Team,Open
Brandon Valdez,claudiawoodard@example.com,Basic,Singapore,Website,Payment Gateway,TKT-155DCB35AB,Refund processing failed,"after updating the mobile application, I tried to access my account using Google Chrome on my Android Phone running Android 15. The system displays 'Unexpected server error'.",Refund,Medium,Negative,Billing Team,Open
Jennifer Kim,njones@example.net,Enterprise,United Kingdom,Website,Cloud Storage,TKT-7B8B4CA3FD,Payment failed,"I'm extremely disappointed.

after logging in from another location, I tried to access my account using Safari on my iPad running iPadOS 17. The system displays 'Payment gateway timeout'.

I am using iPad running iPadOS 17 with Safari.

Fix this immediately!",Billing,Medium,Negative,Billing Team,Open
Alexandra Lyons,watsontabitha@example.org,Enterprise,Japan,Email,Web Dashboard,TKT-E7C6908FFC,Login page not responding,"I think I made a mistake.

after installing the latest version, I tried to access my account using Mozilla Firefox on my Linux Desktop running Fedora 41. The system displays 'Internal server error'.

I already used another device, but the issue still persists.

I'd appreciate some help.",Login,Medium,Negative,Authentication Team,Open
Christopher Robbins,jnewton@example.net,Premium,Australia,Phone,Web Dashboard,TKT-9E5D7A990E,Invoice missing,"after reinstalling the application, I tried to access my account using Google Chrome on my MacBook Pro running macOS Sequoia. The system displays 'Payment gateway timeout'.",Billing,Medium,Negative,Billing Team,Open
Ruben Thomas,nathan19@example.org,Basic,Singapore,Mobile App,CRM Suite,TKT-B57C69F82C,Trial expired unexpectedly,"after logging in from another location, I tried to access my account using Safari on my MacBook Pro running macOS Sequoia. The system displays 'Payment verification failed'.

I already logged out and logged back in, but the issue still persists.

The subscription is inactive.",Subscription,Medium,Neutral,Subscription Team,Open
Alex Brown,jason53@example.org,Free,Singapore,Email,AI Analytics Platform,TKT-223AD38F55,Refund rejected,"after enabling two-factor authentication, I tried to access my account using Mozilla Firefox on my iPad running iPadOS 18. The system displays 'Refund processing failed'.

I already checked my bank statement, but the issue still persists.

This is affecting my business expenses.",Refund,Medium,Negative,Billing Team,Open
Rita Jones,rthompson@example.com,Premium,Singapore,Mobile App,Web Dashboard,TKT-402194EF42,Refund status unavailable,"Good day,

after modifying my account details, I tried to access my account using Mozilla Firefox on my iPhone running iOS 18. The system displays 'Refund service unavailable'.

I already verified my payment details, but the issue still persists.

My funds are still unavailable.

Could you please investigate this issue?",Refund,Medium,Negative,Billing Team,Open
Gary Carlson,hhurley@example.com,Free,India,Email,AI Analytics Platform,TKT-59F46D58E3,Change registered email,"Why is this still happening?

after changing my browser, I tried to access my account using Microsoft Edge on my iPhone running iOS 18. The system displays 'Unexpected server error'.

Fix this immediately!",Account,Low,Neutral,Account Support Team,Open
Mary Shelton,vmyers@example.org,Premium,Singapore,Email,AI Analytics Platform,TKT-8A105BA25E,Unable to upgrade plan,"I'm extremely disappointed.

while using office Wi-Fi, I tried to access my account using Google Chrome on my Windows Laptop running Windows 11. The system displays 'Plan activation failed'.

I already verified my payment, but the issue still persists.

Premium features are unavailable.

I expect this to be resolved today.",Subscription,Medium,Negative,Subscription Team,Open
Lori Mata,cohenjasmine@example.net,Premium,Australia,Website,CRM Suite,TKT-F8265253BF,Plan changed automatically,"I think I made a mistake.

after installing the latest version, I tried to access my account using Google Chrome on my iPad running iPadOS 18. The system displays 'Plan activation failed'.

I'd appreciate some help.",Subscription,Medium,Negative,Subscription Team,Open
Melissa Edwards,reginaldowen@example.com,Basic,Singapore,Email,Web Dashboard,TKT-C1805102C6,Unexpected logout after login,"I'm not sure what's happening.

after changing my browser, I tried to access my account using Microsoft Edge on my iPhone running iOS 18. The system displays 'Invalid credentials'.

I am using iPhone running iOS 18 with Microsoft Edge.

Please guide me.",Login,High,Negative,Authentication Team,Open
Nicholas Stewart,ingramwilliam@example.net,Premium,United Kingdom,Email,Web Dashboard,TKT-8D442218DC,Business profile issue,"I'm extremely disappointed.

after updating the mobile application, I tried to access my account using Safari on my MacBook Pro running macOS Sequoia. The system displays 'Validation failed'.

My profile is incomplete.

I expect this to be resolved today.",Account,Low,Neutral,Account Support Team,Open
David Brandt,william96@example.org,Basic,Brazil,Chat,Payment Gateway,TKT-106B64B6F0,Change registered email,"Hi Team,

after updating my phone number, I tried to access my account using Safari on my Linux Desktop running Ubuntu 24.04. The system displays 'Validation failed'.

This problem is affecting my work.

My profile is incomplete.

I would appreciate your help.",Account,Medium,Negative,Account Support Team,Open
Emma Jackson,heatherphelps@example.net,Basic,Brazil,Mobile App,Reporting Engine,TKT-AC2D5EAD40,Duplicate payment refund,"I'm extremely disappointed.

after entering the wrong password several times, I tried to access my account using Mozilla Firefox on my iPad running iPadOS 17. The system displays 'Refund service unavailable'.

I already verified my payment details, but the issue still persists.

Fix this immediately!",Refund,High,Negative,Billing Team,Open
Cindy Holloway MD,barkercandace@example.org,Premium,USA,Email,Mobile Application,TKT-BDB0DBBF81,Password reset email not received,"after entering the wrong password several times, I tried to access my account using Google Chrome on my MacBook Pro running macOS Sequoia. The system displays 'OTP expired'.

I already used another device, but the issue still persists.

My team cannot access shared resources.",Password Reset,Low,Neutral,Authentication Team,Open
Amy Williams,courtneyfreeman@example.com,Enterprise,Australia,Email,AI Analytics Platform,TKT-A35B15E10E,Password reset email not received,"Can someone explain this?

after entering the wrong password several times, I tried to access my account using Mozilla Firefox on my Windows Laptop running Windows 10. The system displays 'Invalid reset token'.

This problem is affecting my work.

My work is delayed.

I'd appreciate some help.",Password Reset,Low,Neutral,Authentication Team,Open
Jamie Ingram,wrodriguez@example.org,Premium,India,Phone,Mobile Application,TKT-0C97FB3358,Change registered email,"I'm extremely disappointed.

after resetting my device, I tried to access my account using Google Chrome on my MacBook Pro running macOS Sonoma. The system displays 'Profile update failed'.

Fix this immediately!",Account,Low,Negative,Account Support Team,Open
Dennis Yates,anthonykimberly@example.net,Enterprise,Brazil,Website,Payment Gateway,TKT-7098EEC408,Duplicate payment refund,"I'm really frustrated.

after modifying my account details, I tried to access my account using Mozilla Firefox on my Android Phone running Android 14. The system displays 'Refund service unavailable'.

I am using Android Phone running Android 14 with Mozilla Firefox.

Please fix this soon.",Refund,High,Negative,Billing Team,Open
Christian Molina,garciajames@example.org,Enterprise,Canada,Chat,Cloud Storage,TKT-47896CCD6E,Subscription invoice issue,"I'm really frustrated.

after switching to a new phone, I tried to access my account using Microsoft Edge on my MacBook Pro running macOS Sonoma. The system displays 'Plan activation failed'.

I already used another browser, but the issue still persists.

I need help immediately.",Subscription,Medium,Neutral,Subscription Team,Open
Jacqueline Stone,shenry@example.com,Enterprise,Brazil,Mobile App,Payment Gateway,TKT-9DD2FB59DF,Profile information incorrect,"after updating the mobile application, I tried to access my account using Mozilla Firefox on my iPad running iPadOS 18. The system displays 'Verification failed'.",Account,Low,Negative,Account Support Team,Open
Jordan Moore,srussell@example.com,Premium,Canada,Phone,API Platform,TKT-1A6D89C9BB,Password reset loop,"after my session expired, I tried to access my account using Google Chrome on my iPad running iPadOS 18. The system displays 'Email not recognized'.

I already checked my spam folder, but the issue still persists.

My work is delayed.",Password Reset,Medium,Neutral,Authentication Team,Open
Shannon Cummings,richard10@example.com,Premium,UAE,Chat,Web Dashboard,TKT-C208AD9940,Downgrade request,"I'm not sure what's happening.

after updating my phone number, I tried to access my account using Google Chrome on my Windows Laptop running Windows 11. The system displays 'Payment verification failed'.

I already logged out and logged back in, but the issue still persists.

Please guide me.",Subscription,Medium,Neutral,Subscription Team,Open
Dawn Ramirez,lmontgomery@example.org,Basic,UAE,Mobile App,Web Dashboard,TKT-70DDB45353,Password reset loop,"Hello,

after buying a new laptop, I tried to access my account using Microsoft Edge on my MacBook Pro running macOS Sequoia. The system displays 'OTP expired'.

I am using MacBook Pro running macOS Sequoia with Microsoft Edge.

Please assist me.",Password Reset,Medium,Neutral,Authentication Team,Open
Eric Golden,rachelshaw@example.com,Basic,United Kingdom,Phone,Reporting Engine,TKT-512B078140,Account verification pending,"Good day,

after changing my browser, I tried to access my account using Mozilla Firefox on my iPad running iPadOS 18. The system displays 'Verification failed'.

I already updated my browser, but the issue still persists.

My profile is incomplete.

Could you please investigate this issue?",Account,Low,Neutral,Account Support Team,Open
Chelsea Obrien,sandrasteele@example.net,Basic,India,Mobile App,Reporting Engine,TKT-FD19BDE4DF,Login failed,"after switching to a new phone, I tried to access my account using Microsoft Edge on my Android Phone running Android 14. The system displays 'Unexpected server error'.",Login,High,Negative,Authentication Team,Open
Heidi Aguilar,marissa66@example.com,Enterprise,United Kingdom,Email,CRM Suite,TKT-E66F7C5A1E,Change registered email,"Can someone explain this?

after updating the mobile application, I tried to access my account using Safari on my Linux Desktop running Fedora 41. The system displays 'Validation failed'.

I already used another device, but the issue still persists.

Business information is incorrect.

Thank you.",Account,Medium,Neutral,Account Support Team,Open
William Palmer,samanthafry@example.org,Enterprise,USA,Chat,Cloud Storage,TKT-BC59C32FA9,Cancelled order refund,"Can someone explain this?

after modifying my account details, I tried to access my account using Google Chrome on my iPad running iPadOS 18. The system displays 'Refund processing failed'.

This is becoming difficult.

The payment has not been returned.

I'd appreciate some help.",Refund,Medium,Negative,Billing Team,Open
Julie Burke,stephaniewilliams@example.net,Basic,Brazil,Mobile App,Mobile Application,TKT-33F04CAC77,Password reset page not working,"This issue keeps happening.

after modifying my account details, I tried to access my account using Mozilla Firefox on my iPhone running iOS 18. The system displays 'Email not recognized'.

My work is delayed.

This is affecting my work.",Password Reset,Low,Negative,Authentication Team,Open
Makayla Cantrell,kayla55@example.org,Premium,United Kingdom,Email,Payment Gateway,TKT-F5C5B6D484,Request refund,"Hello Support Team,

after changing my browser, I tried to access my account using Mozilla Firefox on my iPad running iPadOS 18. The system displays 'Unexpected server error'.

I already checked my bank statement, but the issue still persists.

This is affecting my business expenses.

Kindly assist me with resolving this problem.",Refund,High,Negative,Billing Team,Open
Michael Hayes,angelamontoya@example.com,Enterprise,UAE,Email,AI Analytics Platform,TKT-3F6B634547,Unable to login,"after updating my phone number, I tried to access my account using Google Chrome on my Android Phone running Android 14. The system displays 'Internal server error'.

I already used another device, but the issue still persists.

This issue is impacting productivity.",Login,High,Negative,Authentication Team,Open
Hunter Schneider,rwells@example.net,Enterprise,Australia,Mobile App,Mobile Application,TKT-6E9D8419BA,Cancel subscription,"I'm not sure what's happening.

after my session expired, I tried to access my account using Google Chrome on my Android Phone running Android 15. The system displays 'Renewal failed'.

The subscription is inactive.

Thank you.",Subscription,Medium,Negative,Subscription Team,Open
Chris Thompson,zholland@example.org,Basic,UAE,Phone,AI Analytics Platform,TKT-81329C8230,Refund confirmation missing,"I'm really frustrated.

while using office Wi-Fi, I tried to access my account using Microsoft Edge on my Linux Desktop running Ubuntu 24.04. The system displays 'Refund processing failed'.

This problem is affecting my work.

My funds are still unavailable.

This is affecting my work.",Refund,High,Negative,Billing Team,Open
Jacob Reyes,ryan34@example.net,Basic,UAE,Chat,Reporting Engine,TKT-21BE316932,Unable to verify account,"I'm extremely disappointed.

after updating my phone number, I tried to access my account using Google Chrome on my Linux Desktop running Ubuntu 24.04. The system displays 'Validation failed'.

This problem is affecting my work.

Business information is incorrect.

I expect this to be resolved today.",Account,Medium,Negative,Account Support Team,Open
Ryan Williams,keithmorrow@example.com,Premium,USA,Mobile App,API Platform,TKT-1876CA253C,Authentication error,"after resetting my device, I tried to access my account using Mozilla Firefox on my iPhone running iOS 17. The system displays 'Invalid credentials'.",Login,High,Negative,Authentication Team,Open
Jay Nielsen,ejones@example.com,Premium,Australia,Mobile App,CRM Suite,TKT-1E240E4B11,Reset link expired,"Good day,

while connected to mobile data, I tried to access my account using Safari on my Linux Desktop running Ubuntu 24.04. The system displays 'Email not recognized'.

I already tried another browser, but the issue still persists.

I cannot access my account.

I would appreciate your help.",Password Reset,Low,Neutral,Authentication Team,Open
Ann Mayo,fsilva@example.com,Premium,Canada,Phone,Cloud Storage,TKT-FDB483239E,Incorrect billing amount,"Why is this still happening?

after logging in from another location, I tried to access my account using Microsoft Edge on my Windows Laptop running Windows 11. The system displays 'Billing service unavailable'.

I already retried the payment, but the issue still persists.

I expect this to be resolved today.",Billing,High,Negative,Billing Team,Open
Alexander Williams,donaldsondevin@example.org,Free,Brazil,Phone,Web Dashboard,TKT-FC78D344B2,Reset code invalid,"while travelling abroad, I tried to access my account using Google Chrome on my MacBook Pro running macOS Sequoia. The system displays 'Verification failed'.",Password Reset,Medium,Neutral,Authentication Team,Open
Michael Jones,morganluis@example.net,Basic,Japan,Chat,Reporting Engine,TKT-7EFE0006AC,Profile information incorrect,"This issue keeps happening.

after updating my phone number, I tried to access my account using Safari on my Windows Laptop running Windows 10. The system displays 'Permission denied'.

I already used another device, but the issue still persists.

This is affecting my work.",Account,Low,Neutral,Account Support Team,Open
Donna Lindsey,jennifer97@example.com,Free,USA,Phone,AI Analytics Platform,TKT-EA875A2FB0,Payment failed,"This is unacceptable!

after entering the wrong password several times, I tried to access my account using Google Chrome on my Android Phone running Android 14. The system displays 'Card declined'.

I cannot complete my purchase.

I expect this to be resolved today.",Billing,High,Negative,Billing Team,Open
Brittany Luna,mayashley@example.org,Enterprise,USA,Chat,Mobile Application,TKT-B38EF835AB,Login failed,"after installing the latest version, I tried to access my account using Google Chrome on my Android Phone running Android 15. The system displays 'Session expired'.",Login,Medium,Negative,Authentication Team,Open
Elizabeth Cook,davisgavin@example.com,Premium,India,Chat,Mobile Application,TKT-CA6E233F09,Cannot create new password,"I'm not sure what's happening.

while travelling abroad, I tried to access my account using Mozilla Firefox on my MacBook Pro running macOS Sequoia. The system displays 'Reset token expired'.

I already cleared browser cache, but the issue still persists.

Please guide me.",Password Reset,Medium,Negative,Authentication Team,Open
Melissa Morales DVM,hnguyen@example.org,Enterprise,Australia,Mobile App,API Platform,TKT-CF7FECE99B,Two-factor authentication failed,"I think I made a mistake.

after entering the wrong password several times, I tried to access my account using Mozilla Firefox on my iPhone running iOS 17. The system displays 'Invalid credentials'.

I'm really frustrated.

My business operations are affected.

Please guide me.",Login,Medium,Negative,Authentication Team,Open
Linda West,gevans@example.net,Free,Canada,Email,CRM Suite,TKT-AEE2DD0AEE,Unable to access dashboard,"Hi,

after changing my email address, I tried to access my account using Google Chrome on my iPhone running iOS 17. The system displays 'Internal server error'.

I already reinstalled the application, but the issue still persists.

Thank you in advance.",Login,Medium,Negative,Authentication Team,Open
Robert Cruz,qwilliams@example.net,Premium,Japan,Chat,Reporting Engine,TKT-EE18E58FE3,Login failed,"after my session expired, I tried to access my account using Google Chrome on my Android Phone running Android 15. The system displays 'Access denied'.

I already restarted the application, but the issue still persists.

I cannot continue my work.",Login,Medium,Negative,Authentication Team,Open
Ryan Miles,adrian93@example.org,Enterprise,Brazil,Chat,Web Dashboard,TKT-5A38FA70E2,Cannot create new password,"after reinstalling the application, I tried to access my account using Microsoft Edge on my MacBook Pro running macOS Sequoia. The system displays 'Email not recognized'.",Password Reset,Medium,Neutral,Authentication Team,Open
Jacob Anderson,freese@example.net,Premium,Canada,Phone,CRM Suite,TKT-23DE4E0DD6,Tax calculation issue,"Can someone explain this?

after switching to a new phone, I tried to access my account using Safari on my Linux Desktop running Ubuntu 24.04. The system displays 'Transaction failed'.

I am using Linux Desktop running Ubuntu 24.04 with Safari.

Thank you.",Billing,High,Negative,Billing Team,Open
Molly Evans,joseph65@example.org,Basic,Singapore,Mobile App,Reporting Engine,TKT-8E4D8F22C9,Business profile issue,"This issue keeps happening.

while travelling abroad, I tried to access my account using Mozilla Firefox on my Android Phone running Android 14. The system displays 'Unexpected server error'.

I already cleared browser cache, but the issue still persists.

I need help immediately.",Account,Medium,Neutral,Account Support Team,Open
Carol Perry,thomas08@example.org,Enterprise,Germany,Mobile App,Mobile Application,TKT-F1FE003955,Cancel subscription,"This is unacceptable!

after my session expired, I tried to access my account using Google Chrome on my iPhone running iOS 17. The system displays 'Renewal failed'.

I already logged out and logged back in, but the issue still persists.

I expect this to be resolved today.",Subscription,Medium,Negative,Subscription Team,Open
Sarah Ramirez,gweber@example.net,Free,India,Website,Payment Gateway,TKT-DD7839321F,Change registered email,"while using office Wi-Fi, I tried to access my account using Google Chrome on my iPad running iPadOS 17. The system displays 'Verification failed'.",Account,Medium,Neutral,Account Support Team,Open
Valerie Johnson,xbrown@example.com,Basic,United Kingdom,Mobile App,Web Dashboard,TKT-6DC9C19700,Login page not responding,"after logging in from another location, I tried to access my account using Microsoft Edge on my iPad running iPadOS 17. The system displays 'Invalid credentials'.

I already reset my password, but the issue still persists.

My support team is blocked.",Login,High,Negative,Authentication Team,Open
Nicholas Blanchard,fernandezeric@example.org,Premium,UAE,Email,AI Analytics Platform,TKT-79FC5676F2,Partial refund received,"I think I made a mistake.

after my session expired, I tried to access my account using Safari on my iPad running iPadOS 18. The system displays 'Refund processing failed'.

I already checked my bank statement, but the issue still persists.

Please guide me.",Refund,Medium,Negative,Billing Team,Open
John Terrell,ofrazier@example.com,Enterprise,USA,Website,AI Analytics Platform,TKT-DF542CA499,Partial refund received,"Why is this still happening?

after enabling two-factor authentication, I tried to access my account using Microsoft Edge on my iPhone running iOS 18. The system displays 'Refund service unavailable'.

I am using iPhone running iOS 18 with Microsoft Edge.

I expect this to be resolved today.",Refund,High,Negative,Billing Team,Open
Kelly Gutierrez,janet72@example.com,Enterprise,Singapore,Mobile App,Mobile Application,TKT-AEF50E278E,Profile information incorrect,"after changing my email address, I tried to access my account using Safari on my Windows Laptop running Windows 10. The system displays 'Permission denied'.",Account,Low,Neutral,Account Support Team,Open
Mr. Timothy Harper,sharon79@example.net,Premium,Germany,Phone,Cloud Storage,TKT-E285DAA353,Account verification pending,"This issue keeps happening.

after enabling two-factor authentication, I tried to access my account using Google Chrome on my MacBook Pro running macOS Sonoma. The system displays 'Profile update failed'.

My team cannot use account features.

I need help immediately.",Account,Medium,Neutral,Account Support Team,Open
Charles King,garciaheidi@example.net,Enterprise,United Kingdom,Chat,AI Analytics Platform,TKT-6BCDE93FB1,Password reset loop,"I'm extremely disappointed.

while travelling abroad, I tried to access my account using Google Chrome on my Windows Laptop running Windows 11. The system displays 'Unexpected server error'.

My work is delayed.

This level of service is unacceptable.",Password Reset,Low,Neutral,Authentication Team,Open
Kurt Avery,michellesmith@example.net,Basic,Brazil,Website,CRM Suite,TKT-DDDE786520,Unable to access dashboard,"I'm extremely disappointed.

after updating my phone number, I tried to access my account using Safari on my Linux Desktop running Ubuntu 24.04. The system displays 'Session expired'.

I already restarted the application, but the issue still persists.

Customers are waiting for a response.

This level of service is unacceptable.",Login,Medium,Negative,Authentication Team,Open
Patrick Cook,vmcgrath@example.org,Free,Canada,Email,Reporting Engine,TKT-E3F2457AC0,Profile information incorrect,"Hi,

after enabling two-factor authentication, I tried to access my account using Safari on my MacBook Pro running macOS Sonoma. The system displays 'Verification failed'.

Please assist me.",Account,Low,Negative,Account Support Team,Open
Brian Hale,sarahmarshall@example.org,Basic,USA,Phone,Cloud Storage,TKT-363A54D692,Credit card declined,"Hi,

after my session expired, I tried to access my account using Mozilla Firefox on my Linux Desktop running Fedora 41. The system displays 'Transaction failed'.

Business operations are affected.

Please assist me.",Billing,Medium,Negative,Billing Team,Open
Danny Trevino,pcox@example.org,Basic,Japan,Website,Payment Gateway,TKT-229F414ECE,Payment failed,"after modifying my account details, I tried to access my account using Safari on my Linux Desktop running Ubuntu 24.04. The system displays 'Billing service unavailable'.",Billing,High,Negative,Billing Team,Open
Debra Davis,morganlaurie@example.com,Premium,UAE,Chat,Mobile Application,TKT-BB015BDDF2,Account locked,"I'm really frustrated.

while travelling abroad, I tried to access my account using Google Chrome on my iPad running iPadOS 18. The system displays 'Unexpected server error'.

I need help immediately.",Account,Low,Neutral,Account Support Team,Open
Paige Parrish MD,bestkatelyn@example.net,Enterprise,USA,Website,API Platform,TKT-8968AA3CBD,Unexpected logout after login,"I've already tried everything.

after enabling two-factor authentication, I tried to access my account using Mozilla Firefox on my MacBook Pro running macOS Sequoia. The system displays 'Connection timeout'.

I already cleared browser cache, but the issue still persists.

My business operations are affected.

I need help immediately.",Login,Medium,Negative,Authentication Team,Open
Mario Lynn,christinecain@example.org,Free,India,Email,Reporting Engine,TKT-8F68004E83,Subscription not activated,"after updating the mobile application, I tried to access my account using Mozilla Firefox on my Android Phone running Android 15. The system displays 'Subscription service unavailable'.",Subscription,Medium,Neutral,Subscription Team,Open
Brandon Sanders,byrdangela@example.net,Free,USA,Mobile App,Payment Gateway,TKT-F82CD1FA48,Automatic payment failed,"I've already tried everything.

after reinstalling the application, I tried to access my account using Safari on my Windows Laptop running Windows 10. The system displays 'Unexpected payment error'.

I am using Windows Laptop running Windows 10 with Safari.

This is affecting my work.",Billing,Medium,Negative,Billing Team,Open
Linda Vargas,collinscameron@example.com,Free,Japan,Phone,Cloud Storage,TKT-476734158D,Phone number update failed,"after modifying my account details, I tried to access my account using Google Chrome on my iPad running iPadOS 18. The system displays 'Unexpected server error'.",Account,Low,Neutral,Account Support Team,Open
Laura Fleming,dkelly@example.org,Basic,Canada,Chat,Cloud Storage,TKT-A06F6EB94D,Automatic payment failed,"I'm not sure what's happening.

after changing my email address, I tried to access my account using Google Chrome on my iPhone running iOS 17. The system displays 'Unexpected payment error'.

I already cleared browser cache, but the issue still persists.

Please guide me.",Billing,Medium,Negative,Billing Team,Open
Edward Bailey,miguelhernandez@example.net,Basic,Germany,Phone,Reporting Engine,TKT-ECF73A9FC0,Refund processing failed,"after buying a new laptop, I tried to access my account using Safari on my Windows Laptop running Windows 10. The system displays 'Unexpected server error'.",Refund,Medium,Negative,Billing Team,Open
Jordan Perez,allison78@example.org,Basic,United Kingdom,Phone,Payment Gateway,TKT-C5C1E96125,Reset link expired,"Why is this still happening?

after entering the wrong password several times, I tried to access my account using Mozilla Firefox on my MacBook Pro running macOS Sonoma. The system displays 'Email not recognized'.

I'm really frustrated.

I cannot access my account.

Fix this immediately!",Password Reset,Medium,Negative,Authentication Team,Open
Tamara Watts,courtneycameron@example.com,Basic,Japan,Website,Web Dashboard,TKT-52309FDB2B,Account locked after multiple attempts,"Why is this still happening?

after buying a new laptop, I tried to access my account using Safari on my Android Phone running Android 15. The system displays 'Connection timeout'.

I am using Android Phone running Android 15 with Safari.

Fix this immediately!",Login,High,Negative,Authentication Team,Open
Paula Cox,crossjulie@example.net,Free,Japan,Mobile App,Mobile Application,TKT-70EFEBEB27,Refund status unavailable,"Good morning,

while using office Wi-Fi, I tried to access my account using Mozilla Firefox on my Android Phone running Android 14. The system displays 'Refund processing failed'.

This is becoming difficult.

The payment has not been returned.

Can someone help me?",Refund,High,Negative,Billing Team,Open
Jennifer Murphy,brian20@example.org,Free,India,Phone,Mobile Application,TKT-025381923E,Subscription invoice issue,"after entering the wrong password several times, I tried to access my account using Google Chrome on my iPhone running iOS 17. The system displays 'Subscription service unavailable'.

I already logged out and logged back in, but the issue still persists.

The subscription is inactive.",Subscription,Medium,Negative,Subscription Team,Open
Robert Johnson,mathewthomas@example.org,Free,Singapore,Chat,Payment Gateway,TKT-CF7BDCB344,Password reset loop,"Can someone explain this?

after modifying my account details, I tried to access my account using Safari on my Android Phone running Android 15. The system displays 'Email not recognized'.

This problem is affecting my work.

I cannot access my account.

I'd appreciate some help.",Password Reset,Medium,Negative,Authentication Team,Open
Nicholas Kirk,nburns@example.org,Free,UAE,Chat,Cloud Storage,TKT-7598FAB7E3,Duplicate payment refund,"I think I made a mistake.

after changing my browser, I tried to access my account using Safari on my Linux Desktop running Ubuntu 24.04. The system displays 'Refund service unavailable'.

Thank you.",Refund,Medium,Negative,Billing Team,Open
Charles Morrow,guerrerobrian@example.net,Free,Singapore,Chat,Mobile Application,TKT-E4BA55D211,Payment not reflected,"after entering the wrong password several times, I tried to access my account using Safari on my Windows Laptop running Windows 11. The system displays 'Transaction failed'.

I already retried the payment, but the issue still persists.

Business operations are affected.",Billing,Medium,Negative,Billing Team,Open
Nicole Jennings,jamesfranklin@example.net,Enterprise,UAE,Email,API Platform,TKT-B7E27805D8,Downgrade request,"Good morning,

after logging in from another location, I tried to access my account using Mozilla Firefox on my Android Phone running Android 14. The system displays 'Payment verification failed'.

I already verified my payment, but the issue still persists.

My team cannot continue working.

Can someone help me?",Subscription,Medium,Neutral,Subscription Team,Open
Amanda Avila,knighttyler@example.org,Enterprise,Canada,Website,Reporting Engine,TKT-77030E72CB,Password change failed,"while travelling abroad, I tried to access my account using Mozilla Firefox on my iPad running iPadOS 18. The system displays 'Verification failed'.

I already requested another reset email, but the issue still persists.

I cannot continue using the platform.",Password Reset,Low,Neutral,Authentication Team,Open
Lawrence Leblanc,lawrence20@example.org,Premium,United Kingdom,Email,CRM Suite,TKT-89ABB678D9,Account locked,"I think I made a mistake.

while using office Wi-Fi, I tried to access my account using Google Chrome on my iPhone running iOS 18. The system displays 'Profile update failed'.

I am using iPhone running iOS 18 with Google Chrome.

Thank you.",Account,Low,Neutral,Account Support Team,Open
Bryan Johnson,hernandezedward@example.net,Basic,Germany,Website,Payment Gateway,TKT-2F951FDDBB,Password reset loop,"I think I made a mistake.

after enabling two-factor authentication, I tried to access my account using Safari on my iPhone running iOS 18. The system displays 'Verification failed'.

I'm really frustrated.

My work is delayed.

I'd appreciate some help.",Password Reset,Medium,Neutral,Authentication Team,Open
Amanda Austin,kathryndalton@example.com,Basic,Australia,Website,API Platform,TKT-78B5B95481,Subscription missing,"after updating the mobile application, I tried to access my account using Microsoft Edge on my MacBook Pro running macOS Sequoia. The system displays 'Renewal failed'.",Subscription,Medium,Negative,Subscription Team,Open
Cheryl Kelley,joycedavis@example.net,Basic,USA,Email,AI Analytics Platform,TKT-28C1B3BF31,Refund not received,"This is unacceptable!

after enabling two-factor authentication, I tried to access my account using Microsoft Edge on my iPad running iPadOS 17. The system displays 'Payment verification failed'.

This is affecting my business expenses.

Fix this immediately!",Refund,High,Negative,Billing Team,Open
Luis Hartman,peggy14@example.org,Basic,Japan,Chat,AI Analytics Platform,TKT-76136A0560,Phone number update failed,"I think I made a mistake.

after updating the mobile application, I tried to access my account using Mozilla Firefox on my Linux Desktop running Ubuntu 24.04. The system displays 'Permission denied'.

I am using Linux Desktop running Ubuntu 24.04 with Mozilla Firefox.

Thank you.",Account,Low,Negative,Account Support Team,Open
Robert Allen,wrightmark@example.com,Basic,Brazil,Email,Mobile Application,TKT-BE721FBC40,Account settings not saving,"Hi Team,

after modifying my account details, I tried to access my account using Google Chrome on my MacBook Pro running macOS Sonoma. The system displays 'Profile update failed'.

This problem is affecting my work.

My team cannot use account features.

Looking forward to your response.",Account,Medium,Neutral,Account Support Team,Open
Jennifer Evans,daviskristine@example.net,Enterprise,Brazil,Email,Mobile Application,TKT-151FFD752A,Credit card declined,"Hello Support Team,

while using office Wi-Fi, I tried to access my account using Safari on my Linux Desktop running Ubuntu 24.04. The system displays 'Billing service unavailable'.

Looking forward to your response.",Billing,Medium,Negative,Billing Team,Open
Samuel Henderson PhD,johnsonwayne@example.com,Free,United Kingdom,Mobile App,Web Dashboard,TKT-7DB00A4DBF,Reset link expired,"Dear Support,

after enabling two-factor authentication, I tried to access my account using Microsoft Edge on my MacBook Pro running macOS Sequoia. The system displays 'Reset token expired'.

I already used another device, but the issue still persists.

My team cannot access shared resources.

Looking forward to your response.",Password Reset,Medium,Neutral,Authentication Team,Open
Heather Greer,brogers@example.org,Enterprise,UAE,Chat,AI Analytics Platform,TKT-E8CC735D39,Credit card declined,"I've already tried everything.

after updating my phone number, I tried to access my account using Google Chrome on my iPad running iPadOS 17. The system displays 'Transaction failed'.

I already contacted my bank, but the issue still persists.

Our subscription has been interrupted.

Please fix this soon.",Billing,High,Negative,Billing Team,Open
Caitlyn West,orozcolisa@example.org,Premium,UAE,Website,Payment Gateway,TKT-698F3A9B65,Unexpected logout after login,"Hello Support Team,

while travelling abroad, I tried to access my account using Safari on my MacBook Pro running macOS Sequoia. The system displays 'Access denied'.

Could you please investigate this issue?",Login,Medium,Negative,Authentication Team,Open
Sheryl Roberts,annamarshall@example.org,Basic,Germany,Phone,Mobile Application,TKT-C9ADB83CBD,Account locked after multiple attempts,"after updating the mobile application, I tried to access my account using Mozilla Firefox on my Windows Laptop running Windows 11. The system displays 'Connection timeout'.

I already reset my password, but the issue still persists.

My business operations are affected.",Login,Medium,Negative,Authentication Team,Open
Nathan Day,bautistamichelle@example.com,Premium,India,Email,CRM Suite,TKT-D5B8F57339,Unexpected logout after login,"after updating my phone number, I tried to access my account using Microsoft Edge on my Android Phone running Android 14. The system displays 'Internal server error'.",Login,Medium,Negative,Authentication Team,Open
John Williams Jr.,ustewart@example.com,Premium,India,Phone,API Platform,TKT-48A39F312E,Reset code invalid,"Hi Team,

after logging in from another location, I tried to access my account using Microsoft Edge on my Windows Laptop running Windows 11. The system displays 'Verification failed'.

I already cleared browser cache, but the issue still persists.

My work is delayed.

Looking forward to your response.",Password Reset,Low,Neutral,Authentication Team,Open
Stephanie Allen,kevinalexander@example.com,Premium,Brazil,Email,Mobile Application,TKT-A8866A2108,Premium features unavailable,"Hello Support Team,

after updating my phone number, I tried to access my account using Safari on my iPad running iPadOS 17. The system displays 'Payment verification failed'.

The subscription is inactive.

Kindly assist me with resolving this problem.",Subscription,Medium,Negative,Subscription Team,Open
Mary Daniels,james77@example.com,Basic,United Kingdom,Email,Mobile Application,TKT-AD0D1A68A5,Duplicate payment refund,"after entering the wrong password several times, I tried to access my account using Safari on my iPad running iPadOS 18. The system displays 'Refund service unavailable'.

I already contacted customer support, but the issue still persists.

The payment has not been returned.",Refund,Medium,Negative,Billing Team,Open
Abigail Cruz,gregorymurillo@example.net,Basic,UAE,Phone,Mobile Application,TKT-3AA907A511,Unable to update profile,"Hi,

while using office Wi-Fi, I tried to access my account using Mozilla Firefox on my iPad running iPadOS 18. The system displays 'Profile update failed'.

Can someone help me?",Account,Low,Negative,Account Support Team,Open
Crystal Meyer,sheilapalmer@example.net,Premium,India,Chat,AI Analytics Platform,TKT-E969B6C0E5,Subscription not activated,"while connected to mobile data, I tried to access my account using Google Chrome on my iPhone running iOS 18. The system displays 'Plan activation failed'.

I already used another browser, but the issue still persists.

The subscription is inactive.",Subscription,Medium,Neutral,Subscription Team,Open
Jordan Price,jessicajones@example.org,Free,UAE,Email,AI Analytics Platform,TKT-BAB3C83597,Unable to verify account,"after updating my phone number, I tried to access my account using Google Chrome on my Linux Desktop running Ubuntu 24.04. The system displays 'Validation failed'.",Account,Low,Negative,Account Support Team,Open
Wendy Smith,jennifer31@example.org,Premium,Brazil,Phone,Mobile Application,TKT-183DE7D0B1,Subscription missing,"after switching to a new phone, I tried to access my account using Microsoft Edge on my MacBook Pro running macOS Sonoma. The system displays 'Subscription service unavailable'.

I already used another browser, but the issue still persists.

My team cannot continue working.",Subscription,Medium,Neutral,Subscription Team,Open
Gary Davis,samanthawebb@example.org,Premium,India,Chat,Payment Gateway,TKT-FCCD70DEDF,Subscription invoice issue,"after enabling two-factor authentication, I tried to access my account using Mozilla Firefox on my Windows Laptop running Windows 10. The system displays 'Renewal failed'.

I already logged out and logged back in, but the issue still persists.

My team cannot continue working.",Subscription,Medium,Neutral,Subscription Team,Open
Jordan Walker,odomlawrence@example.net,Basic,Singapore,Phone,Web Dashboard,TKT-4294C01C2D,Login page not responding,"Hi,

after updating my phone number, I tried to access my account using Microsoft Edge on my Android Phone running Android 15. The system displays 'Connection timeout'.

I already reinstalled the application, but the issue still persists.

Can someone help me?",Login,Medium,Negative,Authentication Team,Open
David Duffy,katherinelarson@example.net,Enterprise,Canada,Mobile App,AI Analytics Platform,TKT-1E827D9FA5,Reset link expired,"I'm not sure what's happening.

after changing my email address, I tried to access my account using Google Chrome on my iPhone running iOS 18. The system displays 'Verification failed'.

I cannot continue using the platform.

Thank you.",Password Reset,Medium,Negative,Authentication Team,Open
Kristy Schmidt,christinehess@example.com,Free,Australia,Mobile App,Mobile Application,TKT-875A542932,Business profile issue,"Hi Team,

after buying a new laptop, I tried to access my account using Google Chrome on my iPad running iPadOS 18. The system displays 'Profile update failed'.

My profile is incomplete.

Kindly assist me with resolving this problem.",Account,Low,Neutral,Account Support Team,Open
Lori Nunez,feliciamarquez@example.com,Enterprise,United Kingdom,Email,Web Dashboard,TKT-0B9BAFE67E,Duplicate payment refund,"Can someone explain this?

after logging in from another location, I tried to access my account using Safari on my MacBook Pro running macOS Sequoia. The system displays 'Refund service unavailable'.

I'm really frustrated.

The payment has not been returned.

Thank you.",Refund,Medium,Negative,Billing Team,Open
Rachel Garcia,grobertson@example.org,Premium,UAE,Website,CRM Suite,TKT-E6A64A1DE6,Automatic payment failed,"I'm extremely disappointed.

after installing the latest version, I tried to access my account using Mozilla Firefox on my MacBook Pro running macOS Sonoma. The system displays 'Invoice generation failed'.

Our subscription has been interrupted.

Fix this immediately!",Billing,High,Negative,Billing Team,Open
David Price,kathrynsmith@example.com,Enterprise,United Kingdom,Phone,Payment Gateway,TKT-AD8BB1C657,Trial expired unexpectedly,"This issue keeps happening.

after switching to a new phone, I tried to access my account using Safari on my iPad running iPadOS 18. The system displays 'Payment verification failed'.

This is becoming difficult.

My team cannot continue working.

I need help immediately.",Subscription,Medium,Negative,Subscription Team,Open
Travis Graves,emoore@example.com,Free,India,Email,API Platform,TKT-AF23941A8F,Login failed,"after entering the wrong password several times, I tried to access my account using Safari on my iPhone running iOS 17. The system displays 'Authentication failed'.

I already tried another browser, but the issue still persists.

This issue is impacting productivity.",Login,Medium,Negative,Authentication Team,Open
Kristy Mendoza,mariahmiller@example.com,Premium,Singapore,Mobile App,AI Analytics Platform,TKT-6A762FBDD2,Subscription renewal failed,"I'm extremely disappointed.

after modifying my account details, I tried to access my account using Mozilla Firefox on my iPad running iPadOS 18. The system displays 'Subscription service unavailable'.

I'm worried about this issue.

The subscription is inactive.

This level of service is unacceptable.",Subscription,Medium,Negative,Subscription Team,Open
Jonathan Ponce,doylegrant@example.net,Enterprise,Japan,Mobile App,API Platform,TKT-C9F0A9AC48,Password reset page not working,"I'm really frustrated.

after updating my phone number, I tried to access my account using Mozilla Firefox on my Android Phone running Android 15. The system displays 'Invalid reset token'.

This is becoming difficult.

I cannot access my account.

Please fix this soon.",Password Reset,Medium,Neutral,Authentication Team,Open
Lisa Shelton,adamsjennifer@example.net,Free,USA,Phone,API Platform,TKT-A2EC4918A7,Account settings not saving,"after installing the latest version, I tried to access my account using Microsoft Edge on my iPhone running iOS 17. The system displays 'Unexpected server error'.

I already logged out and logged back in, but the issue still persists.

Business information is incorrect.",Account,Medium,Negative,Account Support Team,Open
Jade Rhodes MD,sethgates@example.com,Basic,India,Website,API Platform,TKT-14357E4616,Temporary password not working,"after updating my phone number, I tried to access my account using Google Chrome on my Linux Desktop running Fedora 41. The system displays 'Reset token expired'.

I already used another device, but the issue still persists.

My work is delayed.",Password Reset,Medium,Neutral,Authentication Team,Open
Billy Foster,butlerkeith@example.net,Premium,Brazil,Website,Web Dashboard,TKT-5081372113,Refund taking too long,"I'm really frustrated.

while travelling abroad, I tried to access my account using Microsoft Edge on my Linux Desktop running Ubuntu 24.04. The system displays 'Refund service unavailable'.

My funds are still unavailable.

I need help immediately.",Refund,Medium,Negative,Billing Team,Open
Madison Vang,pdurham@example.net,Basic,Canada,Email,AI Analytics Platform,TKT-2956E97148,Unexpected logout after login,"after buying a new laptop, I tried to access my account using Google Chrome on my Windows Laptop running Windows 11. The system displays 'Connection timeout'.

I already used another device, but the issue still persists.

I cannot continue my work.",Login,High,Negative,Authentication Team,Open
Mary Smith,gnolan@example.org,Enterprise,Brazil,Website,Web Dashboard,TKT-48FC26FADF,Login failed,"I'm not sure what's happening.

after resetting my device, I tried to access my account using Microsoft Edge on my MacBook Pro running macOS Sequoia. The system displays 'Connection timeout'.

Please guide me.",Login,High,Negative,Authentication Team,Open
James Gonzalez,antonionelson@example.net,Premium,Brazil,Chat,Web Dashboard,TKT-70B20540C7,Cannot create new password,"Hello Support Team,

after changing my browser, I tried to access my account using Safari on my iPhone running iOS 17. The system displays 'Verification failed'.

My team cannot access shared resources.

I would appreciate your help.",Password Reset,Low,Negative,Authentication Team,Open
Judith Thomas,curtis62@example.org,Premium,Germany,Email,AI Analytics Platform,TKT-7DD8573F8C,Profile information incorrect,"after resetting my device, I tried to access my account using Microsoft Edge on my iPad running iPadOS 18. The system displays 'Unexpected server error'.

I already logged out and logged back in, but the issue still persists.

My team cannot use account features.",Account,Low,Neutral,Account Support Team,Open
Douglas Dawson,denisepena@example.net,Enterprise,Brazil,Phone,Payment Gateway,TKT-55CCE34D9F,Unable to access dashboard,"I think I made a mistake.

after changing my email address, I tried to access my account using Safari on my Android Phone running Android 14. The system displays 'Unexpected server error'.

I already tried another browser, but the issue still persists.

My support team is blocked.

Please guide me.",Login,High,Negative,Authentication Team,Open
Jennifer King,townsendmary@example.org,Premium,Germany,Phone,CRM Suite,TKT-8C9E5E7A31,Unable to access dashboard,"while travelling abroad, I tried to access my account using Google Chrome on my MacBook Pro running macOS Sonoma. The system displays 'Unexpected server error'.

I already cleared browser cache, but the issue still persists.

I cannot continue my work.",Login,High,Negative,Authentication Team,Open
Jacob King,epeck@example.net,Enterprise,USA,Chat,Mobile Application,TKT-385EE3A340,Account verification pending,"This is unacceptable!

after updating my phone number, I tried to access my account using Safari on my Android Phone running Android 15. The system displays 'Profile update failed'.

I already used another device, but the issue still persists.

My team cannot use account features.

Fix this immediately!",Account,Low,Neutral,Account Support Team,Open
Jessica Roberts,larryrobinson@example.net,Enterprise,UAE,Mobile App,Mobile Application,TKT-33010A3E17,Subscription invoice issue,"Hello,

after logging in from another location, I tried to access my account using Google Chrome on my iPhone running iOS 18. The system displays 'Renewal failed'.

I am using iPhone running iOS 18 with Google Chrome.

Thank you in advance.",Subscription,Medium,Negative,Subscription Team,Open
Kendra Pena,mario28@example.org,Free,UAE,Chat,CRM Suite,TKT-5BC79209EE,Incorrect billing amount,"Good day,

after my session expired, I tried to access my account using Safari on my iPhone running iOS 17. The system displays 'Transaction failed'.

I cannot complete my purchase.

Kindly assist me with resolving this problem.",Billing,Medium,Negative,Billing Team,Open
Roy Tyler,rrogers@example.com,Free,UAE,Phone,Mobile Application,TKT-3EC5903066,Forgot password issue,"Hi Team,

after logging in from another location, I tried to access my account using Microsoft Edge on my Linux Desktop running Fedora 41. The system displays 'Email not recognized'.

I am using Linux Desktop running Fedora 41 with Microsoft Edge.

Kindly assist me with resolving this problem.",Password Reset,Medium,Negative,Authentication Team,Open
Lauren Wright,emily16@example.com,Enterprise,Canada,Chat,CRM Suite,TKT-3A24B12A9F,Login stuck on loading screen,"I'm extremely disappointed.

after my session expired, I tried to access my account using Microsoft Edge on my iPhone running iOS 18. The system displays 'Authentication failed'.

I already cleared browser cache, but the issue still persists.

I cannot continue my work.

Fix this immediately!",Login,High,Negative,Authentication Team,Open
Kellie Perez,smarsh@example.com,Free,Australia,Website,Payment Gateway,TKT-2195E303FE,Incorrect billing amount,"after installing the latest version, I tried to access my account using Mozilla Firefox on my Android Phone running Android 14. The system displays 'Card declined'.",Billing,High,Negative,Billing Team,Open
Emily Clark,david00@example.net,Enterprise,Brazil,Email,API Platform,TKT-770F32A8ED,Account locked,"Can someone explain this?

after updating my phone number, I tried to access my account using Safari on my Android Phone running Android 15. The system displays 'Profile update failed'.

I already used another device, but the issue still persists.

Business information is incorrect.

I'd appreciate some help.",Account,Medium,Negative,Account Support Team,Open
Kelly Perez,shannon69@example.net,Free,India,Chat,API Platform,TKT-81AC6683C2,Profile information incorrect,"I think I made a mistake.

while connected to mobile data, I tried to access my account using Safari on my iPad running iPadOS 18. The system displays 'Validation failed'.

I already updated my browser, but the issue still persists.

Thank you.",Account,Low,Neutral,Account Support Team,Open
Erin Davis,dosborne@example.org,Premium,Singapore,Chat,Reporting Engine,TKT-1FEA066833,Password reset loop,"Why is this still happening?

after changing my email address, I tried to access my account using Microsoft Edge on my MacBook Pro running macOS Sonoma. The system displays 'Email not recognized'.

This level of service is unacceptable.",Password Reset,Low,Neutral,Authentication Team,Open
Diana Harris,lesliebuchanan@example.com,Enterprise,United Kingdom,Mobile App,Web Dashboard,TKT-85F2005228,Unable to download invoice,"I think I made a mistake.

after my session expired, I tried to access my account using Mozilla Firefox on my MacBook Pro running macOS Sonoma. The system displays 'Card declined'.

I already cleared browser cache, but the issue still persists.

Please guide me.",Billing,High,Negative,Billing Team,Open
Jessica Schmitt,monique31@example.org,Free,India,Website,Payment Gateway,TKT-5344455E34,Cancelled order refund,"I'm really frustrated.

after logging in from another location, I tried to access my account using Safari on my iPhone running iOS 18. The system displays 'Refund service unavailable'.

I already checked my bank statement, but the issue still persists.

I need help immediately.",Refund,Medium,Negative,Billing Team,Open
Brian Morrow,timothy68@example.com,Enterprise,Germany,Mobile App,API Platform,TKT-156533BA05,Tax calculation issue,"I'm really frustrated.

while connected to mobile data, I tried to access my account using Mozilla Firefox on my Android Phone running Android 15. The system displays 'Unexpected payment error'.

I need help immediately.",Billing,Medium,Negative,Billing Team,Open
Crystal Guzman,eric29@example.com,Premium,Canada,Website,AI Analytics Platform,TKT-2034572524,Profile information incorrect,"Why is this still happening?

after installing the latest version, I tried to access my account using Mozilla Firefox on my iPhone running iOS 17. The system displays 'Permission denied'.

I already logged out and logged back in, but the issue still persists.

This level of service is unacceptable.",Account,Medium,Negative,Account Support Team,Open
Ashley Lane DVM,nathansullivan@example.com,Enterprise,India,Phone,API Platform,TKT-442050D2DD,Password reset page not working,"Hello,

after changing my email address, I tried to access my account using Mozilla Firefox on my iPhone running iOS 18. The system displays 'Unexpected server error'.

I cannot continue using the platform.

Can someone help me?",Password Reset,Medium,Negative,Authentication Team,Open
Mary Thompson,twilliams@example.com,Basic,Singapore,Phone,Reporting Engine,TKT-751F94EE63,Business profile issue,"Why is this still happening?

after my session expired, I tried to access my account using Google Chrome on my MacBook Pro running macOS Sequoia. The system displays 'Profile update failed'.

This is becoming difficult.

My team cannot use account features.

This level of service is unacceptable.",Account,Low,Negative,Account Support Team,Open
Lori Hall,xglenn@example.com,Free,India,Phone,Web Dashboard,TKT-3B84CEFE67,Password change failed,"after changing my email address, I tried to access my account using Safari on my MacBook Pro running macOS Sequoia. The system displays 'Reset token expired'.",Password Reset,Medium,Neutral,Authentication Team,Open
Denise Sawyer,brianjones@example.com,Enterprise,Japan,Mobile App,Cloud Storage,TKT-7BCB073015,Subscription missing,"Good morning,

after modifying my account details, I tried to access my account using Google Chrome on my Android Phone running Android 14. The system displays 'Plan activation failed'.

Please assist me.",Subscription,Medium,Neutral,Subscription Team,Open
Thomas Jackson,cvasquez@example.com,Enterprise,Japan,Phone,Reporting Engine,TKT-8AE6576D19,Unable to verify account,"Hello,

after changing my email address, I tried to access my account using Safari on my Windows Laptop running Windows 11. The system displays 'Profile update failed'.

I already logged out and logged back in, but the issue still persists.

Can someone help me?",Account,Medium,Negative,Account Support Team,Open
Jay Boyle,esimpson@example.net,Enterprise,India,Email,AI Analytics Platform,TKT-0CB8BA980A,Password reset email not received,"after reinstalling the application, I tried to access my account using Google Chrome on my iPad running iPadOS 17. The system displays 'Reset token expired'.

I already tried another browser, but the issue still persists.

I cannot access my account.",Password Reset,Medium,Negative,Authentication Team,Open
James Walls MD,mbrown@example.com,Enterprise,India,Mobile App,Payment Gateway,TKT-63CC033ED2,Unable to access dashboard,"Dear Support,

after reinstalling the application, I tried to access my account using Microsoft Edge on my MacBook Pro running macOS Sequoia. The system displays 'Authentication failed'.

I am using MacBook Pro running macOS Sequoia with Microsoft Edge.

I would appreciate your help.",Login,Medium,Negative,Authentication Team,Open
Amber Phillips,carterkenneth@example.net,Enterprise,Brazil,Chat,API Platform,TKT-1D074B8AC1,Refund taking too long,"after changing my email address, I tried to access my account using Google Chrome on my Linux Desktop running Ubuntu 24.04. The system displays 'Payment verification failed'.",Refund,Medium,Negative,Billing Team,Open
Nathaniel Phelps,coxemily@example.net,Free,Brazil,Phone,AI Analytics Platform,TKT-A9AD4F7A31,Incorrect billing amount,"Good day,

after enabling two-factor authentication, I tried to access my account using Microsoft Edge on my MacBook Pro running macOS Sonoma. The system displays 'Transaction failed'.

Our subscription has been interrupted.

Kindly assist me with resolving this problem.",Billing,Medium,Negative,Billing Team,Open
Brian Ryan,ggarner@example.net,Enterprise,Brazil,Mobile App,Reporting Engine,TKT-3ED9F40132,Credit card declined,"I've already tried everything.

after changing my email address, I tried to access my account using Mozilla Firefox on my iPhone running iOS 17. The system displays 'Unexpected payment error'.

I already retried the payment, but the issue still persists.

Please fix this soon.",Billing,Medium,Negative,Billing Team,Open
Tara Miranda,joshuakemp@example.com,Free,Singapore,Mobile App,Cloud Storage,TKT-111D529933,Payment not reflected,"after reinstalling the application, I tried to access my account using Microsoft Edge on my iPad running iPadOS 17. The system displays 'Billing service unavailable'.

I already tried another payment method, but the issue still persists.

Our subscription has been interrupted.",Billing,Medium,Negative,Billing Team,Open
Stephen Gonzalez,caitlincolon@example.net,Premium,Canada,Phone,Mobile Application,TKT-3E32F26CDA,Refund status unavailable,"Why is this still happening?

after buying a new laptop, I tried to access my account using Safari on my Windows Laptop running Windows 11. The system displays 'Unexpected server error'.

My funds are still unavailable.

Fix this immediately!",Refund,Medium,Negative,Billing Team,Open
Raymond Jordan,smithkevin@example.org,Premium,India,Mobile App,CRM Suite,TKT-EF14F66E3B,Unable to download invoice,"after updating my phone number, I tried to access my account using Mozilla Firefox on my iPhone running iOS 17. The system displays 'Payment gateway timeout'.",Billing,Medium,Negative,Billing Team,Open
Lauren Buchanan,mathewsryan@example.org,Premium,Australia,Email,AI Analytics Platform,TKT-AD0627489F,Unable to upgrade plan,"Hi Team,

after logging in from another location, I tried to access my account using Mozilla Firefox on my iPhone running iOS 17. The system displays 'Payment verification failed'.

I am using iPhone running iOS 17 with Mozilla Firefox.

Kindly assist me with resolving this problem.",Subscription,Medium,Neutral,Subscription Team,Open
Alisha Petersen,jameskaitlyn@example.org,Free,UAE,Mobile App,Cloud Storage,TKT-E719176D8C,Tax calculation issue,"Can someone explain this?

after changing my email address, I tried to access my account using Google Chrome on my Windows Laptop running Windows 10. The system displays 'Transaction failed'.

I already contacted my bank, but the issue still persists.

Business operations are affected.

I'd appreciate some help.",Billing,Medium,Negative,Billing Team,Open
Joshua Hebert,megan97@example.net,Basic,Japan,Mobile App,Payment Gateway,TKT-85410E0E2C,Refund confirmation missing,"Hello,

after my session expired, I tried to access my account using Google Chrome on my Android Phone running Android 15. The system displays 'Unexpected server error'.

I already contacted customer support, but the issue still persists.

The payment has not been returned.

Please assist me.",Refund,High,Negative,Billing Team,Open
Michael Rodriguez,markreed@example.com,Premium,United Kingdom,Website,Payment Gateway,TKT-BFB11397A6,Refund rejected,"I'm not sure what's happening.

while connected to mobile data, I tried to access my account using Microsoft Edge on my Android Phone running Android 15. The system displays 'Refund service unavailable'.

My funds are still unavailable.

Thank you.",Refund,Medium,Negative,Billing Team,Open
Robert Peterson,chart@example.net,Free,United Kingdom,Phone,CRM Suite,TKT-4F4809FADF,Refund processing failed,"I'm extremely disappointed.

after changing my email address, I tried to access my account using Google Chrome on my Android Phone running Android 15. The system displays 'Refund service unavailable'.

The payment has not been returned.

Fix this immediately!",Refund,High,Negative,Billing Team,Open
Michael Collier,qbauer@example.org,Premium,Canada,Phone,API Platform,TKT-B10992D294,Unexpected logout after login,"Dear Support,

after updating my phone number, I tried to access my account using Safari on my iPad running iPadOS 18. The system displays 'Connection timeout'.

My support team is blocked.

I would appreciate your help.",Login,Medium,Negative,Authentication Team,Open
Tiffany Wong,cynthialarson@example.org,Enterprise,Singapore,Email,Payment Gateway,TKT-F84133FC4D,Password reset loop,"Good morning,

after changing my email address, I tried to access my account using Microsoft Edge on my iPad running iPadOS 17. The system displays 'Reset token expired'.

This problem is affecting my work.

My team cannot access shared resources.

Can someone help me?",Password Reset,Low,Neutral,Authentication Team,Open
Robert Hudson,caseyphillips@example.org,Enterprise,UAE,Email,Mobile Application,TKT-CF8B4A2C7C,Automatic payment failed,"I'm extremely disappointed.

after logging in from another location, I tried to access my account using Microsoft Edge on my Linux Desktop running Ubuntu 24.04. The system displays 'Payment gateway timeout'.

I am using Linux Desktop running Ubuntu 24.04 with Microsoft Edge.

I expect this to be resolved today.",Billing,High,Negative,Billing Team,Open
Daniel Chandler,williamsjames@example.net,Enterprise,Germany,Email,CRM Suite,TKT-3465DB39AC,Subscription not activated,"This is unacceptable!

after modifying my account details, I tried to access my account using Mozilla Firefox on my MacBook Pro running macOS Sequoia. The system displays 'Plan activation failed'.

I already verified my payment, but the issue still persists.

My team cannot continue working.

I expect this to be resolved today.",Subscription,Medium,Negative,Subscription Team,Open
Leslie Cook,kurtrodriguez@example.com,Premium,Germany,Chat,Web Dashboard,TKT-DF611EC577,Refund processing failed,"I'm extremely disappointed.

after logging in from another location, I tried to access my account using Mozilla Firefox on my Windows Laptop running Windows 10. The system displays 'Unexpected server error'.

I expect this to be resolved today.",Refund,Medium,Negative,Billing Team,Open
Roger Bush,hartmankatherine@example.net,Basic,India,Phone,API Platform,TKT-5C63332705,Account settings not saving,"after installing the latest version, I tried to access my account using Microsoft Edge on my MacBook Pro running macOS Sonoma. The system displays 'Validation failed'.",Account,Medium,Neutral,Account Support Team,Open
Tiffany Cherry,lawrence94@example.org,Enterprise,Germany,Email,CRM Suite,TKT-BE2ECE7197,Password change failed,"after changing my browser, I tried to access my account using Google Chrome on my Linux Desktop running Fedora 41. The system displays 'Reset token expired'.

I already cleared browser cache, but the issue still persists.

I cannot continue using the platform.",Password Reset,Medium,Negative,Authentication Team,Open
Nicholas Barnes,owolfe@example.com,Premium,Canada,Chat,CRM Suite,TKT-CF8A39EEEE,Request refund,"Hello Support Team,

after resetting my device, I tried to access my account using Google Chrome on my iPhone running iOS 18. The system displays 'Refund processing failed'.

The payment has not been returned.

Looking forward to your response.",Refund,High,Negative,Billing Team,Open
Michael Moore,ramirezreginald@example.net,Basic,USA,Website,Cloud Storage,TKT-671BDC495D,Account locked after multiple attempts,"after modifying my account details, I tried to access my account using Safari on my iPad running iPadOS 17. The system displays 'Invalid credentials'.",Login,Medium,Negative,Authentication Team,Open
Tanner Mendoza,amandawaller@example.org,Basic,Germany,Email,Web Dashboard,TKT-48041D7D70,Reset link expired,"after switching to a new phone, I tried to access my account using Google Chrome on my Linux Desktop running Ubuntu 24.04. The system displays 'Unexpected server error'.

I already checked my spam folder, but the issue still persists.

I cannot access my account.",Password Reset,Medium,Negative,Authentication Team,Open
Crystal Ponce,lindsayelliott@example.net,Enterprise,Germany,Chat,Mobile Application,TKT-589E3AC700,Subscription renewal failed,"I'm extremely disappointed.

after my session expired, I tried to access my account using Google Chrome on my Android Phone running Android 14. The system displays 'Payment verification failed'.

Fix this immediately!",Subscription,Medium,Negative,Subscription Team,Open
Whitney Price,amandachandler@example.org,Basic,Brazil,Chat,Reporting Engine,TKT-C1C1349373,Phone number update failed,"This issue keeps happening.

after my session expired, I tried to access my account using Mozilla Firefox on my Linux Desktop running Ubuntu 24.04. The system displays 'Profile update failed'.

I already logged out and logged back in, but the issue still persists.

Please fix this soon.",Account,Medium,Neutral,Account Support Team,Open
Justin Thomas,hhopkins@example.net,Free,USA,Mobile App,AI Analytics Platform,TKT-269D6B0683,Downgrade request,"Hi,

after logging in from another location, I tried to access my account using Google Chrome on my iPad running iPadOS 18. The system displays 'Renewal failed'.

I am using iPad running iPadOS 18 with Google Chrome.

Can someone help me?",Subscription,Medium,Negative,Subscription Team,Open
Melissa Fitzgerald,eparrish@example.net,Free,Singapore,Chat,Payment Gateway,TKT-11CCA2F3DC,Unable to reset password,"Why is this still happening?

after entering the wrong password several times, I tried to access my account using Safari on my Linux Desktop running Ubuntu 24.04. The system displays 'Invalid reset token'.

I cannot continue using the platform.

Fix this immediately!",Password Reset,Low,Neutral,Authentication Team,Open
Travis Sanchez,heather57@example.com,Free,India,Phone,API Platform,TKT-9C39C7D58E,Authentication error,"I'm not sure what's happening.

after entering the wrong password several times, I tried to access my account using Google Chrome on my Windows Laptop running Windows 10. The system displays 'Authentication failed'.

I already cleared browser cache, but the issue still persists.

Thank you.",Login,High,Negative,Authentication Team,Open
Tammy Taylor,blewis@example.org,Basic,UAE,Mobile App,Web Dashboard,TKT-ECD71D3C23,Login failed,"I'm not sure what's happening.

after enabling two-factor authentication, I tried to access my account using Google Chrome on my Linux Desktop running Ubuntu 24.04. The system displays 'Access denied'.

This is becoming difficult.

I cannot continue my work.

Please guide me.",Login,Medium,Negative,Authentication Team,Open
Charles Morales Jr.,matthewbenson@example.org,Enterprise,India,Email,Mobile Application,TKT-6B7A19E87F,Account verification pending,"Good morning,

after switching to a new phone, I tried to access my account using Google Chrome on my iPad running iPadOS 18. The system displays 'Permission denied'.

My team cannot use account features.

Can someone help me?",Account,Medium,Neutral,Account Support Team,Open
Jennifer Clark,angela71@example.net,Free,Canada,Email,Cloud Storage,TKT-407AE622EE,Login failed,"This is unacceptable!

after reinstalling the application, I tried to access my account using Safari on my Windows Laptop running Windows 10. The system displays 'Access denied'.

I am using Windows Laptop running Windows 10 with Safari.

I expect this to be resolved today.",Login,High,Negative,Authentication Team,Open
Kirk Martinez,wellsmichael@example.net,Basic,USA,Phone,API Platform,TKT-0A5CD7E1B8,Partial refund received,"I've already tried everything.

after reinstalling the application, I tried to access my account using Mozilla Firefox on my iPad running iPadOS 17. The system displays 'Payment verification failed'.

I already checked my bank statement, but the issue still persists.

The payment has not been returned.

This is affecting my work.",Refund,Medium,Negative,Billing Team,Open
Ross Huang,ldavis@example.org,Basic,Japan,Chat,Mobile Application,TKT-8F6C538C72,Premium features unavailable,"I think I made a mistake.

after updating the mobile application, I tried to access my account using Microsoft Edge on my iPhone running iOS 17. The system displays 'Subscription service unavailable'.

I am using iPhone running iOS 17 with Microsoft Edge.

I'd appreciate some help.",Subscription,Medium,Negative,Subscription Team,Open
Zachary White,knguyen@example.com,Enterprise,United Kingdom,Chat,AI Analytics Platform,TKT-75661E81F3,Invoice missing,"after reinstalling the application, I tried to access my account using Safari on my Android Phone running Android 14. The system displays 'Payment gateway timeout'.

I already contacted my bank, but the issue still persists.

Our subscription has been interrupted.",Billing,High,Negative,Billing Team,Open
Robert Mcknight,smithmichelle@example.net,Enterprise,USA,Chat,Web Dashboard,TKT-72DD0113D2,Password change failed,"This is unacceptable!

after changing my browser, I tried to access my account using Microsoft Edge on my MacBook Pro running macOS Sequoia. The system displays 'Reset token expired'.

I cannot continue using the platform.

This level of service is unacceptable.",Password Reset,Low,Negative,Authentication Team,Open
Victor Cox,amber55@example.com,Free,Singapore,Mobile App,Mobile Application,TKT-DA20063B17,Cancel subscription,"while travelling abroad, I tried to access my account using Mozilla Firefox on my MacBook Pro running macOS Sonoma. The system displays 'Plan activation failed'.",Subscription,Medium,Negative,Subscription Team,Open
Robert Wilkinson,copelandrachael@example.org,Free,Canada,Email,AI Analytics Platform,TKT-862B226802,Change registered email,"Why is this still happening?

after modifying my account details, I tried to access my account using Google Chrome on my iPad running iPadOS 17. The system displays 'Verification failed'.

This is becoming difficult.

My profile is incomplete.

I expect this to be resolved today.",Account,Medium,Negative,Account Support Team,Open
Sean Marshall,michellerasmussen@example.net,Basic,Singapore,Chat,Payment Gateway,TKT-928DB10147,Forgot password issue,"Why is this still happening?

after switching to a new phone, I tried to access my account using Microsoft Edge on my Windows Laptop running Windows 10. The system displays 'Invalid reset token'.

Fix this immediately!",Password Reset,Medium,Negative,Authentication Team,Open
Michaela Russell,stephanie72@example.com,Enterprise,UAE,Email,Mobile Application,TKT-D8F8204E7C,Password reset page not working,"after reinstalling the application, I tried to access my account using Mozilla Firefox on my MacBook Pro running macOS Sequoia. The system displays 'OTP expired'.",Password Reset,Medium,Negative,Authentication Team,Open
Gregory Mills,amy09@example.com,Free,United Kingdom,Phone,Payment Gateway,TKT-93585BAC14,Payment not reflected,"after buying a new laptop, I tried to access my account using Mozilla Firefox on my MacBook Pro running macOS Sequoia. The system displays 'Card declined'.",Billing,High,Negative,Billing Team,Open
Samantha Richardson,austinwarner@example.com,Free,Singapore,Chat,AI Analytics Platform,TKT-AFBFC7B7A3,Subscription invoice issue,"I've already tried everything.

after modifying my account details, I tried to access my account using Google Chrome on my Windows Laptop running Windows 11. The system displays 'Payment verification failed'.

I am using Windows Laptop running Windows 11 with Google Chrome.

This is affecting my work.",Subscription,Medium,Negative,Subscription Team,Open
Donald Ortiz,erin26@example.org,Enterprise,Singapore,Phone,CRM Suite,TKT-FC6911B030,Billing statement incorrect,"I'm really frustrated.

after modifying my account details, I tried to access my account using Mozilla Firefox on my iPhone running iOS 17. The system displays 'Card declined'.

I'm really frustrated.

Our finance team is waiting for this invoice.

I need help immediately.",Billing,High,Negative,Billing Team,Open
Terry Williams,charlottenguyen@example.org,Free,India,Website,Reporting Engine,TKT-F5A4053D7B,Two-factor authentication failed,"after enabling two-factor authentication, I tried to access my account using Mozilla Firefox on my MacBook Pro running macOS Sonoma. The system displays 'Session expired'.",Login,Medium,Negative,Authentication Team,Open
Nicole Carpenter,brian52@example.net,Free,Australia,Website,Payment Gateway,TKT-7405425389,Password reset email not received,"I'm not sure what's happening.

after switching to a new phone, I tried to access my account using Google Chrome on my MacBook Pro running macOS Sequoia. The system displays 'OTP expired'.

I am using MacBook Pro running macOS Sequoia with Google Chrome.

Please guide me.",Password Reset,Low,Neutral,Authentication Team,Open
Barbara Ferguson,cervanteskristin@example.net,Free,UAE,Website,Reporting Engine,TKT-9410592B4B,Partial refund received,"after buying a new laptop, I tried to access my account using Safari on my iPhone running iOS 17. The system displays 'Unexpected server error'.

I already verified my payment details, but the issue still persists.

This is affecting my business expenses.",Refund,High,Negative,Billing Team,Open
David Smith,ybruce@example.org,Premium,United Kingdom,Chat,AI Analytics Platform,TKT-09906BB5AE,Unable to access dashboard,"Hello,

after installing the latest version, I tried to access my account using Mozilla Firefox on my Android Phone running Android 14. The system displays 'Connection timeout'.

I'm really frustrated.

My support team is blocked.

Please assist me.",Login,Medium,Negative,Authentication Team,Open
Melissa Campos,khoward@example.com,Free,Brazil,Chat,Mobile Application,TKT-30141AAD29,Cannot sign in,"after logging in from another location, I tried to access my account using Mozilla Firefox on my Android Phone running Android 14. The system displays 'Internal server error'.",Login,Medium,Negative,Authentication Team,Open
Scott Nunez,uedwards@example.org,Premium,USA,Email,Web Dashboard,TKT-5DBF26650D,Reset code invalid,"Dear Support,

after entering the wrong password several times, I tried to access my account using Mozilla Firefox on my iPhone running iOS 18. The system displays 'Reset token expired'.

I already requested another reset email, but the issue still persists.

Looking forward to your response.",Password Reset,Low,Negative,Authentication Team,Open
Daniel Wilson,ericprice@example.org,Enterprise,Canada,Website,CRM Suite,TKT-78A78A4C61,Unable to upgrade plan,"Can someone explain this?

after updating my phone number, I tried to access my account using Google Chrome on my Android Phone running Android 15. The system displays 'Renewal failed'.

I'd appreciate some help.",Subscription,Medium,Neutral,Subscription Team,Open
Caitlin Baker,emilybright@example.com,Basic,USA,Mobile App,Cloud Storage,TKT-C9E60D5733,Partial refund received,"after entering the wrong password several times, I tried to access my account using Google Chrome on my iPad running iPadOS 18. The system displays 'Refund processing failed'.",Refund,Medium,Negative,Billing Team,Open
Scott Stark,perezlisa@example.org,Premium,Singapore,Mobile App,API Platform,TKT-4DF5E4588D,Password reset loop,"Hello,

while connected to mobile data, I tried to access my account using Microsoft Edge on my Linux Desktop running Ubuntu 24.04. The system displays 'Unexpected server error'.

I am using Linux Desktop running Ubuntu 24.04 with Microsoft Edge.

Please assist me.",Password Reset,Medium,Negative,Authentication Team,Open
Anthony Carlson,haneybarbara@example.org,Basic,Brazil,Website,AI Analytics Platform,TKT-B7B74D7600,Change registered email,"Hello,

while connected to mobile data, I tried to access my account using Microsoft Edge on my iPhone running iOS 18. The system displays 'Permission denied'.

I already logged out and logged back in, but the issue still persists.

Please assist me.",Account,Medium,Negative,Account Support Team,Open
Derrick York,kcastillo@example.net,Premium,UAE,Phone,API Platform,TKT-D668E827C8,Password reset email not received,"This issue keeps happening.

while connected to mobile data, I tried to access my account using Mozilla Firefox on my Windows Laptop running Windows 11. The system displays 'Reset token expired'.

I already checked my spam folder, but the issue still persists.

Please fix this soon.",Password Reset,Low,Neutral,Authentication Team,Open
Brian Mcmahon,qkidd@example.com,Free,Singapore,Mobile App,API Platform,TKT-CCC9D84BB6,Password reset page not working,"Hi,

after enabling two-factor authentication, I tried to access my account using Safari on my Windows Laptop running Windows 11. The system displays 'OTP expired'.

I cannot continue using the platform.

Please assist me.",Password Reset,Low,Negative,Authentication Team,Open
Kristen Garcia,ramirezcharles@example.net,Premium,Japan,Mobile App,CRM Suite,TKT-D277D7011D,Reset code invalid,"after modifying my account details, I tried to access my account using Mozilla Firefox on my iPad running iPadOS 18. The system displays 'Reset token expired'.",Password Reset,Low,Negative,Authentication Team,Open
Daniel Foster,christopher29@example.net,Free,United Kingdom,Website,AI Analytics Platform,TKT-034DC99C6F,Account settings not saving,"This is unacceptable!

while travelling abroad, I tried to access my account using Google Chrome on my iPhone running iOS 17. The system displays 'Permission denied'.

I am using iPhone running iOS 17 with Google Chrome.

This level of service is unacceptable.",Account,Medium,Negative,Account Support Team,Open
Patrick Thompson,james61@example.com,Enterprise,Canada,Phone,Web Dashboard,TKT-69081835BE,Unexpected logout after login,"Why is this still happening?

after updating my phone number, I tried to access my account using Microsoft Edge on my Linux Desktop running Ubuntu 24.04. The system displays 'Session expired'.

I am using Linux Desktop running Ubuntu 24.04 with Microsoft Edge.

This level of service is unacceptable.",Login,Medium,Negative,Authentication Team,Open
Erica Fitzgerald,kimberlyclarke@example.net,Enterprise,United Kingdom,Chat,CRM Suite,TKT-5858DC9C3D,Double charged,"Can someone explain this?

after enabling two-factor authentication, I tried to access my account using Microsoft Edge on my MacBook Pro running macOS Sonoma. The system displays 'Invoice generation failed'.

I am using MacBook Pro running macOS Sonoma with Microsoft Edge.

Thank you.",Billing,High,Negative,Billing Team,Open
Frederick Wallace,patrickgonzales@example.org,Enterprise,Canada,Mobile App,Web Dashboard,TKT-F44AB1DC8E,Payment not reflected,"Can someone explain this?

after buying a new laptop, I tried to access my account using Google Chrome on my MacBook Pro running macOS Sequoia. The system displays 'Unexpected payment error'.

I'd appreciate some help.",Billing,Medium,Negative,Billing Team,Open
Kyle White,valerie61@example.org,Enterprise,Canada,Chat,CRM Suite,TKT-0200130849,Unable to update profile,"after logging in from another location, I tried to access my account using Google Chrome on my iPad running iPadOS 17. The system displays 'Unexpected server error'.",Account,Low,Negative,Account Support Team,Open
Tyler Hartman,aaron28@example.net,Free,Brazil,Email,Mobile Application,TKT-9FA9E1BDF3,Cannot create new password,"Hi,

while connected to mobile data, I tried to access my account using Mozilla Firefox on my iPhone running iOS 18. The system displays 'Verification failed'.

This problem is affecting my work.

I cannot continue using the platform.

Thank you in advance.",Password Reset,Low,Negative,Authentication Team,Open
Sophia Mccarthy,sloanaustin@example.com,Basic,Singapore,Chat,Payment Gateway,TKT-C1CCE7E37B,Subscription invoice issue,"while connected to mobile data, I tried to access my account using Safari on my iPhone running iOS 17. The system displays 'Renewal failed'.

I already logged out and logged back in, but the issue still persists.

The subscription is inactive.",Subscription,Medium,Negative,Subscription Team,Open
Jerry Boyd,elizabethwhite@example.com,Basic,Australia,Mobile App,Web Dashboard,TKT-A9CDDDBDEE,Cancelled order refund,"Good morning,

after changing my browser, I tried to access my account using Google Chrome on my iPad running iPadOS 18. The system displays 'Refund service unavailable'.

I already verified my payment details, but the issue still persists.

Please assist me.",Refund,High,Negative,Billing Team,Open
Paul Marshall,hward@example.com,Premium,Japan,Chat,Cloud Storage,TKT-C71AB757ED,Trial expired unexpectedly,"Hi Team,

after installing the latest version, I tried to access my account using Microsoft Edge on my Linux Desktop running Ubuntu 24.04. The system displays 'Renewal failed'.

The subscription is inactive.

I would appreciate your help.",Subscription,Medium,Neutral,Subscription Team,Open
Karen Padilla,andrewdavis@example.net,Free,India,Mobile App,Reporting Engine,TKT-711D11B99F,Refund processing failed,"Good day,

after changing my email address, I tried to access my account using Safari on my Linux Desktop running Ubuntu 24.04. The system displays 'Refund service unavailable'.

I would appreciate your help.",Refund,High,Negative,Billing Team,Open
Jose Roberts,rcarpenter@example.net,Enterprise,Japan,Website,Cloud Storage,TKT-2F33E856D2,Reset link expired,"Hi Team,

after logging in from another location, I tried to access my account using Microsoft Edge on my MacBook Pro running macOS Sequoia. The system displays 'Email not recognized'.

I'm worried about this issue.

I cannot access my account.

Kindly assist me with resolving this problem.",Password Reset,Low,Neutral,Authentication Team,Open
Jonathan Maldonado,adam19@example.net,Enterprise,India,Chat,Web Dashboard,TKT-2E3AFF96F5,Downgrade request,"Good morning,

after updating my phone number, I tried to access my account using Mozilla Firefox on my Android Phone running Android 14. The system displays 'Subscription service unavailable'.

I already used another browser, but the issue still persists.

Premium features are unavailable.

Can someone help me?",Subscription,Medium,Negative,Subscription Team,Open
Angela Page MD,steven56@example.net,Basic,USA,Email,Payment Gateway,TKT-B119A6793C,Account locked after multiple attempts,"This issue keeps happening.

after changing my email address, I tried to access my account using Microsoft Edge on my Windows Laptop running Windows 10. The system displays 'Invalid credentials'.

I already restarted the application, but the issue still persists.

My business operations are affected.

This is affecting my work.",Login,High,Negative,Authentication Team,Open
Colin Cherry,dustin77@example.com,Premium,USA,Chat,Payment Gateway,TKT-215EAEC700,Forgot password issue,"Hi,

after changing my browser, I tried to access my account using Mozilla Firefox on my iPad running iPadOS 17. The system displays 'Reset token expired'.

I'm really frustrated.

I cannot continue using the platform.

Can someone help me?",Password Reset,Low,Negative,Authentication Team,Open
Tony Thomas,catherinebright@example.org,Enterprise,Singapore,Email,CRM Suite,TKT-38131C1BEC,Cannot sign in,"Why is this still happening?

after enabling two-factor authentication, I tried to access my account using Microsoft Edge on my iPhone running iOS 17. The system displays 'Session expired'.

I expect this to be resolved today.",Login,Medium,Negative,Authentication Team,Open
Jillian Curtis,sandovaljacob@example.com,Free,Canada,Website,Mobile Application,TKT-4C7E1F5224,Organization details incorrect,"Hi Team,

after resetting my device, I tried to access my account using Mozilla Firefox on my MacBook Pro running macOS Sonoma. The system displays 'Unexpected server error'.

I am using MacBook Pro running macOS Sonoma with Mozilla Firefox.

I would appreciate your help.",Account,Low,Neutral,Account Support Team,Open
Rebecca Lindsey,danny01@example.net,Free,Canada,Phone,Payment Gateway,TKT-6C2394CADA,Credit card declined,"after updating my phone number, I tried to access my account using Mozilla Firefox on my Linux Desktop running Fedora 41. The system displays 'Payment gateway timeout'.",Billing,High,Negative,Billing Team,Open
Stephanie Reed,mosesandrew@example.net,Basic,Japan,Mobile App,CRM Suite,TKT-B96AA7F168,Premium features unavailable,"Can someone explain this?

after updating the mobile application, I tried to access my account using Google Chrome on my iPhone running iOS 17. The system displays 'Subscription service unavailable'.

I am using iPhone running iOS 17 with Google Chrome.

I'd appreciate some help.",Subscription,Medium,Neutral,Subscription Team,Open
Donald Smith,michael36@example.net,Free,Canada,Mobile App,Payment Gateway,TKT-ED2E7FAE10,Unable to reset password,"Hi,

after switching to a new phone, I tried to access my account using Mozilla Firefox on my Linux Desktop running Ubuntu 24.04. The system displays 'Unexpected server error'.

Thank you in advance.",Password Reset,Medium,Negative,Authentication Team,Open
Jordan Mcdowell,kyle04@example.com,Free,Brazil,Chat,AI Analytics Platform,TKT-DA02907D32,Reset link expired,"This issue keeps happening.

after resetting my device, I tried to access my account using Mozilla Firefox on my Linux Desktop running Fedora 41. The system displays 'Email not recognized'.

This problem is affecting my work.

I cannot access my account.

This is affecting my work.",Password Reset,Low,Neutral,Authentication Team,Open
Nicole Davis,heidi97@example.net,Enterprise,Singapore,Email,Payment Gateway,TKT-A84FEF9F37,Password reset email not received,"Hi,

after updating my phone number, I tried to access my account using Microsoft Edge on my iPhone running iOS 18. The system displays 'Verification failed'.

Please assist me.",Password Reset,Medium,Neutral,Authentication Team,Open
Shannon Lamb DDS,gouldnatalie@example.net,Enterprise,Germany,Website,CRM Suite,TKT-76FFDD9973,Unable to verify account,"after modifying my account details, I tried to access my account using Mozilla Firefox on my Windows Laptop running Windows 11. The system displays 'Profile update failed'.

I already cleared browser cache, but the issue still persists.

My profile is incomplete.",Account,Medium,Negative,Account Support Team,Open
Laura Scott,joanna42@example.com,Free,Singapore,Phone,AI Analytics Platform,TKT-248AB1EBBB,Reset code invalid,"Hi,

after my session expired, I tried to access my account using Mozilla Firefox on my Android Phone running Android 15. The system displays 'Invalid reset token'.

I cannot continue using the platform.

Can someone help me?",Password Reset,Low,Negative,Authentication Team,Open
Laura Winters,lcollins@example.org,Basic,Japan,Mobile App,CRM Suite,TKT-795D98FC1D,Temporary password not working,"Dear Support,

after enabling two-factor authentication, I tried to access my account using Microsoft Edge on my Android Phone running Android 15. The system displays 'Reset token expired'.

I already used another device, but the issue still persists.

Looking forward to your response.",Password Reset,Low,Negative,Authentication Team,Open
Steven Smith,coltonmartinez@example.net,Premium,USA,Phone,Cloud Storage,TKT-B83B38203D,Login failed,"I think I made a mistake.

after enabling two-factor authentication, I tried to access my account using Safari on my iPhone running iOS 17. The system displays 'Connection timeout'.

I already cleared browser cache, but the issue still persists.

Thank you.",Login,Medium,Negative,Authentication Team,Open
Joshua Davis,bethany98@example.net,Basic,United Kingdom,Website,AI Analytics Platform,TKT-9CA42F2B92,Account locked,"This issue keeps happening.

after changing my browser, I tried to access my account using Google Chrome on my Linux Desktop running Fedora 41. The system displays 'Unexpected server error'.

This is affecting my work.",Account,Low,Neutral,Account Support Team,Open
Dylan Jackson,hjohnson@example.org,Enterprise,Japan,Website,Reporting Engine,TKT-D6C8F7E326,Partial refund received,"after installing the latest version, I tried to access my account using Mozilla Firefox on my iPad running iPadOS 18. The system displays 'Unexpected server error'.

I already contacted customer support, but the issue still persists.

This is affecting my business expenses.",Refund,High,Negative,Billing Team,Open
Edward Martin,richard70@example.com,Basic,Singapore,Mobile App,Web Dashboard,TKT-0A5089DD4F,Unexpected logout after login,"after entering the wrong password several times, I tried to access my account using Mozilla Firefox on my Linux Desktop running Fedora 41. The system displays 'Internal server error'.

I already reinstalled the application, but the issue still persists.

My business operations are affected.",Login,High,Negative,Authentication Team,Open
Jeffrey Hall,suzanneliu@example.org,Basic,USA,Chat,Mobile Application,TKT-58AD7C771A,Refund taking too long,"after changing my email address, I tried to access my account using Safari on my iPhone running iOS 18. The system displays 'Refund processing failed'.",Refund,High,Negative,Billing Team,Open
Sarah Stuart,jacquelineedwards@example.org,Free,Canada,Email,Payment Gateway,TKT-F9420FFF11,Login stuck on loading screen,"Good day,

after switching to a new phone, I tried to access my account using Microsoft Edge on my iPad running iPadOS 18. The system displays 'Internal server error'.

I already reinstalled the application, but the issue still persists.

I would appreciate your help.",Login,High,Negative,Authentication Team,Open
Matthew Thompson,fgarrett@example.net,Free,Singapore,Email,Reporting Engine,TKT-FC3514F6D9,Phone number update failed,"Why is this still happening?

after logging in from another location, I tried to access my account using Google Chrome on my iPad running iPadOS 17. The system displays 'Profile update failed'.

This level of service is unacceptable.",Account,Medium,Negative,Account Support Team,Open
Jason Baker,michellehaney@example.org,Basic,USA,Chat,CRM Suite,TKT-8B8BB1AC8C,Password reset page not working,"while travelling abroad, I tried to access my account using Safari on my iPad running iPadOS 17. The system displays 'Email not recognized'.

I already checked my spam folder, but the issue still persists.

I cannot access my account.",Password Reset,Medium,Neutral,Authentication Team,Open
Anita Robbins,cduncan@example.net,Premium,Australia,Mobile App,AI Analytics Platform,TKT-46A8E37A33,Refund not received,"I'm really frustrated.

after changing my email address, I tried to access my account using Safari on my Android Phone running Android 15. The system displays 'Payment verification failed'.

This problem is affecting my work.

My funds are still unavailable.

Please fix this soon.",Refund,High,Negative,Billing Team,Open
Erin Davis,davidjohnson@example.com,Premium,Brazil,Mobile App,CRM Suite,TKT-20A097946D,Profile information incorrect,"after installing the latest version, I tried to access my account using Microsoft Edge on my iPhone running iOS 17. The system displays 'Validation failed'.

I already cleared browser cache, but the issue still persists.

My team cannot use account features.",Account,Low,Neutral,Account Support Team,Open
Erica Novak,felicia95@example.org,Premium,United Kingdom,Phone,Web Dashboard,TKT-C8E9D1B596,Refund processing failed,"after switching to a new phone, I tried to access my account using Safari on my Android Phone running Android 14. The system displays 'Refund service unavailable'.

I already contacted customer support, but the issue still persists.

My funds are still unavailable.",Refund,High,Negative,Billing Team,Open
Matthew Lee,susan32@example.net,Enterprise,Germany,Chat,Reporting Engine,TKT-E76CD67DFD,Subscription renewal failed,"after switching to a new phone, I tried to access my account using Microsoft Edge on my iPhone running iOS 18. The system displays 'Subscription service unavailable'.",Subscription,Medium,Neutral,Subscription Team,Open
Gregory Bishop DVM,robin88@example.net,Basic,Germany,Mobile App,Web Dashboard,TKT-0098A44A65,Tax calculation issue,"I'm extremely disappointed.

after enabling two-factor authentication, I tried to access my account using Mozilla Firefox on my iPhone running iOS 18. The system displays 'Transaction failed'.

I already contacted my bank, but the issue still persists.

Business operations are affected.

This level of service is unacceptable.",Billing,High,Negative,Billing Team,Open
Lisa Parker,timothyjones@example.com,Enterprise,UAE,Chat,API Platform,TKT-0117166A5E,Business profile issue,"I'm not sure what's happening.

after reinstalling the application, I tried to access my account using Google Chrome on my Windows Laptop running Windows 10. The system displays 'Unexpected server error'.

This is becoming difficult.

Business information is incorrect.

Please guide me.",Account,Low,Neutral,Account Support Team,Open
William Martin,rhondawhite@example.org,Free,UAE,Chat,Mobile Application,TKT-F732C66094,Refund rejected,"Hi Team,

after enabling two-factor authentication, I tried to access my account using Microsoft Edge on my iPad running iPadOS 17. The system displays 'Payment verification failed'.

I already contacted customer support, but the issue still persists.

Could you please investigate this issue?",Refund,High,Negative,Billing Team,Open
Amy Mclaughlin,kenneth55@example.com,Basic,Canada,Chat,Mobile Application,TKT-5E51925C79,Refund rejected,"I'm extremely disappointed.

after my session expired, I tried to access my account using Mozilla Firefox on my Linux Desktop running Ubuntu 24.04. The system displays 'Unexpected server error'.

I expect this to be resolved today.",Refund,Medium,Negative,Billing Team,Open
Samuel Owens,julieavila@example.net,Enterprise,Germany,Phone,CRM Suite,TKT-1FF4A5BB44,Change registered email,"after enabling two-factor authentication, I tried to access my account using Mozilla Firefox on my Android Phone running Android 14. The system displays 'Verification failed'.

I already updated my browser, but the issue still persists.

Business information is incorrect.",Account,Medium,Neutral,Account Support Team,Open
Ernest Marshall,brittanyweaver@example.net,Basic,UAE,Website,Payment Gateway,TKT-EAA15E422F,Downgrade request,"Hi,

after changing my email address, I tried to access my account using Microsoft Edge on my Android Phone running Android 14. The system displays 'Subscription service unavailable'.

I already used another browser, but the issue still persists.

My team cannot continue working.

Thank you in advance.",Subscription,Medium,Negative,Subscription Team,Open
Anthony Perez,combstracie@example.net,Free,Japan,Chat,API Platform,TKT-94D5C32074,Password reset loop,"after installing the latest version, I tried to access my account using Mozilla Firefox on my iPhone running iOS 18. The system displays 'Invalid reset token'.",Password Reset,Low,Neutral,Authentication Team,Open
Stephanie Miller,eadams@example.com,Enterprise,India,Website,AI Analytics Platform,TKT-9F7952B709,Subscription invoice issue,"I think I made a mistake.

after resetting my device, I tried to access my account using Mozilla Firefox on my Windows Laptop running Windows 10. The system displays 'Subscription service unavailable'.

I am using Windows Laptop running Windows 10 with Mozilla Firefox.

Please guide me.",Subscription,Medium,Neutral,Subscription Team,Open
Brian Barrett,johnjohnson@example.net,Basic,Singapore,Website,AI Analytics Platform,TKT-77B36D5D5B,Request refund,"Why is this still happening?

after enabling two-factor authentication, I tried to access my account using Microsoft Edge on my Android Phone running Android 15. The system displays 'Payment verification failed'.

I already verified my payment details, but the issue still persists.

Fix this immediately!",Refund,Medium,Negative,Billing Team,Open
Brandon Steele,dakota56@example.net,Basic,USA,Email,Payment Gateway,TKT-C20AF9786E,Premium features unavailable,"Can someone explain this?

after enabling two-factor authentication, I tried to access my account using Safari on my Android Phone running Android 15. The system displays 'Renewal failed'.

I already logged out and logged back in, but the issue still persists.

Please guide me.",Subscription,Medium,Negative,Subscription Team,Open
Matthew Jones,jeffrey79@example.org,Free,India,Chat,API Platform,TKT-60FBF083AD,Automatic payment failed,"Hello,

after changing my browser, I tried to access my account using Microsoft Edge on my MacBook Pro running macOS Sonoma. The system displays 'Billing service unavailable'.

I already contacted my bank, but the issue still persists.

Thank you in advance.",Billing,High,Negative,Billing Team,Open
Shannon Cummings,rogersnicholas@example.org,Enterprise,United Kingdom,Email,AI Analytics Platform,TKT-52270AEFB3,Organization details incorrect,"This is unacceptable!

after modifying my account details, I tried to access my account using Safari on my iPhone running iOS 18. The system displays 'Profile update failed'.

I already logged out and logged back in, but the issue still persists.

This level of service is unacceptable.",Account,Medium,Negative,Account Support Team,Open
Anthony Savage,matthewwilliams@example.org,Basic,India,Phone,Web Dashboard,TKT-B6504C699D,Password change failed,"This issue keeps happening.

while using office Wi-Fi, I tried to access my account using Mozilla Firefox on my Android Phone running Android 15. The system displays 'Unexpected server error'.

I already used another device, but the issue still persists.

My work is delayed.

I need help immediately.",Password Reset,Medium,Negative,Authentication Team,Open
Kerri Freeman,fisheralexandria@example.net,Enterprise,India,Chat,API Platform,TKT-F996CFE06E,Organization details incorrect,"Dear Support,

after switching to a new phone, I tried to access my account using Mozilla Firefox on my Windows Laptop running Windows 10. The system displays 'Verification failed'.

Looking forward to your response.",Account,Medium,Negative,Account Support Team,Open
Colleen Anthony,khart@example.net,Free,Japan,Mobile App,Web Dashboard,TKT-95CEC94DCE,Refund taking too long,"while connected to mobile data, I tried to access my account using Mozilla Firefox on my MacBook Pro running macOS Sequoia. The system displays 'Refund processing failed'.",Refund,High,Negative,Billing Team,Open
Jasmine Walker,fdavis@example.net,Premium,Germany,Email,Reporting Engine,TKT-A2F56E78CE,Forgot password issue,"after entering the wrong password several times, I tried to access my account using Mozilla Firefox on my iPad running iPadOS 17. The system displays 'Email not recognized'.

I already checked my spam folder, but the issue still persists.

I cannot access my account.",Password Reset,Low,Negative,Authentication Team,Open
Holly Stewart,jordanpatrick@example.net,Basic,United Kingdom,Phone,Mobile Application,TKT-AC7E33E405,Subscription invoice issue,"I'm extremely disappointed.

after switching to a new phone, I tried to access my account using Google Chrome on my Windows Laptop running Windows 10. The system displays 'Renewal failed'.

I already used another browser, but the issue still persists.

This level of service is unacceptable.",Subscription,Medium,Negative,Subscription Team,Open
Stacy Walker,keith89@example.net,Enterprise,India,Phone,AI Analytics Platform,TKT-B5AF8D8BC8,Refund taking too long,"after logging in from another location, I tried to access my account using Microsoft Edge on my MacBook Pro running macOS Sonoma. The system displays 'Payment verification failed'.",Refund,Medium,Negative,Billing Team,Open
Abigail Dunn,scottcobb@example.org,Enterprise,Australia,Website,Reporting Engine,TKT-35D134A615,Premium features unavailable,"Hello Support Team,

while connected to mobile data, I tried to access my account using Google Chrome on my Android Phone running Android 14. The system displays 'Renewal failed'.

I already logged out and logged back in, but the issue still persists.

Looking forward to your response.",Subscription,Medium,Neutral,Subscription Team,Open
Carrie Sosa,deanalyssa@example.org,Basic,Brazil,Email,CRM Suite,TKT-6BD09B99A3,Business profile issue,"This is unacceptable!

after enabling two-factor authentication, I tried to access my account using Google Chrome on my Windows Laptop running Windows 10. The system displays 'Profile update failed'.

My profile is incomplete.

I expect this to be resolved today.",Account,Low,Neutral,Account Support Team,Open
Jennifer Miller,lewislouis@example.net,Enterprise,Singapore,Phone,Web Dashboard,TKT-30D2122996,Cancelled order refund,"Why is this still happening?

after my session expired, I tried to access my account using Microsoft Edge on my iPad running iPadOS 17. The system displays 'Refund processing failed'.

I already checked my bank statement, but the issue still persists.

I expect this to be resolved today.",Refund,High,Negative,Billing Team,Open
Sheila Beck,nmurphy@example.net,Premium,UAE,Mobile App,CRM Suite,TKT-55997244DB,Account settings not saving,"I'm extremely disappointed.

after updating my phone number, I tried to access my account using Mozilla Firefox on my iPhone running iOS 18. The system displays 'Permission denied'.

This problem is affecting my work.

My profile is incomplete.

I expect this to be resolved today.",Account,Medium,Negative,Account Support Team,Open
Janice Roth,princemelissa@example.org,Enterprise,UAE,Mobile App,Mobile Application,TKT-EF2B72E5C8,Cancelled order refund,"after changing my email address, I tried to access my account using Safari on my iPad running iPadOS 17. The system displays 'Refund service unavailable'.",Refund,High,Negative,Billing Team,Open
Adam Johnson,powelljohn@example.net,Enterprise,Brazil,Website,API Platform,TKT-8115791D59,Plan changed automatically,"This is unacceptable!

after reinstalling the application, I tried to access my account using Mozilla Firefox on my Android Phone running Android 15. The system displays 'Plan activation failed'.

I am using Android Phone running Android 15 with Mozilla Firefox.

I expect this to be resolved today.",Subscription,Medium,Negative,Subscription Team,Open
Joshua Brennan,davidbriggs@example.org,Basic,Germany,Phone,Reporting Engine,TKT-C2B63450AE,Downgrade request,"after buying a new laptop, I tried to access my account using Safari on my iPhone running iOS 17. The system displays 'Plan activation failed'.

I already logged out and logged back in, but the issue still persists.

My team cannot continue working.",Subscription,Medium,Negative,Subscription Team,Open
Johnny Saunders,carterkatherine@example.net,Basic,Canada,Mobile App,Mobile Application,TKT-2554BEBD35,Login failed,"Hi Team,

after my session expired, I tried to access my account using Microsoft Edge on my Windows Laptop running Windows 10. The system displays 'Session expired'.

This issue is impacting productivity.

I would appreciate your help.",Login,High,Negative,Authentication Team,Open
Timothy Bowen,hallallison@example.org,Free,Germany,Website,Web Dashboard,TKT-B249C304A2,Plan changed automatically,"Why is this still happening?

after reinstalling the application, I tried to access my account using Safari on my Linux Desktop running Ubuntu 24.04. The system displays 'Plan activation failed'.

I expect this to be resolved today.",Subscription,Medium,Negative,Subscription Team,Open
Robin Benson,kathrynhooper@example.com,Enterprise,USA,Chat,CRM Suite,TKT-B626D9EDDF,Refund confirmation missing,"I'm really frustrated.

after changing my browser, I tried to access my account using Google Chrome on my Linux Desktop running Ubuntu 24.04. The system displays 'Refund service unavailable'.

I already checked my bank statement, but the issue still persists.

Please fix this soon.",Refund,Medium,Negative,Billing Team,Open
Mr. Barry Miller,catherine67@example.net,Enterprise,Singapore,Mobile App,Web Dashboard,TKT-2D5FA82698,Login failed,"I'm really frustrated.

after my session expired, I tried to access my account using Safari on my iPad running iPadOS 18. The system displays 'Authentication failed'.

I'm really frustrated.

My support team is blocked.

This is affecting my work.",Login,High,Negative,Authentication Team,Open
Lindsey Roberts,michaelmontoya@example.org,Enterprise,Singapore,Website,API Platform,TKT-49E8DFFFE4,Temporary password not working,"Hello,

after switching to a new phone, I tried to access my account using Microsoft Edge on my Linux Desktop running Ubuntu 24.04. The system displays 'OTP expired'.

I already tried another browser, but the issue still persists.

My work is delayed.

Thank you in advance.",Password Reset,Low,Neutral,Authentication Team,Open
Sherri Allison,sherry12@example.net,Premium,United Kingdom,Chat,Payment Gateway,TKT-01B66ABB3B,Password reset loop,"Good day,

after changing my browser, I tried to access my account using Safari on my iPhone running iOS 17. The system displays 'Unexpected server error'.

I cannot access my account.

I would appreciate your help.",Password Reset,Medium,Negative,Authentication Team,Open
Latoya Hansen,dbrown@example.org,Free,Brazil,Mobile App,CRM Suite,TKT-06B22F91FA,Profile information incorrect,"Hi Team,

after resetting my device, I tried to access my account using Safari on my iPhone running iOS 18. The system displays 'Validation failed'.

I'm really frustrated.

My profile is incomplete.

Looking forward to your response.",Account,Low,Negative,Account Support Team,Open
Christina Sanders,shelleygordon@example.org,Premium,UAE,Chat,Reporting Engine,TKT-C32156B57B,Unable to access dashboard,"Hello,

after changing my browser, I tried to access my account using Microsoft Edge on my Android Phone running Android 14. The system displays 'Access denied'.

Can someone help me?",Login,Medium,Negative,Authentication Team,Open
Peter Foster,tanyajackson@example.net,Enterprise,USA,Phone,Payment Gateway,TKT-5C73374976,Billing statement incorrect,"I'm not sure what's happening.

after changing my email address, I tried to access my account using Mozilla Firefox on my iPhone running iOS 17. The system displays 'Unexpected payment error'.

I already tried another payment method, but the issue still persists.

Please guide me.",Billing,Medium,Negative,Billing Team,Open
Sheila Reed,canderson@example.com,Premium,Singapore,Website,Cloud Storage,TKT-887A109DE2,Duplicate payment refund,"Can someone explain this?

after changing my browser, I tried to access my account using Safari on my iPad running iPadOS 17. The system displays 'Refund processing failed'.

This problem is affecting my work.

The payment has not been returned.

Thank you.",Refund,High,Negative,Billing Team,Open
Alex Warren,stacy59@example.org,Enterprise,Japan,Phone,API Platform,TKT-ACF1503560,Change registered email,"after updating my phone number, I tried to access my account using Microsoft Edge on my MacBook Pro running macOS Sequoia. The system displays 'Permission denied'.",Account,Medium,Neutral,Account Support Team,Open
Carla Edwards,bridgescourtney@example.org,Enterprise,UAE,Chat,Mobile Application,TKT-6EDFCE505F,Password reset page not working,"I'm extremely disappointed.

while travelling abroad, I tried to access my account using Microsoft Edge on my MacBook Pro running macOS Sequoia. The system displays 'Invalid reset token'.

I already checked my spam folder, but the issue still persists.

Fix this immediately!",Password Reset,Medium,Negative,Authentication Team,Open
Daniel Allen,whiteheadkristen@example.org,Premium,UAE,Chat,Cloud Storage,TKT-C7A6F03811,Tax calculation issue,"while travelling abroad, I tried to access my account using Safari on my MacBook Pro running macOS Sequoia. The system displays 'Card declined'.

I already tried another payment method, but the issue still persists.

Our finance team is waiting for this invoice.",Billing,High,Negative,Billing Team,Open
Connie Booth,tylerlang@example.org,Basic,Singapore,Website,Payment Gateway,TKT-AA81FEC606,Subscription not activated,"Hi Team,

after resetting my device, I tried to access my account using Microsoft Edge on my Linux Desktop running Ubuntu 24.04. The system displays 'Renewal failed'.

I am using Linux Desktop running Ubuntu 24.04 with Microsoft Edge.

Could you please investigate this issue?",Subscription,Medium,Negative,Subscription Team,Open
Nicole Brown,nicole07@example.com,Basic,UAE,Email,Payment Gateway,TKT-BB4B5E200B,Forgot password issue,"after installing the latest version, I tried to access my account using Google Chrome on my Linux Desktop running Ubuntu 24.04. The system displays 'Email not recognized'.",Password Reset,Low,Neutral,Authentication Team,Open
Caroline Gonzalez,stephaniemorris@example.com,Basic,Australia,Phone,API Platform,TKT-B2B6EB38C4,Password reset page not working,"This is unacceptable!

while connected to mobile data, I tried to access my account using Microsoft Edge on my iPad running iPadOS 17. The system displays 'Email not recognized'.

I already tried another browser, but the issue still persists.

Fix this immediately!",Password Reset,Medium,Neutral,Authentication Team,Open
Lauren Wood,hansonheather@example.org,Enterprise,Singapore,Chat,CRM Suite,TKT-1939487FA8,Billing statement incorrect,"I've already tried everything.

while connected to mobile data, I tried to access my account using Safari on my Android Phone running Android 15. The system displays 'Card declined'.

I already cleared browser cache, but the issue still persists.

Please fix this soon.",Billing,High,Negative,Billing Team,Open
Kimberly Cunningham,john29@example.com,Enterprise,Singapore,Website,Mobile Application,TKT-DDAFCB0909,Refund status unavailable,"after my session expired, I tried to access my account using Safari on my MacBook Pro running macOS Sonoma. The system displays 'Refund service unavailable'.",Refund,Medium,Negative,Billing Team,Open
Elizabeth Stone,qsmith@example.com,Basic,Germany,Mobile App,Web Dashboard,TKT-090A87E68E,Password reset loop,"Why is this still happening?

after entering the wrong password several times, I tried to access my account using Google Chrome on my iPad running iPadOS 17. The system displays 'Reset token expired'.

I already cleared browser cache, but the issue still persists.

This level of service is unacceptable.",Password Reset,Low,Negative,Authentication Team,Open
Samantha Reed,danielmurphy@example.org,Free,Australia,Chat,Mobile Application,TKT-D2FD08B933,Double charged,"Hi,

after resetting my device, I tried to access my account using Microsoft Edge on my iPhone running iOS 17. The system displays 'Billing service unavailable'.

I'm really frustrated.

Our finance team is waiting for this invoice.

Can someone help me?",Billing,Medium,Negative,Billing Team,Open
Charles Jones,cochranmichelle@example.org,Basic,UAE,Chat,Mobile Application,TKT-0FEB58050A,Subscription missing,"after logging in from another location, I tried to access my account using Mozilla Firefox on my Linux Desktop running Fedora 41. The system displays 'Renewal failed'.

I already used another browser, but the issue still persists.

The subscription is inactive.",Subscription,Medium,Negative,Subscription Team,Open
Stacy Bates,christopher82@example.net,Premium,United Kingdom,Chat,Reporting Engine,TKT-1DA1EE783A,Subscription invoice issue,"I'm extremely disappointed.

while using office Wi-Fi, I tried to access my account using Safari on my Android Phone running Android 14. The system displays 'Subscription service unavailable'.

My team cannot continue working.

Fix this immediately!",Subscription,Medium,Negative,Subscription Team,Open
Heather Navarro,margaretweiss@example.net,Enterprise,United Kingdom,Mobile App,Cloud Storage,TKT-39D2F4E4A4,Forgot password issue,"Hello Support Team,

while connected to mobile data, I tried to access my account using Microsoft Edge on my iPhone running iOS 17. The system displays 'OTP expired'.

I am using iPhone running iOS 17 with Microsoft Edge.

I would appreciate your help.",Password Reset,Low,Neutral,Authentication Team,Open
Kathy Harmon,lisahoffman@example.org,Enterprise,Germany,Website,Payment Gateway,TKT-FA28AE76CC,Unable to reset password,"after updating my phone number, I tried to access my account using Microsoft Edge on my MacBook Pro running macOS Sequoia. The system displays 'Unexpected server error'.

I already tried another browser, but the issue still persists.

My work is delayed.",Password Reset,Medium,Neutral,Authentication Team,Open
Donald Johnson,kelly54@example.net,Enterprise,Brazil,Website,Web Dashboard,TKT-2CFB9FC390,Tax calculation issue,"Hi Team,

after resetting my device, I tried to access my account using Google Chrome on my iPhone running iOS 17. The system displays 'Card declined'.

Kindly assist me with resolving this problem.",Billing,Medium,Negative,Billing Team,Open
Diana Rivers,hallelizabeth@example.net,Premium,Brazil,Mobile App,API Platform,TKT-B704278A4F,Password reset page not working,"Can someone explain this?

after switching to a new phone, I tried to access my account using Mozilla Firefox on my iPhone running iOS 18. The system displays 'Reset token expired'.

I already requested another reset email, but the issue still persists.

I cannot access my account.

Thank you.",Password Reset,Medium,Negative,Authentication Team,Open
Joseph Murphy Jr.,sfranco@example.org,Premium,UAE,Chat,Mobile Application,TKT-E6D8436040,Temporary password not working,"Good morning,

while using office Wi-Fi, I tried to access my account using Microsoft Edge on my Linux Desktop running Fedora 41. The system displays 'Email not recognized'.

Please assist me.",Password Reset,Medium,Neutral,Authentication Team,Open
Cheryl Ray,boltonricky@example.org,Premium,UAE,Website,Mobile Application,TKT-846A15A198,Account settings not saving,"I've already tried everything.

after installing the latest version, I tried to access my account using Safari on my Windows Laptop running Windows 11. The system displays 'Profile update failed'.

I'm worried about this issue.

My team cannot use account features.

Please fix this soon.",Account,Low,Neutral,Account Support Team,Open
Patty Smith,qdaniel@example.com,Free,Japan,Email,Reporting Engine,TKT-BE74324F25,Change registered email,"after entering the wrong password several times, I tried to access my account using Microsoft Edge on my Windows Laptop running Windows 11. The system displays 'Verification failed'.

I already updated my browser, but the issue still persists.

Business information is incorrect.",Account,Low,Negative,Account Support Team,Open
Lisa Chavez,jdavies@example.com,Premium,Australia,Chat,CRM Suite,TKT-0A82E436AF,Phone number update failed,"I'm not sure what's happening.

while connected to mobile data, I tried to access my account using Mozilla Firefox on my Linux Desktop running Fedora 41. The system displays 'Profile update failed'.

I already used another device, but the issue still persists.

Please guide me.",Account,Low,Negative,Account Support Team,Open
Renee Kidd,angelcarr@example.com,Enterprise,Australia,Mobile App,Reporting Engine,TKT-1587F3A08C,Subscription missing,"while travelling abroad, I tried to access my account using Mozilla Firefox on my MacBook Pro running macOS Sonoma. The system displays 'Plan activation failed'.",Subscription,Medium,Neutral,Subscription Team,Open
Kathleen Rose,richardsemily@example.net,Enterprise,United Kingdom,Website,Web Dashboard,TKT-B56F1D37F2,Profile information incorrect,"after enabling two-factor authentication, I tried to access my account using Mozilla Firefox on my iPhone running iOS 18. The system displays 'Unexpected server error'.

I already cleared browser cache, but the issue still persists.

My profile is incomplete.",Account,Low,Negative,Account Support Team,Open
Christopher Archer,bjackson@example.com,Free,India,Website,AI Analytics Platform,TKT-A2A193E682,Forgot password issue,"This is unacceptable!

while connected to mobile data, I tried to access my account using Google Chrome on my MacBook Pro running macOS Sequoia. The system displays 'Unexpected server error'.

I already cleared browser cache, but the issue still persists.

I expect this to be resolved today.",Password Reset,Medium,Negative,Authentication Team,Open
Jeffrey Henderson,samantha25@example.com,Basic,Japan,Phone,CRM Suite,TKT-85A065C56B,Password reset loop,"after changing my email address, I tried to access my account using Google Chrome on my iPhone running iOS 17. The system displays 'Invalid reset token'.

I already used another device, but the issue still persists.

My work is delayed.",Password Reset,Medium,Negative,Authentication Team,Open
Kathy Lam,andersonsteve@example.net,Free,India,Mobile App,AI Analytics Platform,TKT-FC8DFDC91A,Account locked,"Hi Team,

after modifying my account details, I tried to access my account using Microsoft Edge on my MacBook Pro running macOS Sonoma. The system displays 'Validation failed'.

I already updated my browser, but the issue still persists.

My team cannot use account features.

Looking forward to your response.",Account,Low,Neutral,Account Support Team,Open
Laura Mitchell,janicetaylor@example.com,Free,Australia,Phone,API Platform,TKT-1EA9811E29,Plan changed automatically,"Dear Support,

after switching to a new phone, I tried to access my account using Safari on my Linux Desktop running Ubuntu 24.04. The system displays 'Subscription service unavailable'.

This problem is affecting my work.

The subscription is inactive.

Could you please investigate this issue?",Subscription,Medium,Negative,Subscription Team,Open
Kathy Thomas,kathleen35@example.net,Basic,Singapore,Email,Mobile Application,TKT-264E95F2F5,Refund taking too long,"after buying a new laptop, I tried to access my account using Google Chrome on my iPad running iPadOS 17. The system displays 'Refund processing failed'.

I already contacted customer support, but the issue still persists.

My funds are still unavailable.",Refund,Medium,Negative,Billing Team,Open
Robert Burns,westclarence@example.org,Enterprise,United Kingdom,Phone,Web Dashboard,TKT-4044AFBF37,Password reset loop,"I've already tried everything.

while connected to mobile data, I tried to access my account using Microsoft Edge on my Linux Desktop running Fedora 41. The system displays 'Unexpected server error'.

I am using Linux Desktop running Fedora 41 with Microsoft Edge.

I need help immediately.",Password Reset,Medium,Neutral,Authentication Team,Open
Alexander Johnson,amyneal@example.net,Free,United Kingdom,Email,Web Dashboard,TKT-0D1FE99D41,Unable to download invoice,"This issue keeps happening.

after modifying my account details, I tried to access my account using Mozilla Firefox on my MacBook Pro running macOS Sequoia. The system displays 'Unexpected payment error'.

I already contacted my bank, but the issue still persists.

This is affecting my work.",Billing,Medium,Negative,Billing Team,Open
Sara Huang,fgriffith@example.org,Enterprise,Singapore,Mobile App,Web Dashboard,TKT-FE5AFDAA33,Subscription not activated,"I'm not sure what's happening.

after installing the latest version, I tried to access my account using Mozilla Firefox on my Windows Laptop running Windows 10. The system displays 'Subscription service unavailable'.

My team cannot continue working.

Thank you.",Subscription,Medium,Negative,Subscription Team,Open
Amanda Wilson,megan42@example.net,Premium,Brazil,Mobile App,Cloud Storage,TKT-300CE440AE,Login failed,"Hello Support Team,

while using office Wi-Fi, I tried to access my account using Google Chrome on my Windows Laptop running Windows 11. The system displays 'Invalid credentials'.

I am using Windows Laptop running Windows 11 with Google Chrome.

I would appreciate your help.",Login,High,Negative,Authentication Team,Open
James Lawrence,ppratt@example.org,Free,Brazil,Chat,Mobile Application,TKT-2A54B58435,Cancelled order refund,"I'm really frustrated.

after my session expired, I tried to access my account using Safari on my Linux Desktop running Ubuntu 24.04. The system displays 'Payment verification failed'.

I already verified my payment details, but the issue still persists.

My funds are still unavailable.

Please fix this soon.",Refund,Medium,Negative,Billing Team,Open
Bailey Simpson,carlsondanielle@example.org,Free,India,Mobile App,Reporting Engine,TKT-3E3532C8B6,Unexpected logout after login,"This is unacceptable!

after resetting my device, I tried to access my account using Microsoft Edge on my iPhone running iOS 18. The system displays 'Invalid credentials'.

This issue is impacting productivity.

I expect this to be resolved today.",Login,High,Negative,Authentication Team,Open
Dana Davis,clarkcatherine@example.net,Premium,USA,Chat,Web Dashboard,TKT-A63587FDC3,Phone number update failed,"after installing the latest version, I tried to access my account using Microsoft Edge on my MacBook Pro running macOS Sonoma. The system displays 'Permission denied'.",Account,Medium,Negative,Account Support Team,Open
Scott Wilson,kswanson@example.org,Basic,Germany,Email,Reporting Engine,TKT-4EF2367A23,Unable to download invoice,"after logging in from another location, I tried to access my account using Mozilla Firefox on my Android Phone running Android 15. The system displays 'Payment gateway timeout'.",Billing,High,Negative,Billing Team,Open
Amy Rice,debra32@example.net,Basic,Japan,Email,CRM Suite,TKT-7A4BC63A0D,Business profile issue,"Good morning,

after updating my phone number, I tried to access my account using Microsoft Edge on my Linux Desktop running Fedora 41. The system displays 'Permission denied'.

I already logged out and logged back in, but the issue still persists.

Can someone help me?",Account,Low,Neutral,Account Support Team,Open
Alexander Poole,carsonkatherine@example.net,Enterprise,USA,Chat,Mobile Application,TKT-D3F4883476,Subscription invoice issue,"after installing the latest version, I tried to access my account using Mozilla Firefox on my iPad running iPadOS 18. The system displays 'Renewal failed'.",Subscription,Medium,Negative,Subscription Team,Open
Colin Gutierrez,connor34@example.org,Enterprise,USA,Website,CRM Suite,TKT-B51B4DECD2,Two-factor authentication failed,"I'm not sure what's happening.

after my session expired, I tried to access my account using Microsoft Edge on my iPad running iPadOS 17. The system displays 'Access denied'.

I am using iPad running iPadOS 17 with Microsoft Edge.

I'd appreciate some help.",Login,High,Negative,Authentication Team,Open
Michelle Hancock,kristenmartinez@example.org,Basic,USA,Website,Mobile Application,TKT-447DE7F1B2,Password reset page not working,"Can someone explain this?

after modifying my account details, I tried to access my account using Microsoft Edge on my MacBook Pro running macOS Sonoma. The system displays 'Email not recognized'.

I am using MacBook Pro running macOS Sonoma with Microsoft Edge.

Please guide me.",Password Reset,Medium,Neutral,Authentication Team,Open
Amanda Olson,robinsonkatelyn@example.com,Enterprise,Germany,Chat,Mobile Application,TKT-563132AA85,Incorrect billing amount,"after buying a new laptop, I tried to access my account using Mozilla Firefox on my iPad running iPadOS 17. The system displays 'Billing service unavailable'.",Billing,High,Negative,Billing Team,Open
Nancy Gutierrez,steve13@example.com,Enterprise,Brazil,Phone,API Platform,TKT-F7C48FEA0D,Tax calculation issue,"Good day,

after changing my email address, I tried to access my account using Microsoft Edge on my iPad running iPadOS 17. The system displays 'Payment gateway timeout'.

I am using iPad running iPadOS 17 with Microsoft Edge.

Could you please investigate this issue?",Billing,Medium,Negative,Billing Team,Open
Stephen Montes,amy35@example.net,Basic,UAE,Phone,Payment Gateway,TKT-232BB1F3B3,Payment failed,"after changing my browser, I tried to access my account using Microsoft Edge on my iPad running iPadOS 17. The system displays 'Invoice generation failed'.

I already used another browser, but the issue still persists.

I cannot complete my purchase.",Billing,High,Negative,Billing Team,Open
Karen Thomas,stephaniechoi@example.com,Free,Singapore,Phone,Web Dashboard,TKT-686E20A648,Account locked after multiple attempts,"I'm extremely disappointed.

after updating my phone number, I tried to access my account using Microsoft Edge on my iPhone running iOS 18. The system displays 'Unexpected server error'.

This is becoming difficult.

My support team is blocked.

Fix this immediately!",Login,Medium,Negative,Authentication Team,Open
Jessica Torres,amber02@example.org,Premium,USA,Mobile App,Cloud Storage,TKT-CECBFB65DD,Payment not reflected,"after my session expired, I tried to access my account using Microsoft Edge on my iPhone running iOS 17. The system displays 'Payment gateway timeout'.",Billing,High,Negative,Billing Team,Open
Stephanie Lopez,tquinn@example.net,Basic,Brazil,Email,Web Dashboard,TKT-D080E06FE9,Double charged,"I'm really frustrated.

while travelling abroad, I tried to access my account using Google Chrome on my iPad running iPadOS 17. The system displays 'Card declined'.

This is affecting my work.",Billing,Medium,Negative,Billing Team,Open
Kevin Campbell,michaelruiz@example.org,Premium,UAE,Phone,Reporting Engine,TKT-46A3068D0A,Refund confirmation missing,"I'm extremely disappointed.

after enabling two-factor authentication, I tried to access my account using Safari on my Android Phone running Android 14. The system displays 'Payment verification failed'.

This level of service is unacceptable.",Refund,Medium,Negative,Billing Team,Open
Jon Griffith,vcruz@example.com,Enterprise,Singapore,Phone,Reporting Engine,TKT-4E8942D8AB,Change registered email,"This is unacceptable!

after changing my email address, I tried to access my account using Microsoft Edge on my iPhone running iOS 17. The system displays 'Validation failed'.

This level of service is unacceptable.",Account,Medium,Negative,Account Support Team,Open
Wendy Hull,gritter@example.org,Free,India,Mobile App,AI Analytics Platform,TKT-33A8646687,Password reset email not received,"Hello Support Team,

while using office Wi-Fi, I tried to access my account using Safari on my Windows Laptop running Windows 10. The system displays 'Invalid reset token'.

I already used another device, but the issue still persists.

My work is delayed.

I would appreciate your help.",Password Reset,Low,Neutral,Authentication Team,Open
Dawn Parker,scott03@example.net,Premium,Singapore,Mobile App,AI Analytics Platform,TKT-CCD43A1F6F,Automatic payment failed,"after updating the mobile application, I tried to access my account using Google Chrome on my iPhone running iOS 18. The system displays 'Billing service unavailable'.",Billing,Medium,Negative,Billing Team,Open
Jason Gomez,carlos50@example.org,Free,Singapore,Mobile App,Web Dashboard,TKT-37B1F306BC,Organization details incorrect,"I'm really frustrated.

after my session expired, I tried to access my account using Google Chrome on my Android Phone running Android 14. The system displays 'Profile update failed'.

Business information is incorrect.

I need help immediately.",Account,Medium,Neutral,Account Support Team,Open
Gregory Mccullough,keith11@example.org,Free,Singapore,Website,Cloud Storage,TKT-C301AB250A,Payment failed,"after changing my email address, I tried to access my account using Google Chrome on my iPhone running iOS 18. The system displays 'Payment gateway timeout'.

I already tried another payment method, but the issue still persists.

Business operations are affected.",Billing,Medium,Negative,Billing Team,Open
John Gibson,sheena77@example.com,Premium,Canada,Phone,CRM Suite,TKT-6B01D08717,Unable to upgrade plan,"while travelling abroad, I tried to access my account using Google Chrome on my iPad running iPadOS 17. The system displays 'Subscription service unavailable'.

I already logged out and logged back in, but the issue still persists.

Premium features are unavailable.",Subscription,Medium,Negative,Subscription Team,Open
Jason Cole,james07@example.net,Enterprise,Canada,Email,Web Dashboard,TKT-F66B598009,Duplicate payment refund,"after updating the mobile application, I tried to access my account using Mozilla Firefox on my iPhone running iOS 17. The system displays 'Unexpected server error'.

I already checked my bank statement, but the issue still persists.

My funds are still unavailable.",Refund,High,Negative,Billing Team,Open
Rick Travis,brandi86@example.com,Enterprise,India,Phone,CRM Suite,TKT-D7760F7E04,Unable to reset password,"This is unacceptable!

while using office Wi-Fi, I tried to access my account using Safari on my MacBook Pro running macOS Sonoma. The system displays 'OTP expired'.

I'm worried about this issue.

My work is delayed.

This level of service is unacceptable.",Password Reset,Low,Neutral,Authentication Team,Open
Julie Lin,fjones@example.net,Basic,Germany,Chat,CRM Suite,TKT-716900EA4E,Change registered email,"I've already tried everything.

after changing my email address, I tried to access my account using Google Chrome on my MacBook Pro running macOS Sequoia. The system displays 'Validation failed'.

This is becoming difficult.

My team cannot use account features.

I need help immediately.",Account,Low,Neutral,Account Support Team,Open
Christian Luna,ljacobson@example.net,Basic,Germany,Chat,Mobile Application,TKT-3F61B22985,Login page not responding,"This is unacceptable!

after installing the latest version, I tried to access my account using Microsoft Edge on my iPhone running iOS 18. The system displays 'Unexpected server error'.

I'm really frustrated.

I cannot continue my work.

I expect this to be resolved today.",Login,Medium,Negative,Authentication Team,Open
Matthew Duke,vvang@example.org,Enterprise,Canada,Chat,API Platform,TKT-97AE4A5D30,Refund status unavailable,"I'm really frustrated.

after changing my email address, I tried to access my account using Microsoft Edge on my Windows Laptop running Windows 11. The system displays 'Payment verification failed'.

I already verified my payment details, but the issue still persists.

Please fix this soon.",Refund,High,Negative,Billing Team,Open
Dominique Burch,george25@example.org,Enterprise,UAE,Chat,Web Dashboard,TKT-AB3D510116,Credit card declined,"after modifying my account details, I tried to access my account using Microsoft Edge on my iPad running iPadOS 18. The system displays 'Payment gateway timeout'.",Billing,Medium,Negative,Billing Team,Open
Olivia Daugherty,idavis@example.com,Basic,USA,Chat,Mobile Application,TKT-10827CFCFC,Subscription invoice issue,"This issue keeps happening.

after entering the wrong password several times, I tried to access my account using Mozilla Firefox on my Android Phone running Android 15. The system displays 'Subscription service unavailable'.

I'm worried about this issue.

My team cannot continue working.

This is affecting my work.",Subscription,Medium,Negative,Subscription Team,Open
Melissa Bauer,nfry@example.net,Enterprise,UAE,Website,Web Dashboard,TKT-D18A604223,Account locked after multiple attempts,"Hello Support Team,

after my session expired, I tried to access my account using Safari on my Android Phone running Android 14. The system displays 'Session expired'.

Could you please investigate this issue?",Login,High,Negative,Authentication Team,Open
Nicole Horton,fgay@example.org,Enterprise,Germany,Mobile App,Cloud Storage,TKT-B59DD61702,Profile information incorrect,"Can someone explain this?

while connected to mobile data, I tried to access my account using Safari on my Android Phone running Android 15. The system displays 'Profile update failed'.

I already logged out and logged back in, but the issue still persists.

Thank you.",Account,Medium,Neutral,Account Support Team,Open
Victoria Bolton,susanwilliams@example.net,Premium,Canada,Website,Web Dashboard,TKT-5124B4156B,Downgrade request,"I'm extremely disappointed.

after buying a new laptop, I tried to access my account using Microsoft Edge on my iPad running iPadOS 18. The system displays 'Subscription service unavailable'.

I'm really frustrated.

Premium features are unavailable.

Fix this immediately!",Subscription,Medium,Neutral,Subscription Team,Open
Donna Moore,hnicholson@example.net,Basic,UAE,Email,AI Analytics Platform,TKT-663AAD1C5E,Unexpected logout after login,"while using office Wi-Fi, I tried to access my account using Mozilla Firefox on my MacBook Pro running macOS Sonoma. The system displays 'Connection timeout'.

I already reinstalled the application, but the issue still persists.

This issue is impacting productivity.",Login,High,Negative,Authentication Team,Open
Kathleen Banks,uheath@example.com,Basic,UAE,Chat,AI Analytics Platform,TKT-C8335C3D03,Tax calculation issue,"I'm not sure what's happening.

after updating the mobile application, I tried to access my account using Google Chrome on my iPhone running iOS 17. The system displays 'Unexpected payment error'.

I'd appreciate some help.",Billing,Medium,Negative,Billing Team,Open
William Adams,solispenny@example.net,Enterprise,Brazil,Mobile App,Web Dashboard,TKT-9B7A76762B,Subscription not activated,"This is unacceptable!

while using office Wi-Fi, I tried to access my account using Google Chrome on my MacBook Pro running macOS Sequoia. The system displays 'Subscription service unavailable'.

I already logged out and logged back in, but the issue still persists.

Premium features are unavailable.

I expect this to be resolved today.",Subscription,Medium,Neutral,Subscription Team,Open
David Anderson,moorebrian@example.com,Free,Brazil,Website,Cloud Storage,TKT-27D8A65145,Cancel subscription,"Hello,

while travelling abroad, I tried to access my account using Mozilla Firefox on my Android Phone running Android 15. The system displays 'Payment verification failed'.

This problem is affecting my work.

The subscription is inactive.

Can someone help me?",Subscription,Medium,Negative,Subscription Team,Open
Kimberly Hood,simskatherine@example.net,Enterprise,USA,Chat,Mobile Application,TKT-8844CA1DBC,Unable to update profile,"I'm not sure what's happening.

after changing my browser, I tried to access my account using Mozilla Firefox on my iPad running iPadOS 17. The system displays 'Permission denied'.

Thank you.",Account,Low,Neutral,Account Support Team,Open
Jonathan Yates,knappbrian@example.org,Basic,Australia,Website,API Platform,TKT-4F8823D6AD,Account locked,"Good morning,

after resetting my device, I tried to access my account using Mozilla Firefox on my Android Phone running Android 15. The system displays 'Unexpected server error'.

My team cannot use account features.

Thank you in advance.",Account,Low,Neutral,Account Support Team,Open
Sarah Douglas,john81@example.net,Premium,Japan,Phone,Web Dashboard,TKT-F1E3BFC863,Partial refund received,"I'm not sure what's happening.

after resetting my device, I tried to access my account using Google Chrome on my Linux Desktop running Fedora 41. The system displays 'Refund service unavailable'.

I already checked my bank statement, but the issue still persists.

I'd appreciate some help.",Refund,Medium,Negative,Billing Team,Open
James Moreno,chelsea10@example.org,Enterprise,Brazil,Website,AI Analytics Platform,TKT-7969D394F6,Unable to verify account,"Hello,

after resetting my device, I tried to access my account using Mozilla Firefox on my Linux Desktop running Fedora 41. The system displays 'Profile update failed'.

I already used another device, but the issue still persists.

Business information is incorrect.

Thank you in advance.",Account,Low,Negative,Account Support Team,Open
Nancy Hull,sloankathleen@example.com,Premium,Japan,Website,API Platform,TKT-35832188AD,Unable to update profile,"after reinstalling the application, I tried to access my account using Safari on my Windows Laptop running Windows 11. The system displays 'Verification failed'.",Account,Low,Negative,Account Support Team,Open
Cassandra Brewer,jason30@example.org,Enterprise,Canada,Phone,AI Analytics Platform,TKT-2E6AA53325,Login stuck on loading screen,"Hi Team,

after changing my browser, I tried to access my account using Safari on my iPad running iPadOS 17. The system displays 'Access denied'.

This is becoming difficult.

My support team is blocked.

Could you please investigate this issue?",Login,High,Negative,Authentication Team,Open
Amy Walsh,moranmelanie@example.net,Basic,Brazil,Chat,Cloud Storage,TKT-93B07AF191,Unable to access dashboard,"Hello Support Team,

after buying a new laptop, I tried to access my account using Safari on my MacBook Pro running macOS Sequoia. The system displays 'Access denied'.

I'm really frustrated.

This issue is impacting productivity.

Kindly assist me with resolving this problem.",Login,Medium,Negative,Authentication Team,Open
Dr. Amanda Simmons,ewong@example.com,Enterprise,Australia,Chat,Mobile Application,TKT-A92B060558,Cannot create new password,"Hello,

after installing the latest version, I tried to access my account using Google Chrome on my Windows Laptop running Windows 11. The system displays 'Unexpected server error'.

I cannot access my account.

Can someone help me?",Password Reset,Medium,Negative,Authentication Team,Open
Richard Burgess,aprilpark@example.com,Premium,Australia,Website,Mobile Application,TKT-DDB10FFCE9,Request refund,"I'm not sure what's happening.

after updating the mobile application, I tried to access my account using Mozilla Firefox on my Android Phone running Android 14. The system displays 'Payment verification failed'.

I am using Android Phone running Android 14 with Mozilla Firefox.

Thank you.",Refund,Medium,Negative,Billing Team,Open
Jason Valdez,sanchezbrian@example.org,Basic,Canada,Email,API Platform,TKT-293D01CB83,Change registered email,"I've already tried everything.

while connected to mobile data, I tried to access my account using Microsoft Edge on my iPhone running iOS 18. The system displays 'Profile update failed'.

I am using iPhone running iOS 18 with Microsoft Edge.

This is affecting my work.",Account,Medium,Negative,Account Support Team,Open
Meghan Miller,laura97@example.com,Basic,Canada,Chat,CRM Suite,TKT-C802BFF0D0,Login stuck on loading screen,"Dear Support,

after enabling two-factor authentication, I tried to access my account using Google Chrome on my Windows Laptop running Windows 10. The system displays 'Session expired'.

I'm worried about this issue.

This issue is impacting productivity.

I would appreciate your help.",Login,High,Negative,Authentication Team,Open
Jordan Aguirre,jeremy79@example.net,Free,Australia,Mobile App,Reporting Engine,TKT-4639370F0E,Cancel subscription,"I'm really frustrated.

after my session expired, I tried to access my account using Mozilla Firefox on my MacBook Pro running macOS Sequoia. The system displays 'Renewal failed'.

This problem is affecting my work.

Premium features are unavailable.

Please fix this soon.",Subscription,Medium,Neutral,Subscription Team,Open
Victoria Conner,llane@example.net,Premium,Australia,Mobile App,Mobile Application,TKT-254B451EC4,Two-factor authentication failed,"I'm not sure what's happening.

while using office Wi-Fi, I tried to access my account using Safari on my MacBook Pro running macOS Sonoma. The system displays 'Authentication failed'.

I already disabled VPN, but the issue still persists.

Thank you.",Login,High,Negative,Authentication Team,Open
Tiffany Barry,richard83@example.com,Premium,Singapore,Phone,Payment Gateway,TKT-A518DBFBB1,Unable to login,"This issue keeps happening.

after switching to a new phone, I tried to access my account using Google Chrome on my Windows Laptop running Windows 11. The system displays 'Access denied'.

I'm worried about this issue.

My business operations are affected.

Please fix this soon.",Login,High,Negative,Authentication Team,Open
David Brown,sherry22@example.org,Free,Canada,Email,Reporting Engine,TKT-5984B711B8,Refund confirmation missing,"Can someone explain this?

after logging in from another location, I tried to access my account using Google Chrome on my iPhone running iOS 17. The system displays 'Unexpected server error'.

I am using iPhone running iOS 17 with Google Chrome.

Thank you.",Refund,Medium,Negative,Billing Team,Open
Brent Jenkins,ryanlowe@example.net,Premium,United Kingdom,Chat,API Platform,TKT-4BB63FADED,Unable to update profile,"I think I made a mistake.

after modifying my account details, I tried to access my account using Google Chrome on my MacBook Pro running macOS Sonoma. The system displays 'Validation failed'.

This is becoming difficult.

My profile is incomplete.

I'd appreciate some help.",Account,Low,Neutral,Account Support Team,Open
Stephen Wells,jasminesmith@example.com,Basic,Brazil,Phone,AI Analytics Platform,TKT-33CC5CF021,Password reset page not working,"I'm not sure what's happening.

after enabling two-factor authentication, I tried to access my account using Safari on my iPad running iPadOS 18. The system displays 'Invalid reset token'.

I am using iPad running iPadOS 18 with Safari.

I'd appreciate some help.",Password Reset,Medium,Neutral,Authentication Team,Open
Tara Richardson,sgonzalez@example.com,Enterprise,Canada,Chat,Cloud Storage,TKT-0AB6AFC08E,Password change failed,"I'm not sure what's happening.

after my session expired, I tried to access my account using Google Chrome on my iPhone running iOS 18. The system displays 'Invalid reset token'.

I cannot continue using the platform.

I'd appreciate some help.",Password Reset,Low,Negative,Authentication Team,Open
Christopher Patterson,williehorton@example.com,Free,Canada,Phone,Payment Gateway,TKT-F67DE4F39E,Automatic payment failed,"Hello Support Team,

after switching to a new phone, I tried to access my account using Safari on my MacBook Pro running macOS Sequoia. The system displays 'Card declined'.

Could you please investigate this issue?",Billing,High,Negative,Billing Team,Open
Michael Meza,ysmith@example.net,Enterprise,Singapore,Chat,API Platform,TKT-F14265031F,Payment not reflected,"after installing the latest version, I tried to access my account using Google Chrome on my Linux Desktop running Ubuntu 24.04. The system displays 'Billing service unavailable'.",Billing,High,Negative,Billing Team,Open
Mary Armstrong,brandonjohnson@example.org,Enterprise,Singapore,Website,API Platform,TKT-743D517F65,Trial expired unexpectedly,"Can someone explain this?

after changing my browser, I tried to access my account using Microsoft Edge on my MacBook Pro running macOS Sonoma. The system displays 'Renewal failed'.

I already verified my payment, but the issue still persists.

My team cannot continue working.

Please guide me.",Subscription,Medium,Negative,Subscription Team,Open
Stephanie Donovan,rcruz@example.net,Enterprise,Australia,Chat,Reporting Engine,TKT-249C27007A,Subscription missing,"after updating my phone number, I tried to access my account using Mozilla Firefox on my iPhone running iOS 18. The system displays 'Renewal failed'.

I already verified my payment, but the issue still persists.

Premium features are unavailable.",Subscription,Medium,Neutral,Subscription Team,Open
Hannah Stephens,kennethmiller@example.net,Free,USA,Chat,AI Analytics Platform,TKT-E4706D818B,Reset code invalid,"Dear Support,

after changing my browser, I tried to access my account using Google Chrome on my MacBook Pro running macOS Sequoia. The system displays 'Invalid reset token'.

I cannot access my account.

Kindly assist me with resolving this problem.",Password Reset,Medium,Negative,Authentication Team,Open
Nathaniel Blair,sierra02@example.net,Premium,India,Email,API Platform,TKT-68B603132F,Payment failed,"I think I made a mistake.

after modifying my account details, I tried to access my account using Microsoft Edge on my MacBook Pro running macOS Sonoma. The system displays 'Billing service unavailable'.

I already cleared browser cache, but the issue still persists.

Thank you.",Billing,High,Negative,Billing Team,Open
Jonathon Bailey,lori03@example.com,Enterprise,Germany,Chat,CRM Suite,TKT-92A458728E,Organization details incorrect,"Good morning,

while connected to mobile data, I tried to access my account using Google Chrome on my Android Phone running Android 15. The system displays 'Verification failed'.

I am using Android Phone running Android 15 with Google Chrome.

Can someone help me?",Account,Medium,Negative,Account Support Team,Open
Joshua Perez,tonya94@example.org,Free,United Kingdom,Phone,AI Analytics Platform,TKT-B082B9ADD6,Password reset email not received,"after changing my browser, I tried to access my account using Google Chrome on my MacBook Pro running macOS Sequoia. The system displays 'Verification failed'.

I already used another device, but the issue still persists.

My work is delayed.",Password Reset,Low,Negative,Authentication Team,Open
Courtney Morales,charlesgreene@example.org,Basic,Singapore,Mobile App,CRM Suite,TKT-128C99A9FA,Account locked after multiple attempts,"Hello,

after updating my phone number, I tried to access my account using Safari on my Linux Desktop running Fedora 41. The system displays 'Invalid credentials'.

Please assist me.",Login,Medium,Negative,Authentication Team,Open
Scott Smith,whiteheadshannon@example.net,Premium,Australia,Phone,Payment Gateway,TKT-71B57B63AB,Credit card declined,"I've already tried everything.

after updating the mobile application, I tried to access my account using Microsoft Edge on my Windows Laptop running Windows 10. The system displays 'Billing service unavailable'.

This problem is affecting my work.

Our finance team is waiting for this invoice.

Please fix this soon.",Billing,High,Negative,Billing Team,Open
Dr. Phillip Lawrence III,michelle27@example.net,Basic,Brazil,Mobile App,CRM Suite,TKT-A99348B291,Tax calculation issue,"Hi Team,

while using office Wi-Fi, I tried to access my account using Google Chrome on my iPad running iPadOS 17. The system displays 'Unexpected payment error'.

I'm worried about this issue.

Business operations are affected.

Looking forward to your response.",Billing,High,Negative,Billing Team,Open
Cindy Walker,williamlowe@example.org,Enterprise,Singapore,Phone,Mobile Application,TKT-48547CAF21,Subscription not activated,"after reinstalling the application, I tried to access my account using Google Chrome on my MacBook Pro running macOS Sonoma. The system displays 'Plan activation failed'.",Subscription,Medium,Neutral,Subscription Team,Open
Nina Sanchez,riverawilliam@example.net,Premium,USA,Mobile App,Web Dashboard,TKT-A94E863106,Password reset loop,"while using office Wi-Fi, I tried to access my account using Safari on my Windows Laptop running Windows 10. The system displays 'Invalid reset token'.",Password Reset,Low,Negative,Authentication Team,Open
John Brown,juliegraham@example.org,Enterprise,Singapore,Website,AI Analytics Platform,TKT-E571BA699A,Authentication error,"while travelling abroad, I tried to access my account using Mozilla Firefox on my Android Phone running Android 14. The system displays 'Invalid credentials'.

I already reinstalled the application, but the issue still persists.

My support team is blocked.",Login,Medium,Negative,Authentication Team,Open
Penny Russell,gonzalezcarrie@example.org,Enterprise,UAE,Chat,AI Analytics Platform,TKT-E76BD53178,Refund rejected,"I'm really frustrated.

while connected to mobile data, I tried to access my account using Microsoft Edge on my iPhone running iOS 18. The system displays 'Unexpected server error'.

I already contacted customer support, but the issue still persists.

This is affecting my business expenses.

Please fix this soon.",Refund,High,Negative,Billing Team,Open
Tricia Higgins DDS,rosariomichelle@example.org,Premium,Brazil,Mobile App,AI Analytics Platform,TKT-A7DA273C2C,Unable to verify account,"I've already tried everything.

after changing my email address, I tried to access my account using Google Chrome on my Linux Desktop running Ubuntu 24.04. The system displays 'Validation failed'.

I am using Linux Desktop running Ubuntu 24.04 with Google Chrome.

Please fix this soon.",Account,Medium,Negative,Account Support Team,Open
Chase Fernandez,pshaffer@example.org,Premium,Australia,Mobile App,Payment Gateway,TKT-F0FE3D3B59,Automatic payment failed,"Why is this still happening?

after modifying my account details, I tried to access my account using Mozilla Firefox on my Android Phone running Android 14. The system displays 'Transaction failed'.

I already used another browser, but the issue still persists.

I expect this to be resolved today.",Billing,High,Negative,Billing Team,Open
Kelly Johnson,lorijohnson@example.org,Premium,Brazil,Website,Web Dashboard,TKT-91EC172061,Phone number update failed,"This issue keeps happening.

after entering the wrong password several times, I tried to access my account using Microsoft Edge on my MacBook Pro running macOS Sonoma. The system displays 'Verification failed'.

This is becoming difficult.

My profile is incomplete.

Please fix this soon.",Account,Low,Neutral,Account Support Team,Open
Kara Clark,clinton16@example.com,Enterprise,Brazil,Mobile App,CRM Suite,TKT-DA4933706B,Cancel subscription,"while using office Wi-Fi, I tried to access my account using Google Chrome on my MacBook Pro running macOS Sonoma. The system displays 'Payment verification failed'.",Subscription,Medium,Neutral,Subscription Team,Open
Gina Herrera,mitchell36@example.com,Enterprise,Canada,Mobile App,CRM Suite,TKT-A876DE63FF,Cannot create new password,"This issue keeps happening.

after reinstalling the application, I tried to access my account using Microsoft Edge on my Windows Laptop running Windows 11. The system displays 'Verification failed'.

This problem is affecting my work.

My team cannot access shared resources.

I need help immediately.",Password Reset,Low,Neutral,Authentication Team,Open
Eric Flores,benjaminjenkins@example.com,Enterprise,Singapore,Website,AI Analytics Platform,TKT-1860D9DD7D,Reset code invalid,"Can someone explain this?

after updating my phone number, I tried to access my account using Google Chrome on my iPad running iPadOS 18. The system displays 'Invalid reset token'.

I cannot continue using the platform.

I'd appreciate some help.",Password Reset,Medium,Negative,Authentication Team,Open
Kelly Snow,eellis@example.net,Premium,India,Phone,Web Dashboard,TKT-001003D38A,Unable to update profile,"Hi Team,

after buying a new laptop, I tried to access my account using Safari on my iPhone running iOS 17. The system displays 'Unexpected server error'.

I already used another device, but the issue still persists.

My team cannot use account features.

Could you please investigate this issue?",Account,Medium,Negative,Account Support Team,Open
Chelsea Hayes,romerostephen@example.org,Basic,Singapore,Website,Cloud Storage,TKT-6842F9F907,Request refund,"I think I made a mistake.

after my session expired, I tried to access my account using Microsoft Edge on my MacBook Pro running macOS Sequoia. The system displays 'Payment verification failed'.

I already verified my payment details, but the issue still persists.

This is affecting my business expenses.

Thank you.",Refund,High,Negative,Billing Team,Open
Henry Cohen,nguyensarah@example.com,Basic,Germany,Mobile App,CRM Suite,TKT-F819358318,Billing statement incorrect,"I'm really frustrated.

while travelling abroad, I tried to access my account using Safari on my Linux Desktop running Ubuntu 24.04. The system displays 'Billing service unavailable'.

I am using Linux Desktop running Ubuntu 24.04 with Safari.

This is affecting my work.",Billing,High,Negative,Billing Team,Open
Lawrence Daniels,asilva@example.net,Enterprise,Australia,Email,Payment Gateway,TKT-BC836BCCFF,Cancel subscription,"after installing the latest version, I tried to access my account using Google Chrome on my Android Phone running Android 15. The system displays 'Plan activation failed'.

I already used another browser, but the issue still persists.

My team cannot continue working.",Subscription,Medium,Neutral,Subscription Team,Open
Abigail Richardson,jonesmark@example.net,Basic,United Kingdom,Phone,Reporting Engine,TKT-7B7B35A44A,Payment not reflected,"I'm extremely disappointed.

after changing my browser, I tried to access my account using Mozilla Firefox on my iPad running iPadOS 18. The system displays 'Transaction failed'.

Our subscription has been interrupted.

Fix this immediately!",Billing,Medium,Negative,Billing Team,Open
Megan Booth,williamsdavid@example.net,Premium,Australia,Email,Mobile Application,TKT-EFBE72E7CA,Account locked,"Hi,

while using office Wi-Fi, I tried to access my account using Microsoft Edge on my Android Phone running Android 15. The system displays 'Profile update failed'.

I already updated my browser, but the issue still persists.

Thank you in advance.",Account,Low,Negative,Account Support Team,Open
Noah Landry,joshua91@example.net,Enterprise,UAE,Website,AI Analytics Platform,TKT-EE054C7FD0,Cancelled order refund,"I've already tried everything.

after updating my phone number, I tried to access my account using Google Chrome on my Android Phone running Android 15. The system displays 'Payment verification failed'.

The payment has not been returned.

Please fix this soon.",Refund,Medium,Negative,Billing Team,Open
Michelle Gutierrez,jennifer24@example.net,Enterprise,India,Phone,API Platform,TKT-7FDF633BA6,Subscription renewal failed,"I'm not sure what's happening.

after my session expired, I tried to access my account using Safari on my MacBook Pro running macOS Sonoma. The system displays 'Subscription service unavailable'.

I already used another browser, but the issue still persists.

Please guide me.",Subscription,Medium,Negative,Subscription Team,Open
Dr. Andrew Mcdowell,daniel73@example.net,Basic,Germany,Chat,Mobile Application,TKT-A1691D5E32,Login page not responding,"I think I made a mistake.

after changing my browser, I tried to access my account using Mozilla Firefox on my iPhone running iOS 17. The system displays 'Internal server error'.

I am using iPhone running iOS 17 with Mozilla Firefox.

Thank you.",Login,High,Negative,Authentication Team,Open
Tiffany Steele,brooke72@example.com,Enterprise,Australia,Chat,Cloud Storage,TKT-B567131EAC,Plan changed automatically,"while connected to mobile data, I tried to access my account using Google Chrome on my iPad running iPadOS 18. The system displays 'Renewal failed'.",Subscription,Medium,Neutral,Subscription Team,Open
Donna Jefferson,traviscaitlin@example.net,Premium,USA,Website,CRM Suite,TKT-06C7421303,Invoice missing,"Hi Team,

after switching to a new phone, I tried to access my account using Mozilla Firefox on my Windows Laptop running Windows 10. The system displays 'Billing service unavailable'.

Could you please investigate this issue?",Billing,High,Negative,Billing Team,Open
Kristy Howard DDS,cummingsjennifer@example.org,Free,Germany,Mobile App,Cloud Storage,TKT-18D0A392D4,Unable to update profile,"Hi,

after switching to a new phone, I tried to access my account using Mozilla Firefox on my Linux Desktop running Fedora 41. The system displays 'Verification failed'.

I already updated my browser, but the issue still persists.

My profile is incomplete.

Can someone help me?",Account,Medium,Negative,Account Support Team,Open
Ashley Kelley,ocalderon@example.org,Enterprise,Singapore,Phone,Mobile Application,TKT-5779CE77F4,Plan changed automatically,"after changing my browser, I tried to access my account using Microsoft Edge on my Android Phone running Android 15. The system displays 'Renewal failed'.",Subscription,Medium,Negative,Subscription Team,Open
Andrew Moreno,harriswilliam@example.net,Enterprise,Germany,Phone,Web Dashboard,TKT-90C69C4055,Account locked,"This issue keeps happening.

after installing the latest version, I tried to access my account using Safari on my MacBook Pro running macOS Sonoma. The system displays 'Unexpected server error'.

I already cleared browser cache, but the issue still persists.

I need help immediately.",Account,Medium,Negative,Account Support Team,Open
Robert Miranda,hollowaydanielle@example.com,Enterprise,USA,Chat,Payment Gateway,TKT-5D784A7A38,Cannot create new password,"I'm not sure what's happening.

after enabling two-factor authentication, I tried to access my account using Safari on my iPhone running iOS 18. The system displays 'Invalid reset token'.

I already cleared browser cache, but the issue still persists.

My team cannot access shared resources.

I'd appreciate some help.",Password Reset,Low,Negative,Authentication Team,Open
Amanda Garcia,denisemorris@example.net,Basic,United Kingdom,Phone,Web Dashboard,TKT-49364E0202,Password reset email not received,"after resetting my device, I tried to access my account using Google Chrome on my MacBook Pro running macOS Sonoma. The system displays 'Unexpected server error'.

I already requested another reset email, but the issue still persists.

My team cannot access shared resources.",Password Reset,Medium,Neutral,Authentication Team,Open
Destiny Nolan,michael26@example.org,Enterprise,Canada,Mobile App,Payment Gateway,TKT-BFC43BFB22,Reset link expired,"Hello,

while travelling abroad, I tried to access my account using Mozilla Firefox on my MacBook Pro running macOS Sequoia. The system displays 'Verification failed'.

I already cleared browser cache, but the issue still persists.

I cannot continue using the platform.

Can someone help me?",Password Reset,Low,Negative,Authentication Team,Open
Donald Howe,kathrynharris@example.net,Premium,Brazil,Mobile App,AI Analytics Platform,TKT-2AAC67E25A,Refund processing failed,"after entering the wrong password several times, I tried to access my account using Google Chrome on my Linux Desktop running Fedora 41. The system displays 'Refund processing failed'.

I already contacted customer support, but the issue still persists.

My funds are still unavailable.",Refund,High,Negative,Billing Team,Open
Willie Sullivan,timfreeman@example.net,Premium,United Kingdom,Chat,Reporting Engine,TKT-E920F39F1C,Refund taking too long,"Can someone explain this?

after entering the wrong password several times, I tried to access my account using Mozilla Firefox on my Linux Desktop running Fedora 41. The system displays 'Unexpected server error'.

Thank you.",Refund,High,Negative,Billing Team,Open
Brian Leon,gcarpenter@example.org,Enterprise,UAE,Email,Cloud Storage,TKT-EEE6E27247,Refund status unavailable,"I've already tried everything.

after reinstalling the application, I tried to access my account using Safari on my Linux Desktop running Fedora 41. The system displays 'Payment verification failed'.

I already verified my payment details, but the issue still persists.

This is affecting my work.",Refund,High,Negative,Billing Team,Open
Jeanette Landry,jonesrhonda@example.net,Free,Australia,Email,CRM Suite,TKT-15E3A33687,Cannot sign in,"Hi,

after enabling two-factor authentication, I tried to access my account using Microsoft Edge on my Android Phone running Android 14. The system displays 'Unexpected server error'.

I already cleared browser cache, but the issue still persists.

I cannot continue my work.

Can someone help me?",Login,Medium,Negative,Authentication Team,Open
Mr. Jason Price,abartlett@example.net,Free,Australia,Phone,CRM Suite,TKT-AFFFFF4DA3,Automatic payment failed,"I'm extremely disappointed.

after entering the wrong password several times, I tried to access my account using Google Chrome on my iPad running iPadOS 18. The system displays 'Payment gateway timeout'.

This problem is affecting my work.

Business operations are affected.

This level of service is unacceptable.",Billing,High,Negative,Billing Team,Open
Natasha Townsend,heathervincent@example.com,Basic,Germany,Website,Web Dashboard,TKT-A2A5149656,Plan changed automatically,"This is unacceptable!

after modifying my account details, I tried to access my account using Microsoft Edge on my iPhone running iOS 18. The system displays 'Plan activation failed'.

I am using iPhone running iOS 18 with Microsoft Edge.

I expect this to be resolved today.",Subscription,Medium,Neutral,Subscription Team,Open
Ethan Smith,carolgraham@example.com,Premium,Singapore,Website,Reporting Engine,TKT-6724808CB1,Profile information incorrect,"I'm extremely disappointed.

after changing my browser, I tried to access my account using Mozilla Firefox on my MacBook Pro running macOS Sonoma. The system displays 'Verification failed'.

My team cannot use account features.

Fix this immediately!",Account,Low,Neutral,Account Support Team,Open
David White,desireepeterson@example.org,Premium,Singapore,Email,Reporting Engine,TKT-B65C26AED0,Trial expired unexpectedly,"I'm not sure what's happening.

while travelling abroad, I tried to access my account using Mozilla Firefox on my iPad running iPadOS 17. The system displays 'Payment verification failed'.

I'd appreciate some help.",Subscription,Medium,Neutral,Subscription Team,Open
Dr. Linda Day DDS,leejonathan@example.net,Basic,Australia,Website,Reporting Engine,TKT-7A726E4E94,Double charged,"while travelling abroad, I tried to access my account using Google Chrome on my iPad running iPadOS 17. The system displays 'Unexpected payment error'.",Billing,Medium,Negative,Billing Team,Open
Samantha Barton,martinezzachary@example.com,Basic,Brazil,Email,Reporting Engine,TKT-E9C172B8C4,Login page not responding,"I think I made a mistake.

after my session expired, I tried to access my account using Google Chrome on my iPad running iPadOS 17. The system displays 'Invalid credentials'.

I already tried another browser, but the issue still persists.

Please guide me.",Login,High,Negative,Authentication Team,Open
Raymond Buchanan,tmiller@example.net,Basic,Canada,Email,AI Analytics Platform,TKT-1E317AC768,Unable to update profile,"This issue keeps happening.

after resetting my device, I tried to access my account using Mozilla Firefox on my Linux Desktop running Ubuntu 24.04. The system displays 'Validation failed'.

I'm really frustrated.

My team cannot use account features.

This is affecting my work.",Account,Medium,Neutral,Account Support Team,Open
Jessica Lee,michaelcook@example.org,Premium,India,Chat,AI Analytics Platform,TKT-83B2F069D4,Automatic payment failed,"Dear Support,

after updating my phone number, I tried to access my account using Safari on my iPhone running iOS 18. The system displays 'Card declined'.

I'm really frustrated.

Our subscription has been interrupted.

Could you please investigate this issue?",Billing,High,Negative,Billing Team,Open
Lauren Hawkins,uvargas@example.net,Premium,Germany,Website,Reporting Engine,TKT-2B3A5CF892,Invoice missing,"Hello,

after my session expired, I tried to access my account using Google Chrome on my Windows Laptop running Windows 11. The system displays 'Card declined'.

I already contacted my bank, but the issue still persists.

Business operations are affected.

Can someone help me?",Billing,High,Negative,Billing Team,Open
Amanda Howard,sandovalsummer@example.org,Free,UAE,Chat,Mobile Application,TKT-D4611E4BCA,Downgrade request,"Hello,

after my session expired, I tried to access my account using Mozilla Firefox on my Windows Laptop running Windows 11. The system displays 'Plan activation failed'.

I already verified my payment, but the issue still persists.

Can someone help me?",Subscription,Medium,Neutral,Subscription Team,Open
Tami Terry,thammond@example.net,Basic,Germany,Email,Mobile Application,TKT-25E6E6FEB3,Trial expired unexpectedly,"Hello Support Team,

after changing my browser, I tried to access my account using Safari on my Windows Laptop running Windows 10. The system displays 'Plan activation failed'.

This problem is affecting my work.

The subscription is inactive.

Looking forward to your response.",Subscription,Medium,Negative,Subscription Team,Open
Noah Scott,millergregory@example.com,Free,Australia,Website,Mobile Application,TKT-D85114BCDB,Unable to login,"Hello Support Team,

after resetting my device, I tried to access my account using Mozilla Firefox on my Linux Desktop running Ubuntu 24.04. The system displays 'Access denied'.

Looking forward to your response.",Login,High,Negative,Authentication Team,Open
Rick Wright,devincarter@example.com,Enterprise,Japan,Website,API Platform,TKT-A95575EF8A,Change registered email,"Hi,

after changing my email address, I tried to access my account using Safari on my MacBook Pro running macOS Sonoma. The system displays 'Validation failed'.

I already used another device, but the issue still persists.

Can someone help me?",Account,Low,Neutral,Account Support Team,Open
Aaron Klein,phillipswhitney@example.org,Enterprise,Japan,Website,Payment Gateway,TKT-3AB7A35BE1,Partial refund received,"Hi Team,

while using office Wi-Fi, I tried to access my account using Google Chrome on my Android Phone running Android 14. The system displays 'Payment verification failed'.

I would appreciate your help.",Refund,High,Negative,Billing Team,Open
Jeremy Chandler,jacquelinesmith@example.org,Enterprise,Japan,Email,Mobile Application,TKT-949A8F98D1,Password change failed,"Can someone explain this?

after changing my browser, I tried to access my account using Safari on my Windows Laptop running Windows 11. The system displays 'OTP expired'.

Thank you.",Password Reset,Medium,Negative,Authentication Team,Open
Michelle Griffith,bradgraham@example.com,Enterprise,India,Phone,Web Dashboard,TKT-124DDA2DE4,Login page not responding,"I'm really frustrated.

after logging in from another location, I tried to access my account using Safari on my Android Phone running Android 14. The system displays 'Invalid credentials'.

I am using Android Phone running Android 14 with Safari.

Please fix this soon.",Login,High,Negative,Authentication Team,Open
Linda Miller,petersenshaun@example.net,Basic,Canada,Website,Cloud Storage,TKT-41083ED3F2,Password reset loop,"Why is this still happening?

after modifying my account details, I tried to access my account using Mozilla Firefox on my Windows Laptop running Windows 11. The system displays 'Email not recognized'.

My work is delayed.

I expect this to be resolved today.",Password Reset,Low,Neutral,Authentication Team,Open
Hunter Smith,amybarnett@example.com,Basic,USA,Phone,AI Analytics Platform,TKT-4341DFDDE7,Refund status unavailable,"Hi,

after my session expired, I tried to access my account using Google Chrome on my iPad running iPadOS 18. The system displays 'Refund processing failed'.

This is becoming difficult.

This is affecting my business expenses.

Thank you in advance.",Refund,High,Negative,Billing Team,Open
Jonathan Hoffman,julia44@example.net,Basic,Australia,Mobile App,Reporting Engine,TKT-087E3B8426,Incorrect billing amount,"Dear Support,

after logging in from another location, I tried to access my account using Safari on my Android Phone running Android 15. The system displays 'Unexpected payment error'.

I already retried the payment, but the issue still persists.

I would appreciate your help.",Billing,High,Negative,Billing Team,Open
Henry Duffy,kyleboyer@example.com,Enterprise,Brazil,Mobile App,API Platform,TKT-4CBEFB2093,Trial expired unexpectedly,"Hello,

after resetting my device, I tried to access my account using Mozilla Firefox on my iPad running iPadOS 17. The system displays 'Renewal failed'.

The subscription is inactive.

Can someone help me?",Subscription,Medium,Negative,Subscription Team,Open
Heather Cook,bterrell@example.net,Basic,UAE,Website,CRM Suite,TKT-14C7FD91A7,Change registered email,"Can someone explain this?

after modifying my account details, I tried to access my account using Safari on my Linux Desktop running Ubuntu 24.04. The system displays 'Validation failed'.

I already cleared browser cache, but the issue still persists.

I'd appreciate some help.",Account,Low,Neutral,Account Support Team,Open
Tara Young,lucaslaura@example.com,Basic,United Kingdom,Phone,Payment Gateway,TKT-03974CCC9E,Billing statement incorrect,"I'm not sure what's happening.

after updating my phone number, I tried to access my account using Safari on my Android Phone running Android 15. The system displays 'Payment gateway timeout'.

I already used another browser, but the issue still persists.

Our subscription has been interrupted.

Please guide me.",Billing,Medium,Negative,Billing Team,Open
Collin Quinn,kyle06@example.net,Premium,Brazil,Phone,Mobile Application,TKT-39F98B08DA,Subscription not activated,"I'm really frustrated.

after my session expired, I tried to access my account using Mozilla Firefox on my Android Phone running Android 14. The system displays 'Payment verification failed'.

I need help immediately.",Subscription,Medium,Neutral,Subscription Team,Open
Matthew Williams,tanya88@example.org,Enterprise,Singapore,Chat,Web Dashboard,TKT-45D40EE6A9,Automatic payment failed,"Can someone explain this?

after changing my email address, I tried to access my account using Safari on my Windows Laptop running Windows 10. The system displays 'Card declined'.

I already retried the payment, but the issue still persists.

I cannot complete my purchase.

Please guide me.",Billing,Medium,Negative,Billing Team,Open
Teresa Adams,peterschristine@example.org,Basic,USA,Mobile App,Payment Gateway,TKT-75C936A6F9,Reset link expired,"This is unacceptable!

after my session expired, I tried to access my account using Microsoft Edge on my MacBook Pro running macOS Sequoia. The system displays 'Invalid reset token'.

This is becoming difficult.

I cannot access my account.

Fix this immediately!",Password Reset,Medium,Neutral,Authentication Team,Open
Robert Morales,lisa05@example.net,Basic,India,Website,Web Dashboard,TKT-23C52FB7D1,Subscription renewal failed,"after my session expired, I tried to access my account using Microsoft Edge on my iPad running iPadOS 17. The system displays 'Payment verification failed'.",Subscription,Medium,Negative,Subscription Team,Open
Carla Caldwell,robertstewart@example.com,Enterprise,USA,Chat,Web Dashboard,TKT-C19144866B,Downgrade request,"I'm not sure what's happening.

while connected to mobile data, I tried to access my account using Mozilla Firefox on my Windows Laptop running Windows 10. The system displays 'Subscription service unavailable'.

I already logged out and logged back in, but the issue still persists.

Please guide me.",Subscription,Medium,Negative,Subscription Team,Open
Shannon Hendrix,mackenzie67@example.org,Premium,Japan,Mobile App,Web Dashboard,TKT-D782401597,Password reset loop,"Dear Support,

after enabling two-factor authentication, I tried to access my account using Safari on my MacBook Pro running macOS Sonoma. The system displays 'Verification failed'.

I already cleared browser cache, but the issue still persists.

I cannot access my account.

I would appreciate your help.",Password Reset,Medium,Negative,Authentication Team,Open
Bryan Nguyen,karen08@example.com,Free,USA,Phone,AI Analytics Platform,TKT-5905560EBC,Refund confirmation missing,"Dear Support,

while connected to mobile data, I tried to access my account using Safari on my iPhone running iOS 17. The system displays 'Unexpected server error'.

Looking forward to your response.",Refund,High,Negative,Billing Team,Open
Michelle Fuller,vroach@example.com,Premium,UAE,Website,Reporting Engine,TKT-885EC373AB,Cannot sign in,"I'm not sure what's happening.

after logging in from another location, I tried to access my account using Microsoft Edge on my iPad running iPadOS 18. The system displays 'Access denied'.

I already disabled VPN, but the issue still persists.

My support team is blocked.

Please guide me.",Login,High,Negative,Authentication Team,Open
James Mclaughlin,rturner@example.com,Premium,Brazil,Website,CRM Suite,TKT-A07F05DEE3,Password reset loop,"Hello Support Team,

after reinstalling the application, I tried to access my account using Mozilla Firefox on my Windows Laptop running Windows 10. The system displays 'OTP expired'.

This is becoming difficult.

I cannot continue using the platform.

Could you please investigate this issue?",Password Reset,Low,Neutral,Authentication Team,Open
Meghan Ferguson,knightmichael@example.com,Basic,UAE,Mobile App,Web Dashboard,TKT-69C5C33400,Unable to upgrade plan,"I'm really frustrated.

while connected to mobile data, I tried to access my account using Google Chrome on my iPad running iPadOS 18. The system displays 'Payment verification failed'.

I already used another browser, but the issue still persists.

The subscription is inactive.

Please fix this soon.",Subscription,Medium,Neutral,Subscription Team,Open
Frank Williams,angela12@example.org,Enterprise,India,Phone,AI Analytics Platform,TKT-26E511A692,Cannot create new password,"I'm really frustrated.

while using office Wi-Fi, I tried to access my account using Safari on my Android Phone running Android 15. The system displays 'Email not recognized'.

I am using Android Phone running Android 15 with Safari.

I need help immediately.",Password Reset,Medium,Neutral,Authentication Team,Open
Keith Rodgers,nolsen@example.net,Premium,Australia,Website,AI Analytics Platform,TKT-F775EFE697,Forgot password issue,"I've already tried everything.

after my session expired, I tried to access my account using Safari on my Android Phone running Android 15. The system displays 'Unexpected server error'.

I am using Android Phone running Android 15 with Safari.

Please fix this soon.",Password Reset,Medium,Negative,Authentication Team,Open
Valerie Nash,yvonnewilliams@example.com,Premium,Germany,Email,CRM Suite,TKT-795998A9C3,Unable to update profile,"I've already tried everything.

after buying a new laptop, I tried to access my account using Mozilla Firefox on my Linux Desktop running Ubuntu 24.04. The system displays 'Validation failed'.

I need help immediately.",Account,Low,Negative,Account Support Team,Open
Christian Gibson,bgonzales@example.org,Enterprise,Canada,Phone,AI Analytics Platform,TKT-72E23FD92A,Premium features unavailable,"Good morning,

after resetting my device, I tried to access my account using Mozilla Firefox on my MacBook Pro running macOS Sonoma. The system displays 'Renewal failed'.

I already used another browser, but the issue still persists.

Please assist me.",Subscription,Medium,Negative,Subscription Team,Open
Samantha Williams,guzmankristin@example.com,Premium,Singapore,Chat,AI Analytics Platform,TKT-57C9CC5B68,Credit card declined,"after entering the wrong password several times, I tried to access my account using Safari on my MacBook Pro running macOS Sequoia. The system displays 'Billing service unavailable'.",Billing,Medium,Negative,Billing Team,Open
Wendy Hernandez,reedelizabeth@example.net,Basic,UAE,Website,AI Analytics Platform,TKT-055BD0D427,Forgot password issue,"This issue keeps happening.

after buying a new laptop, I tried to access my account using Mozilla Firefox on my iPad running iPadOS 17. The system displays 'Invalid reset token'.

I'm worried about this issue.

My work is delayed.

Please fix this soon.",Password Reset,Medium,Neutral,Authentication Team,Open
Caitlin Steele,grayjessica@example.org,Free,Brazil,Chat,CRM Suite,TKT-9E8FD8B20F,Subscription missing,"after logging in from another location, I tried to access my account using Mozilla Firefox on my MacBook Pro running macOS Sequoia. The system displays 'Payment verification failed'.

I already logged out and logged back in, but the issue still persists.

The subscription is inactive.",Subscription,Medium,Neutral,Subscription Team,Open
Elizabeth Cox,marymoore@example.net,Premium,Singapore,Mobile App,Web Dashboard,TKT-72EA29AB8D,Phone number update failed,"Can someone explain this?

after enabling two-factor authentication, I tried to access my account using Google Chrome on my Android Phone running Android 14. The system displays 'Unexpected server error'.

I already updated my browser, but the issue still persists.

My team cannot use account features.

I'd appreciate some help.",Account,Medium,Negative,Account Support Team,Open
Jennifer Riley,bradleyrice@example.com,Premium,UAE,Mobile App,API Platform,TKT-5377DA6C1C,Cannot sign in,"I think I made a mistake.

after enabling two-factor authentication, I tried to access my account using Safari on my Windows Laptop running Windows 10. The system displays 'Session expired'.

This problem is affecting my work.

My business operations are affected.

I'd appreciate some help.",Login,High,Negative,Authentication Team,Open
James Rogers,dkerr@example.net,Enterprise,United Kingdom,Chat,API Platform,TKT-CB0F3590BB,Two-factor authentication failed,"I'm really frustrated.

after logging in from another location, I tried to access my account using Safari on my MacBook Pro running macOS Sonoma. The system displays 'Session expired'.

I am using MacBook Pro running macOS Sonoma with Safari.

This is affecting my work.",Login,Medium,Negative,Authentication Team,Open
William Schwartz,rodriguezpeter@example.org,Enterprise,Germany,Email,CRM Suite,TKT-04FE76356C,Password reset loop,"I've already tried everything.

after changing my email address, I tried to access my account using Microsoft Edge on my iPhone running iOS 18. The system displays 'Reset token expired'.

This is becoming difficult.

My work is delayed.

I need help immediately.",Password Reset,Medium,Neutral,Authentication Team,Open
Christy Thompson,collinsheidi@example.org,Premium,Japan,Website,Payment Gateway,TKT-38BF120FC9,Unable to verify account,"Hi,

after reinstalling the application, I tried to access my account using Microsoft Edge on my Windows Laptop running Windows 10. The system displays 'Unexpected server error'.

My team cannot use account features.

Thank you in advance.",Account,Medium,Neutral,Account Support Team,Open
Brett Williams,xhines@example.org,Enterprise,USA,Chat,Cloud Storage,TKT-91403B3CBE,Unable to verify account,"after logging in from another location, I tried to access my account using Microsoft Edge on my iPad running iPadOS 17. The system displays 'Unexpected server error'.

I already logged out and logged back in, but the issue still persists.

Business information is incorrect.",Account,Low,Negative,Account Support Team,Open
Daniel Aguilar,ltaylor@example.org,Enterprise,Germany,Mobile App,Web Dashboard,TKT-A30E58722B,Trial expired unexpectedly,"I think I made a mistake.

after resetting my device, I tried to access my account using Microsoft Edge on my iPhone running iOS 17. The system displays 'Renewal failed'.

This problem is affecting my work.

Premium features are unavailable.

Please guide me.",Subscription,Medium,Neutral,Subscription Team,Open
Richard Carey,christophersmith@example.com,Enterprise,Germany,Website,Cloud Storage,TKT-07D85A070F,Refund rejected,"Can someone explain this?

after entering the wrong password several times, I tried to access my account using Mozilla Firefox on my iPad running iPadOS 18. The system displays 'Unexpected server error'.

Please guide me.",Refund,High,Negative,Billing Team,Open
Claudia Wiley,jodiwallace@example.net,Enterprise,United Kingdom,Email,API Platform,TKT-A3CBB3FB4F,Billing statement incorrect,"Good day,

while connected to mobile data, I tried to access my account using Mozilla Firefox on my iPad running iPadOS 18. The system displays 'Transaction failed'.

This is becoming difficult.

Our subscription has been interrupted.

I would appreciate your help.",Billing,Medium,Negative,Billing Team,Open
Corey Dillon,jason68@example.com,Enterprise,Japan,Website,CRM Suite,TKT-7336A7E950,Partial refund received,"I'm extremely disappointed.

after logging in from another location, I tried to access my account using Safari on my iPhone running iOS 18. The system displays 'Unexpected server error'.

I already checked my bank statement, but the issue still persists.

The payment has not been returned.

I expect this to be resolved today.",Refund,High,Negative,Billing Team,Open
Heather Wilkinson,davidmills@example.net,Premium,Singapore,Chat,AI Analytics Platform,TKT-9A1EB60E8F,Subscription invoice issue,"I think I made a mistake.

after logging in from another location, I tried to access my account using Mozilla Firefox on my iPad running iPadOS 17. The system displays 'Renewal failed'.

I already verified my payment, but the issue still persists.

Premium features are unavailable.

Please guide me.",Subscription,Medium,Neutral,Subscription Team,Open
Robert Wallace,edwardhall@example.org,Free,Germany,Mobile App,CRM Suite,TKT-AEE7056585,Refund processing failed,"I'm really frustrated.

after logging in from another location, I tried to access my account using Mozilla Firefox on my Android Phone running Android 14. The system displays 'Refund service unavailable'.

I already verified my payment details, but the issue still persists.

This is affecting my work.",Refund,High,Negative,Billing Team,Open
David Ruiz,lisa19@example.org,Enterprise,Australia,Chat,Reporting Engine,TKT-F31CEC6C24,Unable to update profile,"Good day,

after reinstalling the application, I tried to access my account using Microsoft Edge on my Linux Desktop running Ubuntu 24.04. The system displays 'Validation failed'.

Business information is incorrect.

Looking forward to your response.",Account,Low,Neutral,Account Support Team,Open
Jennifer Spence,jeremyleon@example.net,Basic,United Kingdom,Email,Web Dashboard,TKT-FB57BA7761,Forgot password issue,"Hello Support Team,

after installing the latest version, I tried to access my account using Mozilla Firefox on my iPad running iPadOS 17. The system displays 'Unexpected server error'.

This is becoming difficult.

I cannot access my account.

Could you please investigate this issue?",Password Reset,Low,Negative,Authentication Team,Open
Jason Allen,jessica19@example.org,Enterprise,Brazil,Mobile App,Payment Gateway,TKT-9CBC98D284,Subscription invoice issue,"after entering the wrong password several times, I tried to access my account using Microsoft Edge on my iPad running iPadOS 17. The system displays 'Plan activation failed'.",Subscription,Medium,Negative,Subscription Team,Open
Mary Perez,ksims@example.net,Premium,India,Email,Payment Gateway,TKT-0E511DD062,Payment failed,"This issue keeps happening.

after switching to a new phone, I tried to access my account using Google Chrome on my Windows Laptop running Windows 10. The system displays 'Card declined'.

I already contacted my bank, but the issue still persists.

Business operations are affected.

Please fix this soon.",Billing,High,Negative,Billing Team,Open
Lauren Williams,stephanie01@example.com,Free,Singapore,Email,Web Dashboard,TKT-109419C8CE,Cannot sign in,"Hi,

after updating the mobile application, I tried to access my account using Safari on my Windows Laptop running Windows 10. The system displays 'Internal server error'.

I'm really frustrated.

This issue is impacting productivity.

Please assist me.",Login,Medium,Negative,Authentication Team,Open
Ashley Bentley,sandersdiana@example.org,Free,Australia,Mobile App,CRM Suite,TKT-3A9B1D3DFC,Unable to download invoice,"after resetting my device, I tried to access my account using Microsoft Edge on my MacBook Pro running macOS Sequoia. The system displays 'Billing service unavailable'.",Billing,Medium,Negative,Billing Team,Open
Shawn Kramer,arnolddavid@example.com,Free,Japan,Email,CRM Suite,TKT-DFEB361426,Reset link expired,"Why is this still happening?

after switching to a new phone, I tried to access my account using Microsoft Edge on my Android Phone running Android 14. The system displays 'Invalid reset token'.

I expect this to be resolved today.",Password Reset,Low,Neutral,Authentication Team,Open
Andrea Brooks,martinheather@example.com,Enterprise,Australia,Email,API Platform,TKT-A038092D1B,Subscription not activated,"I'm extremely disappointed.

after reinstalling the application, I tried to access my account using Microsoft Edge on my Windows Laptop running Windows 10. The system displays 'Plan activation failed'.

I already used another browser, but the issue still persists.

Fix this immediately!",Subscription,Medium,Neutral,Subscription Team,Open
Larry Delacruz,vperez@example.org,Basic,United Kingdom,Phone,AI Analytics Platform,TKT-A85DBEC440,Invoice missing,"This is unacceptable!

after resetting my device, I tried to access my account using Mozilla Firefox on my Windows Laptop running Windows 10. The system displays 'Transaction failed'.

I already tried another payment method, but the issue still persists.

Business operations are affected.

This level of service is unacceptable.",Billing,Medium,Negative,Billing Team,Open
Eric Hammond,mlane@example.net,Basic,UAE,Chat,Cloud Storage,TKT-128163C9D2,Refund status unavailable,"after installing the latest version, I tried to access my account using Safari on my iPhone running iOS 18. The system displays 'Payment verification failed'.

I already checked my bank statement, but the issue still persists.

The payment has not been returned.",Refund,Medium,Negative,Billing Team,Open
Alexandra Miller,nguyenmark@example.org,Free,Singapore,Email,Reporting Engine,TKT-1E65125A58,Subscription not activated,"Good day,

after updating the mobile application, I tried to access my account using Mozilla Firefox on my Windows Laptop running Windows 10. The system displays 'Plan activation failed'.

I already verified my payment, but the issue still persists.

The subscription is inactive.

Could you please investigate this issue?",Subscription,Medium,Neutral,Subscription Team,Open
Russell Roberts,gonzalezpeter@example.net,Premium,Singapore,Chat,Web Dashboard,TKT-575CDEB1A7,Request refund,"I think I made a mistake.

while travelling abroad, I tried to access my account using Microsoft Edge on my iPhone running iOS 18. The system displays 'Refund processing failed'.

This problem is affecting my work.

My funds are still unavailable.

Please guide me.",Refund,Medium,Negative,Billing Team,Open
Matthew Rodriguez,okim@example.org,Enterprise,India,Website,Payment Gateway,TKT-FC4A1A6684,Login failed,"Why is this still happening?

after updating my phone number, I tried to access my account using Microsoft Edge on my MacBook Pro running macOS Sonoma. The system displays 'Invalid credentials'.

I'm really frustrated.

This issue is impacting productivity.

Fix this immediately!",Login,Medium,Negative,Authentication Team,Open
Dr. Lisa Camacho,jose67@example.com,Enterprise,Japan,Chat,API Platform,TKT-48C5C2159F,Password reset email not received,"This is unacceptable!

while travelling abroad, I tried to access my account using Safari on my Android Phone running Android 14. The system displays 'Invalid reset token'.

My team cannot access shared resources.

Fix this immediately!",Password Reset,Low,Negative,Authentication Team,Open
Christopher Hernandez,msims@example.net,Enterprise,Australia,Mobile App,Payment Gateway,TKT-2FA546B107,Account locked after multiple attempts,"I'm extremely disappointed.

after changing my browser, I tried to access my account using Mozilla Firefox on my Android Phone running Android 15. The system displays 'Invalid credentials'.

I already reset my password, but the issue still persists.

This issue is impacting productivity.

I expect this to be resolved today.",Login,Medium,Negative,Authentication Team,Open
Joseph Hill,douglasroberts@example.org,Free,Singapore,Chat,Payment Gateway,TKT-0ECCD9329D,Refund confirmation missing,"I'm not sure what's happening.

after switching to a new phone, I tried to access my account using Microsoft Edge on my Linux Desktop running Fedora 41. The system displays 'Refund processing failed'.

I already verified my payment details, but the issue still persists.

The payment has not been returned.

Thank you.",Refund,High,Negative,Billing Team,Open
Jessica Bentley,ccortez@example.org,Enterprise,Germany,Website,Reporting Engine,TKT-0503626F92,Downgrade request,"after reinstalling the application, I tried to access my account using Mozilla Firefox on my Windows Laptop running Windows 10. The system displays 'Renewal failed'.

I already logged out and logged back in, but the issue still persists.

My team cannot continue working.",Subscription,Medium,Negative,Subscription Team,Open
Ronnie Evans,qjones@example.net,Basic,Germany,Phone,Payment Gateway,TKT-A75E6C6101,Authentication error,"This is unacceptable!

after buying a new laptop, I tried to access my account using Mozilla Firefox on my MacBook Pro running macOS Sonoma. The system displays 'Authentication failed'.

I already tried another browser, but the issue still persists.

My business operations are affected.

Fix this immediately!",Login,Medium,Negative,Authentication Team,Open
Jeremy Washington,bridget81@example.net,Premium,Australia,Mobile App,AI Analytics Platform,TKT-87FBA7210E,Tax calculation issue,"Good morning,

after updating my phone number, I tried to access my account using Google Chrome on my Linux Desktop running Ubuntu 24.04. The system displays 'Unexpected payment error'.

I already retried the payment, but the issue still persists.

Thank you in advance.",Billing,Medium,Negative,Billing Team,Open
Robert Hernandez,hartmanellen@example.net,Free,Germany,Website,Web Dashboard,TKT-3963B7D31F,Refund processing failed,"Can someone explain this?

after modifying my account details, I tried to access my account using Google Chrome on my MacBook Pro running macOS Sequoia. The system displays 'Unexpected server error'.

I am using MacBook Pro running macOS Sequoia with Google Chrome.

Please guide me.",Refund,Medium,Negative,Billing Team,Open
Greg Vance,robert77@example.com,Basic,Canada,Website,Mobile Application,TKT-39580AC7FE,Duplicate payment refund,"Why is this still happening?

after my session expired, I tried to access my account using Safari on my Windows Laptop running Windows 10. The system displays 'Refund processing failed'.

I already verified my payment details, but the issue still persists.

My funds are still unavailable.

This level of service is unacceptable.",Refund,Medium,Negative,Billing Team,Open
Deanna Hayes,samantha19@example.com,Basic,Singapore,Chat,Reporting Engine,TKT-613B4178B0,Refund confirmation missing,"Good morning,

after resetting my device, I tried to access my account using Microsoft Edge on my Windows Laptop running Windows 10. The system displays 'Unexpected server error'.

The payment has not been returned.

Thank you in advance.",Refund,High,Negative,Billing Team,Open
Gabriel Mitchell,reginald41@example.net,Basic,UAE,Chat,Web Dashboard,TKT-2E8B9F075D,Cancel subscription,"Hi Team,

after my session expired, I tried to access my account using Safari on my iPhone running iOS 17. The system displays 'Renewal failed'.

My team cannot continue working.

Looking forward to your response.",Subscription,Medium,Neutral,Subscription Team,Open
Douglas Rodriguez,wsullivan@example.com,Premium,India,Phone,Cloud Storage,TKT-A8E8B754AE,Account settings not saving,"Why is this still happening?

after updating my phone number, I tried to access my account using Google Chrome on my Android Phone running Android 15. The system displays 'Verification failed'.

I already used another device, but the issue still persists.

My profile is incomplete.

This level of service is unacceptable.",Account,Low,Negative,Account Support Team,Open
Mark Davis,pcollins@example.com,Premium,Australia,Website,Payment Gateway,TKT-E685D3B682,Subscription not activated,"Hi,

after buying a new laptop, I tried to access my account using Microsoft Edge on my iPad running iPadOS 17. The system displays 'Payment verification failed'.

I am using iPad running iPadOS 17 with Microsoft Edge.

Can someone help me?",Subscription,Medium,Neutral,Subscription Team,Open
John Stuart,mhays@example.org,Free,Singapore,Phone,API Platform,TKT-FC915553FE,Reset code invalid,"after changing my browser, I tried to access my account using Safari on my iPad running iPadOS 17. The system displays 'Unexpected server error'.",Password Reset,Low,Negative,Authentication Team,Open
Grace Cruz,jamesgallagher@example.org,Basic,Canada,Website,AI Analytics Platform,TKT-095F2E888A,Unable to update profile,"Good day,

after entering the wrong password several times, I tried to access my account using Microsoft Edge on my MacBook Pro running macOS Sequoia. The system displays 'Validation failed'.

My team cannot use account features.

Looking forward to your response.",Account,Low,Neutral,Account Support Team,Open
Aaron Brown,liudeborah@example.org,Basic,India,Mobile App,Cloud Storage,TKT-49236044B7,Cannot sign in,"Can someone explain this?

while using office Wi-Fi, I tried to access my account using Microsoft Edge on my Android Phone running Android 14. The system displays 'Authentication failed'.

I am using Android Phone running Android 14 with Microsoft Edge.

Thank you.",Login,High,Negative,Authentication Team,Open
Angel Williams,barrerapamela@example.net,Premium,India,Mobile App,Web Dashboard,TKT-DEEB45FEA5,Unable to access dashboard,"after reinstalling the application, I tried to access my account using Microsoft Edge on my MacBook Pro running macOS Sonoma. The system displays 'Connection timeout'.",Login,Medium,Negative,Authentication Team,Open
Patrick Morris,alexandria88@example.com,Enterprise,Brazil,Phone,Reporting Engine,TKT-8969BC3CAC,Payment failed,"after updating my phone number, I tried to access my account using Safari on my Android Phone running Android 15. The system displays 'Payment gateway timeout'.",Billing,High,Negative,Billing Team,Open
Nicole Parker,angelaward@example.org,Enterprise,India,Chat,AI Analytics Platform,TKT-FD08ACEDD5,Plan changed automatically,"after updating my phone number, I tried to access my account using Mozilla Firefox on my iPad running iPadOS 18. The system displays 'Plan activation failed'.",Subscription,Medium,Negative,Subscription Team,Open
David Solomon,thaney@example.com,Basic,Australia,Chat,Reporting Engine,TKT-53F7D760A4,Cancel subscription,"after installing the latest version, I tried to access my account using Microsoft Edge on my Linux Desktop running Ubuntu 24.04. The system displays 'Subscription service unavailable'.

I already logged out and logged back in, but the issue still persists.

The subscription is inactive.",Subscription,Medium,Negative,Subscription Team,Open
Lindsey Stone,anthony74@example.org,Basic,USA,Email,Payment Gateway,TKT-2ED6632190,Password reset page not working,"after logging in from another location, I tried to access my account using Safari on my Linux Desktop running Fedora 41. The system displays 'Reset token expired'.

I already tried another browser, but the issue still persists.

My work is delayed.",Password Reset,Medium,Neutral,Authentication Team,Open
Alan Fisher,elliotttamara@example.org,Free,Brazil,Website,Payment Gateway,TKT-3B57DF4B74,Profile information incorrect,"after resetting my device, I tried to access my account using Safari on my Windows Laptop running Windows 10. The system displays 'Permission denied'.",Account,Medium,Neutral,Account Support Team,Open
Diana Gaines,angelawerner@example.com,Free,Japan,Chat,Cloud Storage,TKT-153715C5B0,Unable to login,"Good day,

after buying a new laptop, I tried to access my account using Microsoft Edge on my iPad running iPadOS 18. The system displays 'Internal server error'.

I'm really frustrated.

This issue is impacting productivity.

Looking forward to your response.",Login,Medium,Negative,Authentication Team,Open
Rachel Crawford,wfranklin@example.com,Free,Japan,Chat,Web Dashboard,TKT-F3401A67FB,Login page not responding,"after changing my email address, I tried to access my account using Google Chrome on my Linux Desktop running Ubuntu 24.04. The system displays 'Access denied'.",Login,Medium,Negative,Authentication Team,Open
Joseph Nguyen,jenniferwallace@example.com,Premium,Australia,Website,Payment Gateway,TKT-CDBAD2F6E8,Account locked,"Good day,

after enabling two-factor authentication, I tried to access my account using Safari on my iPhone running iOS 18. The system displays 'Permission denied'.

This is becoming difficult.

Business information is incorrect.

Could you please investigate this issue?",Account,Medium,Negative,Account Support Team,Open
Jerome Hardy,lisa50@example.org,Enterprise,India,Phone,API Platform,TKT-80008D466F,Subscription renewal failed,"This issue keeps happening.

after modifying my account details, I tried to access my account using Safari on my Linux Desktop running Fedora 41. The system displays 'Subscription service unavailable'.

I already verified my payment, but the issue still persists.

My team cannot continue working.

Please fix this soon.",Subscription,Medium,Neutral,Subscription Team,Open
Ronnie Ingram,freemantom@example.com,Basic,Singapore,Website,API Platform,TKT-8776CEB60C,Subscription invoice issue,"I'm extremely disappointed.

while using office Wi-Fi, I tried to access my account using Safari on my iPad running iPadOS 18. The system displays 'Renewal failed'.

I already used another browser, but the issue still persists.

This level of service is unacceptable.",Subscription,Medium,Neutral,Subscription Team,Open
Samantha Jones,ggarcia@example.org,Basic,Singapore,Chat,CRM Suite,TKT-CBFAC1E6AC,Subscription missing,"after changing my browser, I tried to access my account using Safari on my Windows Laptop running Windows 10. The system displays 'Renewal failed'.",Subscription,Medium,Negative,Subscription Team,Open
Christopher Torres,jacksonbarbara@example.net,Free,Canada,Chat,API Platform,TKT-7D8E6CBCF4,Account verification pending,"Why is this still happening?

after entering the wrong password several times, I tried to access my account using Google Chrome on my Windows Laptop running Windows 11. The system displays 'Profile update failed'.

Fix this immediately!",Account,Low,Negative,Account Support Team,Open
Caitlin Estrada,lauraanderson@example.com,Enterprise,Germany,Phone,Web Dashboard,TKT-8B1F40B503,Password reset email not received,"I've already tried everything.

after switching to a new phone, I tried to access my account using Microsoft Edge on my Windows Laptop running Windows 11. The system displays 'Reset token expired'.

My work is delayed.

I need help immediately.",Password Reset,Medium,Negative,Authentication Team,Open
Stephanie Wilkerson,williamwood@example.net,Basic,USA,Email,Cloud Storage,TKT-B01DB8A96B,Reset code invalid,"This is unacceptable!

after my session expired, I tried to access my account using Mozilla Firefox on my Linux Desktop running Fedora 41. The system displays 'Email not recognized'.

I already checked my spam folder, but the issue still persists.

I expect this to be resolved today.",Password Reset,Medium,Negative,Authentication Team,Open
Hunter Bird,jeanettephillips@example.net,Free,India,Email,Payment Gateway,TKT-ACB201C75F,Unable to access dashboard,"after updating my phone number, I tried to access my account using Mozilla Firefox on my Linux Desktop running Fedora 41. The system displays 'Connection timeout'.

I already cleared browser cache, but the issue still persists.

Customers are waiting for a response.",Login,Medium,Negative,Authentication Team,Open
Kathleen Ford,bbrown@example.org,Basic,Singapore,Website,CRM Suite,TKT-71A3795E7A,Request refund,"This is unacceptable!

after switching to a new phone, I tried to access my account using Mozilla Firefox on my Windows Laptop running Windows 11. The system displays 'Unexpected server error'.

This is affecting my business expenses.

This level of service is unacceptable.",Refund,Medium,Negative,Billing Team,Open
Scott Green,sanchezkathleen@example.net,Enterprise,Germany,Chat,Web Dashboard,TKT-FD0B4C98B6,Subscription renewal failed,"Good morning,

after entering the wrong password several times, I tried to access my account using Google Chrome on my Android Phone running Android 15. The system displays 'Subscription service unavailable'.

I already logged out and logged back in, but the issue still persists.

The subscription is inactive.

Thank you in advance.",Subscription,Medium,Neutral,Subscription Team,Open
Monique Heath,curryshelly@example.net,Premium,United Kingdom,Chat,AI Analytics Platform,TKT-36D973F97D,Business profile issue,"after entering the wrong password several times, I tried to access my account using Google Chrome on my Android Phone running Android 15. The system displays 'Unexpected server error'.",Account,Low,Neutral,Account Support Team,Open
Catherine Wolf,andrew18@example.com,Enterprise,USA,Phone,Mobile Application,TKT-F80E15119D,Trial expired unexpectedly,"Why is this still happening?

after my session expired, I tried to access my account using Microsoft Edge on my iPhone running iOS 18. The system displays 'Subscription service unavailable'.

I am using iPhone running iOS 18 with Microsoft Edge.

Fix this immediately!",Subscription,Medium,Negative,Subscription Team,Open
Mr. Johnathan Jefferson,yhayes@example.net,Free,UAE,Chat,Reporting Engine,TKT-F4AF2BCB42,Refund not received,"Dear Support,

after entering the wrong password several times, I tried to access my account using Microsoft Edge on my iPad running iPadOS 18. The system displays 'Unexpected server error'.

This is becoming difficult.

The payment has not been returned.

I would appreciate your help.",Refund,High,Negative,Billing Team,Open
Joseph Chambers,angela08@example.org,Premium,India,Email,Cloud Storage,TKT-F5B1950ECF,Account locked,"after entering the wrong password several times, I tried to access my account using Microsoft Edge on my iPhone running iOS 18. The system displays 'Unexpected server error'.

I already cleared browser cache, but the issue still persists.

Business information is incorrect.",Account,Low,Negative,Account Support Team,Open
Anna White,robert89@example.org,Premium,UAE,Chat,Payment Gateway,TKT-252C1D0A23,Login page not responding,"after updating the mobile application, I tried to access my account using Safari on my iPhone running iOS 17. The system displays 'Unexpected server error'.",Login,Medium,Negative,Authentication Team,Open
Kelly Smith MD,philipmaddox@example.com,Enterprise,USA,Chat,API Platform,TKT-A22D58B15B,Request refund,"I'm really frustrated.

after updating the mobile application, I tried to access my account using Microsoft Edge on my iPhone running iOS 18. The system displays 'Payment verification failed'.

I already verified my payment details, but the issue still persists.

This is affecting my business expenses.

I need help immediately.",Refund,Medium,Negative,Billing Team,Open
Lindsey Brown,eric29@example.net,Enterprise,Germany,Email,Reporting Engine,TKT-A891E16A22,Cancelled order refund,"Good morning,

after buying a new laptop, I tried to access my account using Mozilla Firefox on my Android Phone running Android 14. The system displays 'Refund service unavailable'.

I am using Android Phone running Android 14 with Mozilla Firefox.

Can someone help me?",Refund,Medium,Negative,Billing Team,Open
Amber Harrison,otaylor@example.com,Premium,UAE,Phone,Payment Gateway,TKT-F222616BF6,Refund status unavailable,"I'm really frustrated.

after my session expired, I tried to access my account using Safari on my Android Phone running Android 15. The system displays 'Payment verification failed'.

I already contacted customer support, but the issue still persists.

The payment has not been returned.

This is affecting my work.",Refund,High,Negative,Billing Team,Open
Patricia Brown,davidlewis@example.org,Basic,Canada,Email,CRM Suite,TKT-0CF10BDCCB,Temporary password not working,"after changing my browser, I tried to access my account using Google Chrome on my Android Phone running Android 15. The system displays 'Invalid reset token'.

I already tried another browser, but the issue still persists.

I cannot access my account.",Password Reset,Medium,Neutral,Authentication Team,Open
Ricky Hunt,scottvalerie@example.net,Enterprise,Australia,Website,API Platform,TKT-9325EEAAF7,Duplicate payment refund,"Why is this still happening?

after logging in from another location, I tried to access my account using Safari on my Linux Desktop running Fedora 41. The system displays 'Unexpected server error'.

I'm worried about this issue.

This is affecting my business expenses.

This level of service is unacceptable.",Refund,Medium,Negative,Billing Team,Open
Anthony Pena,april04@example.net,Free,Australia,Chat,CRM Suite,TKT-959588CBFD,Premium features unavailable,"after buying a new laptop, I tried to access my account using Safari on my Windows Laptop running Windows 11. The system displays 'Renewal failed'.",Subscription,Medium,Neutral,Subscription Team,Open
Caleb Parsons,webbelizabeth@example.net,Enterprise,Japan,Email,Reporting Engine,TKT-726F0E0C93,Forgot password issue,"after updating my phone number, I tried to access my account using Microsoft Edge on my Linux Desktop running Ubuntu 24.04. The system displays 'Unexpected server error'.

I already cleared browser cache, but the issue still persists.

I cannot continue using the platform.",Password Reset,Low,Neutral,Authentication Team,Open
Jason Aguilar,brian75@example.com,Free,Japan,Website,Reporting Engine,TKT-BC10D7BC0D,Request refund,"Dear Support,

after enabling two-factor authentication, I tried to access my account using Mozilla Firefox on my Linux Desktop running Fedora 41. The system displays 'Payment verification failed'.

Looking forward to your response.",Refund,High,Negative,Billing Team,Open
Robert Thomas,wademaurice@example.org,Enterprise,Singapore,Mobile App,Payment Gateway,TKT-781D4367A5,Login page not responding,"This is unacceptable!

while travelling abroad, I tried to access my account using Microsoft Edge on my MacBook Pro running macOS Sequoia. The system displays 'Connection timeout'.

I already cleared browser cache, but the issue still persists.

This level of service is unacceptable.",Login,Medium,Negative,Authentication Team,Open
Vanessa Thompson,melissa15@example.net,Enterprise,Japan,Email,Web Dashboard,TKT-3E604198B9,Refund not received,"I'm not sure what's happening.

while connected to mobile data, I tried to access my account using Microsoft Edge on my Android Phone running Android 15. The system displays 'Refund service unavailable'.

I already verified my payment details, but the issue still persists.

My funds are still unavailable.

I'd appreciate some help.",Refund,Medium,Negative,Billing Team,Open
Kimberly Murphy,ucampbell@example.org,Premium,Singapore,Phone,Web Dashboard,TKT-56280536FC,Login stuck on loading screen,"Hi,

after updating the mobile application, I tried to access my account using Google Chrome on my Linux Desktop running Ubuntu 24.04. The system displays 'Access denied'.

I already reset my password, but the issue still persists.

My business operations are affected.

Thank you in advance.",Login,High,Negative,Authentication Team,Open
John Manning,stephenbrown@example.net,Basic,Canada,Chat,Cloud Storage,TKT-F99EAB35A0,Account locked,"after changing my browser, I tried to access my account using Mozilla Firefox on my Linux Desktop running Ubuntu 24.04. The system displays 'Verification failed'.",Account,Medium,Neutral,Account Support Team,Open
Daniel Miller,kelly74@example.net,Free,Germany,Website,Web Dashboard,TKT-9602DD4B30,Double charged,"Hello,

after installing the latest version, I tried to access my account using Microsoft Edge on my MacBook Pro running macOS Sequoia. The system displays 'Card declined'.

I am using MacBook Pro running macOS Sequoia with Microsoft Edge.

Can someone help me?",Billing,High,Negative,Billing Team,Open
Jennifer Barrera,rvincent@example.net,Enterprise,Brazil,Email,Payment Gateway,TKT-74DC2DB726,Unable to verify account,"Hello,

after modifying my account details, I tried to access my account using Mozilla Firefox on my iPhone running iOS 18. The system displays 'Verification failed'.

Business information is incorrect.

Thank you in advance.",Account,Medium,Neutral,Account Support Team,Open
Nathan Trujillo,justinrosales@example.org,Basic,United Kingdom,Website,Mobile Application,TKT-8A1A5632AA,Subscription renewal failed,"This is unacceptable!

while connected to mobile data, I tried to access my account using Mozilla Firefox on my iPhone running iOS 18. The system displays 'Subscription service unavailable'.

Premium features are unavailable.

I expect this to be resolved today.",Subscription,Medium,Negative,Subscription Team,Open
Richard Harris,johnmendoza@example.com,Enterprise,Singapore,Phone,CRM Suite,TKT-AC8D0094DA,Unable to verify account,"Good morning,

while using office Wi-Fi, I tried to access my account using Google Chrome on my Windows Laptop running Windows 11. The system displays 'Verification failed'.

I am using Windows Laptop running Windows 11 with Google Chrome.

Can someone help me?",Account,Low,Negative,Account Support Team,Open
Danny Frey,rachelgregory@example.com,Premium,India,Mobile App,AI Analytics Platform,TKT-0EEFBA6B9E,Refund rejected,"I'm not sure what's happening.

after modifying my account details, I tried to access my account using Microsoft Edge on my iPad running iPadOS 18. The system displays 'Refund service unavailable'.

I'd appreciate some help.",Refund,High,Negative,Billing Team,Open
Carol Mcknight,jenniferking@example.com,Basic,Brazil,Email,API Platform,TKT-515B58001C,Account locked after multiple attempts,"Good morning,

after my session expired, I tried to access my account using Safari on my MacBook Pro running macOS Sequoia. The system displays 'Invalid credentials'.

I already reinstalled the application, but the issue still persists.

I cannot continue my work.

Can someone help me?",Login,Medium,Negative,Authentication Team,Open
Jordan Thompson,xfischer@example.org,Basic,Australia,Website,Mobile Application,TKT-5E8C4A0A28,Premium features unavailable,"Good day,

after updating the mobile application, I tried to access my account using Google Chrome on my MacBook Pro running macOS Sonoma. The system displays 'Plan activation failed'.

I am using MacBook Pro running macOS Sonoma with Google Chrome.

I would appreciate your help.",Subscription,Medium,Neutral,Subscription Team,Open
Mariah Turner,tanya64@example.com,Basic,Canada,Chat,AI Analytics Platform,TKT-0E3B72C9EC,Subscription invoice issue,"while travelling abroad, I tried to access my account using Safari on my MacBook Pro running macOS Sonoma. The system displays 'Plan activation failed'.",Subscription,Medium,Negative,Subscription Team,Open
Kristen Lopez,michael97@example.com,Enterprise,Brazil,Website,AI Analytics Platform,TKT-4433522D9B,Login failed,"Hello Support Team,

after updating the mobile application, I tried to access my account using Microsoft Edge on my Linux Desktop running Ubuntu 24.04. The system displays 'Authentication failed'.

I'm worried about this issue.

This issue is impacting productivity.

Kindly assist me with resolving this problem.",Login,High,Negative,Authentication Team,Open
Chelsey Frazier,hhughes@example.org,Premium,Japan,Chat,Cloud Storage,TKT-89ECB2BB79,Unable to download invoice,"Can someone explain this?

after buying a new laptop, I tried to access my account using Microsoft Edge on my iPad running iPadOS 18. The system displays 'Unexpected payment error'.

I already used another browser, but the issue still persists.

Thank you.",Billing,High,Negative,Billing Team,Open
Keith Williams,wduffy@example.net,Basic,UAE,Website,Mobile Application,TKT-D066695CBF,Two-factor authentication failed,"Dear Support,

after installing the latest version, I tried to access my account using Mozilla Firefox on my Windows Laptop running Windows 10. The system displays 'Invalid credentials'.

I would appreciate your help.",Login,High,Negative,Authentication Team,Open
Sandra Jones,brandon44@example.net,Premium,Japan,Mobile App,Payment Gateway,TKT-D8A1DECDE0,Unable to download invoice,"I've already tried everything.

after updating my phone number, I tried to access my account using Safari on my Windows Laptop running Windows 11. The system displays 'Payment gateway timeout'.

I cannot complete my purchase.

Please fix this soon.",Billing,High,Negative,Billing Team,Open
Leah Wong,kristenhensley@example.net,Enterprise,USA,Email,Web Dashboard,TKT-AB724D379F,Login page not responding,"Hello,

while travelling abroad, I tried to access my account using Mozilla Firefox on my iPhone running iOS 18. The system displays 'Internal server error'.

Thank you in advance.",Login,High,Negative,Authentication Team,Open
Amanda Campbell,emily55@example.net,Premium,Singapore,Mobile App,Payment Gateway,TKT-266EE160A4,Account locked,"Good day,

after reinstalling the application, I tried to access my account using Safari on my iPad running iPadOS 17. The system displays 'Permission denied'.

This is becoming difficult.

My profile is incomplete.

Kindly assist me with resolving this problem.",Account,Low,Neutral,Account Support Team,Open
Bryan Kramer,astephens@example.org,Premium,Germany,Mobile App,API Platform,TKT-1798A8CE46,Unable to download invoice,"I'm extremely disappointed.

after entering the wrong password several times, I tried to access my account using Safari on my Windows Laptop running Windows 11. The system displays 'Transaction failed'.

I'm worried about this issue.

Our subscription has been interrupted.

I expect this to be resolved today.",Billing,High,Negative,Billing Team,Open
Jacob Murray,melissabrown@example.org,Basic,India,Phone,CRM Suite,TKT-C1992BA1AD,Subscription missing,"after updating the mobile application, I tried to access my account using Mozilla Firefox on my Windows Laptop running Windows 11. The system displays 'Payment verification failed'.

I already logged out and logged back in, but the issue still persists.

My team cannot continue working.",Subscription,Medium,Neutral,Subscription Team,Open
Mark Vega,rstevenson@example.org,Basic,USA,Email,Reporting Engine,TKT-E179902010,Unable to login,"Can someone explain this?

after logging in from another location, I tried to access my account using Mozilla Firefox on my MacBook Pro running macOS Sequoia. The system displays 'Access denied'.

I'm worried about this issue.

Customers are waiting for a response.

Please guide me.",Login,Medium,Negative,Authentication Team,Open
Brian Valdez,erodriguez@example.com,Free,Singapore,Website,Mobile Application,TKT-0A04C0D26D,Reset link expired,"I'm not sure what's happening.

after logging in from another location, I tried to access my account using Safari on my Android Phone running Android 14. The system displays 'Email not recognized'.

This is becoming difficult.

My team cannot access shared resources.

Please guide me.",Password Reset,Low,Neutral,Authentication Team,Open
Arthur Mosley,wcollins@example.com,Enterprise,Brazil,Phone,Reporting Engine,TKT-70F3B7F628,Automatic payment failed,"This is unacceptable!

after changing my email address, I tried to access my account using Mozilla Firefox on my MacBook Pro running macOS Sonoma. The system displays 'Unexpected payment error'.

This is becoming difficult.

Business operations are affected.

I expect this to be resolved today.",Billing,Medium,Negative,Billing Team,Open
Mrs. Allison Johnson DVM,janetkelley@example.net,Premium,United Kingdom,Mobile App,CRM Suite,TKT-3E4A9F6B1E,Refund taking too long,"after reinstalling the application, I tried to access my account using Google Chrome on my iPhone running iOS 17. The system displays 'Payment verification failed'.

I already checked my bank statement, but the issue still persists.

My funds are still unavailable.",Refund,High,Negative,Billing Team,Open
Joe Dickerson,vicki31@example.net,Premium,Brazil,Phone,Mobile Application,TKT-E1887F7519,Password reset loop,"This is unacceptable!

after enabling two-factor authentication, I tried to access my account using Microsoft Edge on my iPhone running iOS 17. The system displays 'Reset token expired'.

I am using iPhone running iOS 17 with Microsoft Edge.

Fix this immediately!",Password Reset,Medium,Negative,Authentication Team,Open
Alexander Perkins,kjoseph@example.com,Free,USA,Email,API Platform,TKT-352C4BF8EA,Password change failed,"I'm really frustrated.

while connected to mobile data, I tried to access my account using Safari on my MacBook Pro running macOS Sonoma. The system displays 'Invalid reset token'.

I need help immediately.",Password Reset,Low,Neutral,Authentication Team,Open
Sarah Spencer,rachel50@example.org,Basic,Germany,Website,Mobile Application,TKT-F6F019C6F8,Account verification pending,"after switching to a new phone, I tried to access my account using Google Chrome on my iPhone running iOS 17. The system displays 'Validation failed'.",Account,Medium,Negative,Account Support Team,Open
Kyle Gonzalez,jordanjoshua@example.org,Basic,Australia,Website,Mobile Application,TKT-0FF1A8C1BF,Password reset email not received,"after updating my phone number, I tried to access my account using Google Chrome on my Linux Desktop running Fedora 41. The system displays 'Verification failed'.",Password Reset,Low,Neutral,Authentication Team,Open
Madison Kelley,nicholassmith@example.org,Free,India,Phone,Reporting Engine,TKT-F53C5167A4,Subscription not activated,"Hello,

while using office Wi-Fi, I tried to access my account using Safari on my iPhone running iOS 18. The system displays 'Renewal failed'.

I am using iPhone running iOS 18 with Safari.

Can someone help me?",Subscription,Medium,Negative,Subscription Team,Open
William Wheeler,angela58@example.net,Basic,Japan,Mobile App,API Platform,TKT-7D46326935,Premium features unavailable,"after enabling two-factor authentication, I tried to access my account using Mozilla Firefox on my iPhone running iOS 17. The system displays 'Plan activation failed'.

I already used another browser, but the issue still persists.

Premium features are unavailable.",Subscription,Medium,Negative,Subscription Team,Open
Corey Patton,jasminejordan@example.org,Basic,India,Mobile App,Web Dashboard,TKT-3EFA666B62,Unexpected logout after login,"I think I made a mistake.

after resetting my device, I tried to access my account using Safari on my iPad running iPadOS 17. The system displays 'Access denied'.

This is becoming difficult.

My support team is blocked.

Thank you.",Login,Medium,Negative,Authentication Team,Open
Stacey Hines,tylerpreston@example.org,Enterprise,Germany,Phone,Payment Gateway,TKT-68B1E1796E,Invoice missing,"I'm extremely disappointed.

after logging in from another location, I tried to access my account using Google Chrome on my iPad running iPadOS 17. The system displays 'Billing service unavailable'.

I already tried another payment method, but the issue still persists.

Business operations are affected.

Fix this immediately!",Billing,High,Negative,Billing Team,Open
Denise Reed MD,careydanielle@example.com,Basic,Canada,Email,Reporting Engine,TKT-8B0FCFD1CB,Subscription invoice issue,"after changing my browser, I tried to access my account using Mozilla Firefox on my Windows Laptop running Windows 11. The system displays 'Payment verification failed'.

I already verified my payment, but the issue still persists.

Premium features are unavailable.",Subscription,Medium,Negative,Subscription Team,Open
Ashley Evans,xwilliams@example.com,Free,Singapore,Phone,Mobile Application,TKT-74B11B74C6,Login page not responding,"Good morning,

after updating my phone number, I tried to access my account using Microsoft Edge on my Linux Desktop running Fedora 41. The system displays 'Invalid credentials'.

I already reset my password, but the issue still persists.

I cannot continue my work.

Can someone help me?",Login,High,Negative,Authentication Team,Open
Joseph Hodges,qwoods@example.org,Premium,Australia,Email,Reporting Engine,TKT-09538726C0,Login page not responding,"after resetting my device, I tried to access my account using Mozilla Firefox on my MacBook Pro running macOS Sonoma. The system displays 'Unexpected server error'.",Login,Medium,Negative,Authentication Team,Open
Kathryn Drake,robertpage@example.com,Enterprise,Canada,Phone,Mobile Application,TKT-C533F0FD60,Subscription not activated,"This is unacceptable!

after updating the mobile application, I tried to access my account using Google Chrome on my Linux Desktop running Ubuntu 24.04. The system displays 'Renewal failed'.

Fix this immediately!",Subscription,Medium,Negative,Subscription Team,Open
Sarah Smith,mcline@example.com,Premium,Canada,Mobile App,Reporting Engine,TKT-46B0FEE8D3,Business profile issue,"This issue keeps happening.

after reinstalling the application, I tried to access my account using Microsoft Edge on my Linux Desktop running Ubuntu 24.04. The system displays 'Verification failed'.

This is affecting my work.",Account,Medium,Negative,Account Support Team,Open
Michael Stevens,mark20@example.com,Basic,USA,Chat,Mobile Application,TKT-F00AD53355,Account locked after multiple attempts,"I've already tried everything.

after resetting my device, I tried to access my account using Google Chrome on my Windows Laptop running Windows 11. The system displays 'Invalid credentials'.

This problem is affecting my work.

My business operations are affected.

Please fix this soon.",Login,High,Negative,Authentication Team,Open
Melinda Barnes,vhancock@example.com,Free,Brazil,Email,Payment Gateway,TKT-E68EF9E5C8,Unexpected logout after login,"Hello Support Team,

after changing my browser, I tried to access my account using Microsoft Edge on my iPad running iPadOS 18. The system displays 'Unexpected server error'.

This issue is impacting productivity.

Looking forward to your response.",Login,High,Negative,Authentication Team,Open
Annette Stephens,juliecastaneda@example.net,Free,Singapore,Mobile App,CRM Suite,TKT-A5CF172E23,Unable to upgrade plan,"I'm not sure what's happening.

after switching to a new phone, I tried to access my account using Google Chrome on my Windows Laptop running Windows 10. The system displays 'Plan activation failed'.

Please guide me.",Subscription,Medium,Negative,Subscription Team,Open
Sonya Sparks,beckeralex@example.org,Free,Brazil,Email,AI Analytics Platform,TKT-61A39FBE72,Two-factor authentication failed,"Why is this still happening?

after updating the mobile application, I tried to access my account using Safari on my Android Phone running Android 15. The system displays 'Authentication failed'.

I already used another device, but the issue still persists.

This issue is impacting productivity.

This level of service is unacceptable.",Login,High,Negative,Authentication Team,Open
Jennifer Roberson,armstrongdaniel@example.com,Enterprise,United Kingdom,Email,Mobile Application,TKT-6E7AA8B4C4,Phone number update failed,"Good morning,

after modifying my account details, I tried to access my account using Safari on my iPhone running iOS 17. The system displays 'Verification failed'.

Thank you in advance.",Account,Medium,Neutral,Account Support Team,Open
Mary Lowe,barbararivera@example.com,Enterprise,UAE,Phone,Payment Gateway,TKT-A7E329956B,Credit card declined,"Good day,

after logging in from another location, I tried to access my account using Microsoft Edge on my Windows Laptop running Windows 10. The system displays 'Transaction failed'.

Business operations are affected.

Kindly assist me with resolving this problem.",Billing,High,Negative,Billing Team,Open
Aaron Mckinney,thomascochran@example.com,Enterprise,Australia,Chat,Payment Gateway,TKT-16DE979960,Cannot create new password,"while using office Wi-Fi, I tried to access my account using Safari on my Linux Desktop running Fedora 41. The system displays 'Email not recognized'.",Password Reset,Medium,Neutral,Authentication Team,Open
Lisa Stewart,delgadobilly@example.org,Enterprise,Australia,Email,Reporting Engine,TKT-D9F1CA102E,Account verification pending,"Dear Support,

after entering the wrong password several times, I tried to access my account using Mozilla Firefox on my MacBook Pro running macOS Sequoia. The system displays 'Unexpected server error'.

I am using MacBook Pro running macOS Sequoia with Mozilla Firefox.

Kindly assist me with resolving this problem.",Account,Medium,Negative,Account Support Team,Open
Gina Gonzales,schmidtvanessa@example.com,Basic,Canada,Mobile App,Payment Gateway,TKT-93452D6D07,Cannot sign in,"Hello,

after my session expired, I tried to access my account using Mozilla Firefox on my Linux Desktop running Fedora 41. The system displays 'Authentication failed'.

I am using Linux Desktop running Fedora 41 with Mozilla Firefox.

Please assist me.",Login,Medium,Negative,Authentication Team,Open
Nicholas Williams,ethan20@example.com,Free,Japan,Website,Mobile Application,TKT-5CC62B7F0E,Unable to update profile,"Why is this still happening?

after entering the wrong password several times, I tried to access my account using Mozilla Firefox on my Android Phone running Android 14. The system displays 'Permission denied'.

I'm really frustrated.

My profile is incomplete.

Fix this immediately!",Account,Low,Neutral,Account Support Team,Open
Carol Williams,jasonthomas@example.com,Enterprise,United Kingdom,Mobile App,AI Analytics Platform,TKT-D9B9330665,Organization details incorrect,"This issue keeps happening.

after switching to a new phone, I tried to access my account using Mozilla Firefox on my iPad running iPadOS 18. The system displays 'Verification failed'.

I already updated my browser, but the issue still persists.

This is affecting my work.",Account,Medium,Neutral,Account Support Team,Open
Christopher Martinez,devinnguyen@example.org,Free,USA,Website,API Platform,TKT-AE5E7F05A5,Automatic payment failed,"This is unacceptable!

after reinstalling the application, I tried to access my account using Safari on my Windows Laptop running Windows 11. The system displays 'Billing service unavailable'.

I already cleared browser cache, but the issue still persists.

I expect this to be resolved today.",Billing,High,Negative,Billing Team,Open
Chad Navarro,pmiller@example.org,Free,Japan,Website,Reporting Engine,TKT-F33D6955BC,Account locked after multiple attempts,"Good morning,

after switching to a new phone, I tried to access my account using Mozilla Firefox on my MacBook Pro running macOS Sonoma. The system displays 'Access denied'.

I already tried another browser, but the issue still persists.

Thank you in advance.",Login,High,Negative,Authentication Team,Open
Blake Clark,andreadiaz@example.com,Premium,UAE,Email,Mobile Application,TKT-2B9E6A4D90,Cannot sign in,"Can someone explain this?

while using office Wi-Fi, I tried to access my account using Google Chrome on my iPad running iPadOS 17. The system displays 'Session expired'.

Customers are waiting for a response.

Please guide me.",Login,High,Negative,Authentication Team,Open
Paul Reynolds,vcervantes@example.net,Enterprise,India,Email,API Platform,TKT-9CA75D45BB,Account verification pending,"Why is this still happening?

after my session expired, I tried to access my account using Google Chrome on my Windows Laptop running Windows 10. The system displays 'Verification failed'.

I'm really frustrated.

Business information is incorrect.

This level of service is unacceptable.",Account,Medium,Negative,Account Support Team,Open
Jason Smith,charles80@example.com,Basic,UAE,Chat,Mobile Application,TKT-C6033BAD75,Authentication error,"I think I made a mistake.

while connected to mobile data, I tried to access my account using Google Chrome on my Linux Desktop running Ubuntu 24.04. The system displays 'Connection timeout'.

I cannot continue my work.

I'd appreciate some help.",Login,Medium,Negative,Authentication Team,Open
Julia Clayton,michelle44@example.org,Basic,Brazil,Phone,Cloud Storage,TKT-ED97848075,Authentication error,"Why is this still happening?

after changing my browser, I tried to access my account using Safari on my Android Phone running Android 14. The system displays 'Connection timeout'.

I already restarted the application, but the issue still persists.

This level of service is unacceptable.",Login,Medium,Negative,Authentication Team,Open
Bonnie Butler,arodriguez@example.org,Enterprise,India,Email,Payment Gateway,TKT-D60521D6F5,Tax calculation issue,"Hello Support Team,

after entering the wrong password several times, I tried to access my account using Mozilla Firefox on my Windows Laptop running Windows 10. The system displays 'Transaction failed'.

Kindly assist me with resolving this problem.",Billing,Medium,Negative,Billing Team,Open
Melanie Wang,rthompson@example.org,Enterprise,USA,Website,Reporting Engine,TKT-97457D4239,Phone number update failed,"while using office Wi-Fi, I tried to access my account using Microsoft Edge on my Linux Desktop running Fedora 41. The system displays 'Profile update failed'.

I already logged out and logged back in, but the issue still persists.

My profile is incomplete.",Account,Medium,Negative,Account Support Team,Open
Ashley Fox,leekelly@example.org,Enterprise,Australia,Website,Mobile Application,TKT-06611118BD,Account locked after multiple attempts,"I'm really frustrated.

after reinstalling the application, I tried to access my account using Google Chrome on my MacBook Pro running macOS Sonoma. The system displays 'Connection timeout'.

This is becoming difficult.

This issue is impacting productivity.

This is affecting my work.",Login,High,Negative,Authentication Team,Open
Daniel Ayers Jr.,melendezmonique@example.net,Enterprise,USA,Mobile App,Cloud Storage,TKT-C2F668C9A3,Premium features unavailable,"Hello Support Team,

after logging in from another location, I tried to access my account using Microsoft Edge on my iPhone running iOS 18. The system displays 'Payment verification failed'.

The subscription is inactive.

I would appreciate your help.",Subscription,Medium,Neutral,Subscription Team,Open
Nicole Brady,zweiss@example.com,Free,USA,Phone,Cloud Storage,TKT-693175ED32,Reset link expired,"Why is this still happening?

while using office Wi-Fi, I tried to access my account using Microsoft Edge on my Linux Desktop running Ubuntu 24.04. The system displays 'Verification failed'.

This is becoming difficult.

My team cannot access shared resources.

This level of service is unacceptable.",Password Reset,Medium,Neutral,Authentication Team,Open
Mary Morton,petersontrevor@example.com,Free,Brazil,Website,AI Analytics Platform,TKT-6A0C3DD9B7,Billing statement incorrect,"after enabling two-factor authentication, I tried to access my account using Safari on my Linux Desktop running Fedora 41. The system displays 'Transaction failed'.",Billing,High,Negative,Billing Team,Open
Jamie Reeves,barrygonzalez@example.net,Enterprise,Germany,Chat,Web Dashboard,TKT-E12273E69C,Unable to update profile,"Good morning,

after logging in from another location, I tried to access my account using Mozilla Firefox on my Linux Desktop running Fedora 41. The system displays 'Verification failed'.

Thank you in advance.",Account,Low,Neutral,Account Support Team,Open
James Peterson,evansadam@example.com,Premium,United Kingdom,Website,API Platform,TKT-AFF1B21EC5,Profile information incorrect,"after logging in from another location, I tried to access my account using Microsoft Edge on my Linux Desktop running Fedora 41. The system displays 'Verification failed'.",Account,Medium,Negative,Account Support Team,Open
Leah Harris,hamiltonmatthew@example.net,Free,India,Email,AI Analytics Platform,TKT-A841FB6746,Refund confirmation missing,"I'm really frustrated.

after enabling two-factor authentication, I tried to access my account using Microsoft Edge on my Windows Laptop running Windows 10. The system displays 'Unexpected server error'.

This is becoming difficult.

My funds are still unavailable.

This is affecting my work.",Refund,Medium,Negative,Billing Team,Open
Thomas Kelley,kathleen39@example.net,Enterprise,Japan,Email,CRM Suite,TKT-8409A78E83,Login page not responding,"after reinstalling the application, I tried to access my account using Safari on my iPad running iPadOS 17. The system displays 'Access denied'.

I already reinstalled the application, but the issue still persists.

Customers are waiting for a response.",Login,High,Negative,Authentication Team,Open
Richard Moore,lmcbride@example.net,Premium,Singapore,Mobile App,API Platform,TKT-6208AD0265,Billing statement incorrect,"after updating my phone number, I tried to access my account using Safari on my Linux Desktop running Ubuntu 24.04. The system displays 'Payment gateway timeout'.

I already cleared browser cache, but the issue still persists.

Our subscription has been interrupted.",Billing,Medium,Negative,Billing Team,Open
Stephanie Zamora,alyssa21@example.com,Enterprise,Australia,Website,CRM Suite,TKT-4C9E55EE45,Duplicate payment refund,"after modifying my account details, I tried to access my account using Microsoft Edge on my iPhone running iOS 17. The system displays 'Unexpected server error'.

I already checked my bank statement, but the issue still persists.

This is affecting my business expenses.",Refund,Medium,Negative,Billing Team,Open
Vanessa Bryant,sallyray@example.net,Premium,Brazil,Website,Cloud Storage,TKT-C56D793C39,Password reset page not working,"I'm extremely disappointed.

after enabling two-factor authentication, I tried to access my account using Google Chrome on my Linux Desktop running Fedora 41. The system displays 'Reset token expired'.

I already cleared browser cache, but the issue still persists.

I cannot access my account.

I expect this to be resolved today.",Password Reset,Medium,Negative,Authentication Team,Open
Paul Velasquez,yorkrenee@example.org,Enterprise,UAE,Email,Payment Gateway,TKT-4AEC79CAA2,Refund not received,"after installing the latest version, I tried to access my account using Google Chrome on my iPhone running iOS 18. The system displays 'Unexpected server error'.

I already contacted customer support, but the issue still persists.

This is affecting my business expenses.",Refund,High,Negative,Billing Team,Open
Amy Lin,richardjohnston@example.org,Free,Brazil,Phone,Mobile Application,TKT-51A7F19CDB,Unable to update profile,"I think I made a mistake.

after changing my browser, I tried to access my account using Mozilla Firefox on my iPad running iPadOS 17. The system displays 'Validation failed'.

Business information is incorrect.

I'd appreciate some help.",Account,Low,Neutral,Account Support Team,Open
Jacqueline Watkins,vlee@example.org,Free,Japan,Mobile App,API Platform,TKT-87DD93D202,Account locked after multiple attempts,"This is unacceptable!

after updating my phone number, I tried to access my account using Microsoft Edge on my iPad running iPadOS 17. The system displays 'Invalid credentials'.

Fix this immediately!",Login,High,Negative,Authentication Team,Open
Travis Cunningham,lvillarreal@example.net,Basic,UAE,Phone,Reporting Engine,TKT-33CBEEC648,Account verification pending,"Why is this still happening?

after changing my browser, I tried to access my account using Safari on my Windows Laptop running Windows 11. The system displays 'Unexpected server error'.

This problem is affecting my work.

Business information is incorrect.

Fix this immediately!",Account,Low,Neutral,Account Support Team,Open
Mrs. Meghan Austin,mary60@example.net,Premium,United Kingdom,Email,Payment Gateway,TKT-70952E8722,Unexpected logout after login,"This is unacceptable!

after switching to a new phone, I tried to access my account using Microsoft Edge on my iPhone running iOS 17. The system displays 'Unexpected server error'.

I already used another device, but the issue still persists.

Customers are waiting for a response.

Fix this immediately!",Login,Medium,Negative,Authentication Team,Open
Scott Murphy,michaelmorgan@example.org,Free,Germany,Website,Payment Gateway,TKT-8DF77A1287,Password change failed,"after modifying my account details, I tried to access my account using Safari on my Linux Desktop running Fedora 41. The system displays 'Invalid reset token'.",Password Reset,Low,Negative,Authentication Team,Open
Ms. Laura Acosta,martinlewis@example.org,Free,UAE,Chat,API Platform,TKT-1B9CBFA215,Two-factor authentication failed,"after buying a new laptop, I tried to access my account using Microsoft Edge on my MacBook Pro running macOS Sonoma. The system displays 'Unexpected server error'.",Login,Medium,Negative,Authentication Team,Open
Matthew Lee,dbell@example.org,Basic,Brazil,Email,Reporting Engine,TKT-740A943C10,Phone number update failed,"Hello Support Team,

after resetting my device, I tried to access my account using Google Chrome on my Android Phone running Android 14. The system displays 'Verification failed'.

I am using Android Phone running Android 14 with Google Chrome.

Looking forward to your response.",Account,Low,Neutral,Account Support Team,Open
Daniel Mcguire,crystal98@example.com,Premium,Brazil,Mobile App,Reporting Engine,TKT-0835F9C17C,Refund rejected,"I'm not sure what's happening.

while using office Wi-Fi, I tried to access my account using Microsoft Edge on my Android Phone running Android 14. The system displays 'Payment verification failed'.

I am using Android Phone running Android 14 with Microsoft Edge.

I'd appreciate some help.",Refund,Medium,Negative,Billing Team,Open
Jessica Washington,simmonsbenjamin@example.org,Free,Japan,Phone,Payment Gateway,TKT-9862A136AF,Plan changed automatically,"I think I made a mistake.

after updating my phone number, I tried to access my account using Microsoft Edge on my Android Phone running Android 14. The system displays 'Renewal failed'.

I am using Android Phone running Android 14 with Microsoft Edge.

Please guide me.",Subscription,Medium,Negative,Subscription Team,Open
Sandra Hopkins,hannah72@example.com,Basic,USA,Email,Cloud Storage,TKT-6CF8AD2BB8,Profile information incorrect,"This issue keeps happening.

after enabling two-factor authentication, I tried to access my account using Safari on my Windows Laptop running Windows 10. The system displays 'Profile update failed'.

I already cleared browser cache, but the issue still persists.

My team cannot use account features.

Please fix this soon.",Account,Medium,Negative,Account Support Team,Open
Rhonda Lopez,lschneider@example.net,Premium,Brazil,Mobile App,API Platform,TKT-3B54BD4D93,Cannot sign in,"after switching to a new phone, I tried to access my account using Safari on my Android Phone running Android 14. The system displays 'Unexpected server error'.",Login,High,Negative,Authentication Team,Open
Randy Burns,rubengarcia@example.net,Free,UAE,Website,AI Analytics Platform,TKT-22987C5A29,Reset code invalid,"This issue keeps happening.

after reinstalling the application, I tried to access my account using Microsoft Edge on my Linux Desktop running Ubuntu 24.04. The system displays 'Reset token expired'.

I am using Linux Desktop running Ubuntu 24.04 with Microsoft Edge.

This is affecting my work.",Password Reset,Medium,Neutral,Authentication Team,Open
Amber Pearson,andrew07@example.com,Premium,UAE,Phone,API Platform,TKT-D64C5A56C8,Refund taking too long,"This issue keeps happening.

after logging in from another location, I tried to access my account using Mozilla Firefox on my Windows Laptop running Windows 10. The system displays 'Refund processing failed'.

I need help immediately.",Refund,High,Negative,Billing Team,Open
Mrs. Sandra Anderson DDS,jennifersmith@example.net,Premium,United Kingdom,Phone,Reporting Engine,TKT-2A26B4AC7C,Cancel subscription,"I'm not sure what's happening.

after buying a new laptop, I tried to access my account using Google Chrome on my iPad running iPadOS 17. The system displays 'Subscription service unavailable'.

I already logged out and logged back in, but the issue still persists.

Please guide me.",Subscription,Medium,Neutral,Subscription Team,Open
Olivia Marquez,owilson@example.com,Basic,Canada,Mobile App,Reporting Engine,TKT-1365E32591,Login stuck on loading screen,"I think I made a mistake.

after changing my email address, I tried to access my account using Mozilla Firefox on my iPad running iPadOS 17. The system displays 'Invalid credentials'.

Please guide me.",Login,High,Negative,Authentication Team,Open
Patrick Mitchell,tperez@example.net,Enterprise,India,Phone,Mobile Application,TKT-61CFED503B,Unable to verify account,"I think I made a mistake.

after resetting my device, I tried to access my account using Mozilla Firefox on my iPad running iPadOS 17. The system displays 'Permission denied'.

I already updated my browser, but the issue still persists.

Please guide me.",Account,Medium,Negative,Account Support Team,Open
Mary Smith,elarson@example.org,Premium,United Kingdom,Website,API Platform,TKT-BE0AF8659C,Refund confirmation missing,"Good day,

after changing my browser, I tried to access my account using Google Chrome on my MacBook Pro running macOS Sequoia. The system displays 'Refund service unavailable'.

I already checked my bank statement, but the issue still persists.

I would appreciate your help.",Refund,High,Negative,Billing Team,Open
Crystal Sosa,allison03@example.org,Free,UAE,Website,Mobile Application,TKT-816DD9A354,Unable to verify account,"Dear Support,

while using office Wi-Fi, I tried to access my account using Safari on my MacBook Pro running macOS Sonoma. The system displays 'Validation failed'.

I am using MacBook Pro running macOS Sonoma with Safari.

Kindly assist me with resolving this problem.",Account,Low,Neutral,Account Support Team,Open
Michael Wilson,duncanbrittany@example.net,Free,United Kingdom,Chat,Reporting Engine,TKT-0B894A3826,Password reset email not received,"This issue keeps happening.

after modifying my account details, I tried to access my account using Mozilla Firefox on my Android Phone running Android 14. The system displays 'Unexpected server error'.

I am using Android Phone running Android 14 with Mozilla Firefox.

Please fix this soon.",Password Reset,Low,Neutral,Authentication Team,Open
Kathryn Smith,benjamintiffany@example.com,Enterprise,Japan,Mobile App,API Platform,TKT-62BE35409B,Account locked after multiple attempts,"I've already tried everything.

while connected to mobile data, I tried to access my account using Safari on my iPad running iPadOS 18. The system displays 'Authentication failed'.

I already restarted the application, but the issue still persists.

I need help immediately.",Login,Medium,Negative,Authentication Team,Open
Tanya Nguyen,clarencecampbell@example.org,Basic,Canada,Website,API Platform,TKT-9AB1BC56CA,Unable to access dashboard,"I'm extremely disappointed.

after enabling two-factor authentication, I tried to access my account using Mozilla Firefox on my iPad running iPadOS 17. The system displays 'Unexpected server error'.

I am using iPad running iPadOS 17 with Mozilla Firefox.

This level of service is unacceptable.",Login,Medium,Negative,Authentication Team,Open
Louis Bolton,alexandrabyrd@example.com,Free,USA,Website,Cloud Storage,TKT-CEC4A410D3,Password change failed,"Why is this still happening?

after buying a new laptop, I tried to access my account using Safari on my Android Phone running Android 15. The system displays 'OTP expired'.

Fix this immediately!",Password Reset,Medium,Neutral,Authentication Team,Open
Dustin Francis,bryantjessica@example.com,Free,Singapore,Email,AI Analytics Platform,TKT-1DA942C0E2,Incorrect billing amount,"while using office Wi-Fi, I tried to access my account using Google Chrome on my Linux Desktop running Fedora 41. The system displays 'Card declined'.",Billing,High,Negative,Billing Team,Open
Becky Perez,dennisrobert@example.com,Enterprise,Germany,Mobile App,API Platform,TKT-8236C60206,Duplicate payment refund,"Hi Team,

after enabling two-factor authentication, I tried to access my account using Microsoft Edge on my Android Phone running Android 14. The system displays 'Unexpected server error'.

Kindly assist me with resolving this problem.",Refund,Medium,Negative,Billing Team,Open
Teresa Horn,torresrobert@example.net,Free,Canada,Mobile App,Reporting Engine,TKT-33705991C4,Account verification pending,"Hi Team,

after entering the wrong password several times, I tried to access my account using Google Chrome on my Windows Laptop running Windows 10. The system displays 'Permission denied'.

I already used another device, but the issue still persists.

My profile is incomplete.

Looking forward to your response.",Account,Medium,Negative,Account Support Team,Open
Charles Jones,hcompton@example.net,Enterprise,Singapore,Website,API Platform,TKT-EBE47A5DDC,Billing statement incorrect,"Good morning,

after changing my browser, I tried to access my account using Safari on my iPad running iPadOS 18. The system displays 'Transaction failed'.

This problem is affecting my work.

I cannot complete my purchase.

Thank you in advance.",Billing,Medium,Negative,Billing Team,Open
Geoffrey Brown,nichole47@example.com,Basic,UAE,Chat,Mobile Application,TKT-72508811B6,Account locked,"after installing the latest version, I tried to access my account using Google Chrome on my MacBook Pro running macOS Sequoia. The system displays 'Verification failed'.",Account,Medium,Neutral,Account Support Team,Open
Sandra Obrien,ypineda@example.net,Free,Germany,Email,Mobile Application,TKT-06527449C0,Cannot create new password,"This is unacceptable!

after entering the wrong password several times, I tried to access my account using Microsoft Edge on my Android Phone running Android 15. The system displays 'Email not recognized'.

I already tried another browser, but the issue still persists.

My work is delayed.

This level of service is unacceptable.",Password Reset,Medium,Negative,Authentication Team,Open
Jennifer Oliver,jonesamy@example.org,Premium,USA,Mobile App,Web Dashboard,TKT-7ADE0C1B2E,Organization details incorrect,"Hello Support Team,

after updating my phone number, I tried to access my account using Microsoft Edge on my iPhone running iOS 17. The system displays 'Unexpected server error'.

Looking forward to your response.",Account,Low,Neutral,Account Support Team,Open
Michael Smith,susan01@example.com,Enterprise,Japan,Mobile App,Reporting Engine,TKT-4A43D029A5,Unable to login,"Good morning,

while using office Wi-Fi, I tried to access my account using Google Chrome on my iPad running iPadOS 17. The system displays 'Internal server error'.

I already tried another browser, but the issue still persists.

My support team is blocked.

Please assist me.",Login,High,Negative,Authentication Team,Open
Dr. Jessica Cherry MD,audrey56@example.net,Basic,Australia,Email,Payment Gateway,TKT-7B2E425985,Unable to verify account,"Hello Support Team,

after updating the mobile application, I tried to access my account using Google Chrome on my iPhone running iOS 17. The system displays 'Validation failed'.

I already updated my browser, but the issue still persists.

Kindly assist me with resolving this problem.",Account,Low,Negative,Account Support Team,Open
Wanda Alexander,davisjuan@example.net,Enterprise,Australia,Email,Reporting Engine,TKT-F80566A901,Reset link expired,"after installing the latest version, I tried to access my account using Mozilla Firefox on my iPad running iPadOS 18. The system displays 'OTP expired'.

I already tried another browser, but the issue still persists.

My work is delayed.",Password Reset,Medium,Neutral,Authentication Team,Open
Luis Trevino,ryan93@example.org,Premium,Canada,Mobile App,Cloud Storage,TKT-590AD81AA5,Automatic payment failed,"I think I made a mistake.

while using office Wi-Fi, I tried to access my account using Safari on my iPhone running iOS 17. The system displays 'Card declined'.

Please guide me.",Billing,Medium,Negative,Billing Team,Open
Aaron Dominguez,omurphy@example.com,Enterprise,Germany,Email,Reporting Engine,TKT-24D231CF05,Unable to verify account,"Hi,

after resetting my device, I tried to access my account using Mozilla Firefox on my iPhone running iOS 17. The system displays 'Validation failed'.

Can someone help me?",Account,Low,Neutral,Account Support Team,Open
David Adams,zortiz@example.net,Basic,India,Website,CRM Suite,TKT-1CBE0F767C,Password reset page not working,"This is unacceptable!

after my session expired, I tried to access my account using Mozilla Firefox on my MacBook Pro running macOS Sonoma. The system displays 'OTP expired'.

This problem is affecting my work.

I cannot continue using the platform.

I expect this to be resolved today.",Password Reset,Medium,Negative,Authentication Team,Open
Richard Smith,amandawilliams@example.net,Free,India,Mobile App,CRM Suite,TKT-7C112819DB,Incorrect billing amount,"This issue keeps happening.

after changing my browser, I tried to access my account using Microsoft Edge on my Windows Laptop running Windows 10. The system displays 'Transaction failed'.

This is affecting my work.",Billing,Medium,Negative,Billing Team,Open
Veronica Thompson,caroline15@example.org,Enterprise,Australia,Website,CRM Suite,TKT-55DFC13ED9,Duplicate payment refund,"after changing my browser, I tried to access my account using Google Chrome on my Linux Desktop running Ubuntu 24.04. The system displays 'Refund processing failed'.",Refund,High,Negative,Billing Team,Open
Miguel Frazier,jessicayu@example.net,Free,UAE,Chat,Cloud Storage,TKT-D07CCD252E,Unable to login,"while connected to mobile data, I tried to access my account using Mozilla Firefox on my Android Phone running Android 14. The system displays 'Unexpected server error'.

I already restarted the application, but the issue still persists.

My support team is blocked.",Login,Medium,Negative,Authentication Team,Open
Anna Mejia,gregory43@example.net,Enterprise,United Kingdom,Email,CRM Suite,TKT-C9D9FDFE92,Premium features unavailable,"Good morning,

after reinstalling the application, I tried to access my account using Google Chrome on my MacBook Pro running macOS Sonoma. The system displays 'Subscription service unavailable'.

I already used another browser, but the issue still persists.

The subscription is inactive.

Please assist me.",Subscription,Medium,Neutral,Subscription Team,Open
Katherine Hester,ojones@example.com,Free,Germany,Chat,CRM Suite,TKT-8317DEA6BA,Double charged,"Good day,

after installing the latest version, I tried to access my account using Microsoft Edge on my iPhone running iOS 18. The system displays 'Card declined'.

I already cleared browser cache, but the issue still persists.

Looking forward to your response.",Billing,Medium,Negative,Billing Team,Open
Taylor Blankenship,ymclean@example.net,Enterprise,UAE,Mobile App,AI Analytics Platform,TKT-AF43215838,Two-factor authentication failed,"Hello,

after changing my email address, I tried to access my account using Google Chrome on my Windows Laptop running Windows 11. The system displays 'Invalid credentials'.

I already reset my password, but the issue still persists.

Please assist me.",Login,Medium,Negative,Authentication Team,Open
Michelle Cox,tanner08@example.net,Basic,Germany,Website,Payment Gateway,TKT-1A2487C927,Cancel subscription,"while connected to mobile data, I tried to access my account using Mozilla Firefox on my iPad running iPadOS 17. The system displays 'Payment verification failed'.",Subscription,Medium,Negative,Subscription Team,Open
John Norris,lindsay14@example.com,Free,Germany,Website,API Platform,TKT-43FC0CA6ED,Profile information incorrect,"Can someone explain this?

after updating my phone number, I tried to access my account using Safari on my Linux Desktop running Ubuntu 24.04. The system displays 'Verification failed'.

I am using Linux Desktop running Ubuntu 24.04 with Safari.

Thank you.",Account,Low,Neutral,Account Support Team,Open
Joseph Daniels,marcodougherty@example.org,Premium,Brazil,Chat,API Platform,TKT-9F3A5D9E56,Cannot create new password,"Hello,

after updating my phone number, I tried to access my account using Google Chrome on my Windows Laptop running Windows 11. The system displays 'OTP expired'.

This is becoming difficult.

I cannot continue using the platform.

Please assist me.",Password Reset,Low,Negative,Authentication Team,Open
Luis Goodwin,codyholt@example.net,Premium,UAE,Email,Cloud Storage,TKT-A09BD539EC,Unable to reset password,"Hi Team,

after changing my browser, I tried to access my account using Google Chrome on my Windows Laptop running Windows 11. The system displays 'OTP expired'.

Kindly assist me with resolving this problem.",Password Reset,Low,Neutral,Authentication Team,Open
Debbie Brown,istone@example.net,Free,USA,Phone,Cloud Storage,TKT-8D3469EED9,Phone number update failed,"This issue keeps happening.

after reinstalling the application, I tried to access my account using Mozilla Firefox on my Linux Desktop running Fedora 41. The system displays 'Validation failed'.

I already cleared browser cache, but the issue still persists.

My team cannot use account features.

This is affecting my work.",Account,Low,Negative,Account Support Team,Open
Michael Landry,davidsmith@example.com,Premium,Brazil,Phone,Mobile Application,TKT-D8DE89D945,Trial expired unexpectedly,"after logging in from another location, I tried to access my account using Microsoft Edge on my Windows Laptop running Windows 10. The system displays 'Payment verification failed'.",Subscription,Medium,Neutral,Subscription Team,Open
Penny Wheeler,hammondkim@example.net,Enterprise,Canada,Website,CRM Suite,TKT-F33327AB5A,Unable to reset password,"Can someone explain this?

after changing my email address, I tried to access my account using Microsoft Edge on my MacBook Pro running macOS Sequoia. The system displays 'OTP expired'.

This problem is affecting my work.

My work is delayed.

Please guide me.",Password Reset,Low,Negative,Authentication Team,Open
Michelle Smith,johnsonjoseph@example.org,Enterprise,Australia,Website,Payment Gateway,TKT-1998142DD8,Plan changed automatically,"Good morning,

after logging in from another location, I tried to access my account using Safari on my MacBook Pro running macOS Sequoia. The system displays 'Plan activation failed'.

Can someone help me?",Subscription,Medium,Neutral,Subscription Team,Open
Jonathan Tyler,jamessmith@example.org,Free,Australia,Phone,Cloud Storage,TKT-7F22AB7DC0,Profile information incorrect,"I'm extremely disappointed.

after switching to a new phone, I tried to access my account using Microsoft Edge on my MacBook Pro running macOS Sonoma. The system displays 'Verification failed'.

My profile is incomplete.

Fix this immediately!",Account,Low,Negative,Account Support Team,Open
Dustin Martin,gavin18@example.net,Enterprise,Germany,Email,Cloud Storage,TKT-E3F3B664B4,Request refund,"This is unacceptable!

after changing my browser, I tried to access my account using Microsoft Edge on my Linux Desktop running Fedora 41. The system displays 'Refund processing failed'.

I am using Linux Desktop running Fedora 41 with Microsoft Edge.

Fix this immediately!",Refund,High,Negative,Billing Team,Open
Eric Leblanc,doris31@example.org,Free,Japan,Chat,Payment Gateway,TKT-241A331E1D,Subscription not activated,"This is unacceptable!

after modifying my account details, I tried to access my account using Safari on my iPhone running iOS 18. The system displays 'Subscription service unavailable'.

I already used another browser, but the issue still persists.

I expect this to be resolved today.",Subscription,Medium,Neutral,Subscription Team,Open
Sharon Owens,crystal75@example.net,Premium,Singapore,Email,Payment Gateway,TKT-CA25291EB0,Payment failed,"Why is this still happening?

after installing the latest version, I tried to access my account using Mozilla Firefox on my iPhone running iOS 17. The system displays 'Billing service unavailable'.

I already contacted my bank, but the issue still persists.

This level of service is unacceptable.",Billing,High,Negative,Billing Team,Open
Erik Moore,jnash@example.com,Basic,Canada,Email,API Platform,TKT-D5004FB905,Double charged,"Hello Support Team,

after reinstalling the application, I tried to access my account using Mozilla Firefox on my Linux Desktop running Fedora 41. The system displays 'Billing service unavailable'.

I already contacted my bank, but the issue still persists.

I would appreciate your help.",Billing,High,Negative,Billing Team,Open
Peter Sullivan,ryanchristina@example.com,Basic,Japan,Website,Cloud Storage,TKT-3C88EA37E3,Account locked,"I'm really frustrated.

after enabling two-factor authentication, I tried to access my account using Google Chrome on my Android Phone running Android 14. The system displays 'Permission denied'.

I already logged out and logged back in, but the issue still persists.

My profile is incomplete.

Please fix this soon.",Account,Low,Neutral,Account Support Team,Open
Gary Bauer,angelafrost@example.org,Premium,USA,Email,API Platform,TKT-F36D8AD1E7,Login failed,"after buying a new laptop, I tried to access my account using Mozilla Firefox on my Windows Laptop running Windows 11. The system displays 'Session expired'.",Login,Medium,Negative,Authentication Team,Open
Brandon Brown,pharris@example.net,Enterprise,Canada,Email,CRM Suite,TKT-F46C7C23F5,Tax calculation issue,"while travelling abroad, I tried to access my account using Google Chrome on my iPhone running iOS 18. The system displays 'Unexpected payment error'.

I already retried the payment, but the issue still persists.

Our finance team is waiting for this invoice.",Billing,High,Negative,Billing Team,Open
Christine Stout,allenchristopher@example.com,Basic,Germany,Email,Payment Gateway,TKT-0A19F74B85,Login failed,"Good morning,

while travelling abroad, I tried to access my account using Microsoft Edge on my Linux Desktop running Ubuntu 24.04. The system displays 'Access denied'.

Please assist me.",Login,High,Negative,Authentication Team,Open
Priscilla Jones,lisa53@example.net,Basic,Australia,Website,API Platform,TKT-C1B9FB9EA9,Account verification pending,"after buying a new laptop, I tried to access my account using Mozilla Firefox on my Android Phone running Android 14. The system displays 'Verification failed'.

I already updated my browser, but the issue still persists.

Business information is incorrect.",Account,Medium,Negative,Account Support Team,Open
Mrs. Jessica Pugh,dana02@example.org,Basic,United Kingdom,Website,Cloud Storage,TKT-3D47E66177,Unable to verify account,"This issue keeps happening.

after changing my email address, I tried to access my account using Mozilla Firefox on my Android Phone running Android 15. The system displays 'Profile update failed'.

I already cleared browser cache, but the issue still persists.

My profile is incomplete.

Please fix this soon.",Account,Medium,Neutral,Account Support Team,Open
Lindsey Griffin,qolson@example.com,Enterprise,United Kingdom,Website,AI Analytics Platform,TKT-F35D47D2DA,Authentication error,"while using office Wi-Fi, I tried to access my account using Mozilla Firefox on my iPhone running iOS 18. The system displays 'Invalid credentials'.

I already reset my password, but the issue still persists.

I cannot continue my work.",Login,High,Negative,Authentication Team,Open
Amber Wagner,jeffreygutierrez@example.com,Premium,India,Mobile App,Cloud Storage,TKT-DAB7857DB1,Cancelled order refund,"while using office Wi-Fi, I tried to access my account using Microsoft Edge on my iPhone running iOS 17. The system displays 'Payment verification failed'.",Refund,High,Negative,Billing Team,Open
Cathy Brown,andersonsheryl@example.com,Free,Germany,Mobile App,Reporting Engine,TKT-7053D346A6,Cancelled order refund,"I think I made a mistake.

after reinstalling the application, I tried to access my account using Google Chrome on my Linux Desktop running Ubuntu 24.04. The system displays 'Refund service unavailable'.

I already verified my payment details, but the issue still persists.

Please guide me.",Refund,Medium,Negative,Billing Team,Open
Zachary Roberts,william74@example.org,Enterprise,Brazil,Website,API Platform,TKT-7EC37D0D50,Cannot sign in,"Hi Team,

after entering the wrong password several times, I tried to access my account using Mozilla Firefox on my MacBook Pro running macOS Sequoia. The system displays 'Authentication failed'.

I already reset my password, but the issue still persists.

My support team is blocked.

Could you please investigate this issue?",Login,Medium,Negative,Authentication Team,Open
Kimberly Smith,alejandraglenn@example.net,Premium,USA,Website,Reporting Engine,TKT-ADDC606349,Incorrect billing amount,"I'm not sure what's happening.

after switching to a new phone, I tried to access my account using Google Chrome on my iPad running iPadOS 17. The system displays 'Invoice generation failed'.

I already used another browser, but the issue still persists.

Our finance team is waiting for this invoice.

Please guide me.",Billing,Medium,Negative,Billing Team,Open
Veronica Davis,jonathanpayne@example.com,Premium,USA,Phone,Mobile Application,TKT-074E9673E0,Temporary password not working,"after modifying my account details, I tried to access my account using Google Chrome on my Android Phone running Android 14. The system displays 'Verification failed'.

I already tried another browser, but the issue still persists.

My work is delayed.",Password Reset,Low,Negative,Authentication Team,Open
Elizabeth Roth,odavidson@example.net,Free,United Kingdom,Chat,Mobile Application,TKT-70CC17B3F9,Cannot create new password,"This is unacceptable!

after entering the wrong password several times, I tried to access my account using Microsoft Edge on my Windows Laptop running Windows 10. The system displays 'Invalid reset token'.

I expect this to be resolved today.",Password Reset,Medium,Negative,Authentication Team,Open
Jennifer Holmes,brownharry@example.net,Free,India,Phone,Cloud Storage,TKT-CDFBB3608D,Business profile issue,"This is unacceptable!

after modifying my account details, I tried to access my account using Google Chrome on my Android Phone running Android 15. The system displays 'Validation failed'.

I already logged out and logged back in, but the issue still persists.

I expect this to be resolved today.",Account,Medium,Neutral,Account Support Team,Open
Catherine Smith,cdickson@example.net,Enterprise,UAE,Phone,Cloud Storage,TKT-DDD0E7DEA3,Unable to verify account,"I've already tried everything.

after logging in from another location, I tried to access my account using Safari on my Android Phone running Android 15. The system displays 'Unexpected server error'.

I am using Android Phone running Android 15 with Safari.

This is affecting my work.",Account,Low,Neutral,Account Support Team,Open
James Rodriguez,yangstephanie@example.net,Premium,Japan,Email,API Platform,TKT-5D83CABC38,Phone number update failed,"I've already tried everything.

after changing my email address, I tried to access my account using Google Chrome on my Android Phone running Android 15. The system displays 'Profile update failed'.

My profile is incomplete.

Please fix this soon.",Account,Low,Negative,Account Support Team,Open
Jill Schmitt,debbieguzman@example.com,Enterprise,Canada,Phone,AI Analytics Platform,TKT-291AD58127,Profile information incorrect,"after changing my browser, I tried to access my account using Safari on my Android Phone running Android 14. The system displays 'Validation failed'.",Account,Low,Negative,Account Support Team,Open
Edward Green,bnorton@example.net,Basic,USA,Phone,Cloud Storage,TKT-E50614B006,Downgrade request,"Good morning,

while using office Wi-Fi, I tried to access my account using Safari on my MacBook Pro running macOS Sequoia. The system displays 'Plan activation failed'.

I already used another browser, but the issue still persists.

Please assist me.",Subscription,Medium,Neutral,Subscription Team,Open
Paul Strickland,ethan62@example.com,Enterprise,Singapore,Email,Mobile Application,TKT-4BA32A7524,Account verification pending,"after enabling two-factor authentication, I tried to access my account using Google Chrome on my iPhone running iOS 18. The system displays 'Unexpected server error'.

I already logged out and logged back in, but the issue still persists.

My profile is incomplete.",Account,Medium,Neutral,Account Support Team,Open
Timothy Garcia,bryan19@example.org,Free,Australia,Email,CRM Suite,TKT-0A178239CD,Unable to login,"I think I made a mistake.

after switching to a new phone, I tried to access my account using Mozilla Firefox on my iPhone running iOS 18. The system displays 'Invalid credentials'.

Please guide me.",Login,High,Negative,Authentication Team,Open
Andrew Brooks DVM,joannaparker@example.com,Free,Canada,Mobile App,AI Analytics Platform,TKT-C06114E84E,Unable to update profile,"I'm really frustrated.

after installing the latest version, I tried to access my account using Safari on my iPhone running iOS 18. The system displays 'Permission denied'.

I already logged out and logged back in, but the issue still persists.

This is affecting my work.",Account,Low,Negative,Account Support Team,Open
David Miller,roberthuffman@example.net,Free,United Kingdom,Phone,API Platform,TKT-D68A222AA2,Cancel subscription,"Hello,

after changing my browser, I tried to access my account using Safari on my Android Phone running Android 15. The system displays 'Subscription service unavailable'.

Thank you in advance.",Subscription,Medium,Neutral,Subscription Team,Open
John Wade,vincent39@example.net,Free,USA,Mobile App,Cloud Storage,TKT-B508374FCF,Incorrect billing amount,"after logging in from another location, I tried to access my account using Microsoft Edge on my iPad running iPadOS 18. The system displays 'Transaction failed'.

I already used another browser, but the issue still persists.

Our subscription has been interrupted.",Billing,Medium,Negative,Billing Team,Open
Erika Morton,tylersingh@example.org,Premium,Japan,Website,CRM Suite,TKT-821F05D778,Cancelled order refund,"I'm extremely disappointed.

after logging in from another location, I tried to access my account using Microsoft Edge on my Linux Desktop running Ubuntu 24.04. The system displays 'Refund service unavailable'.

I already checked my bank statement, but the issue still persists.

Fix this immediately!",Refund,High,Negative,Billing Team,Open
Kim Douglas,xdoyle@example.net,Free,Canada,Email,Cloud Storage,TKT-58D8C4DE2A,Refund not received,"I'm not sure what's happening.

after resetting my device, I tried to access my account using Mozilla Firefox on my Windows Laptop running Windows 11. The system displays 'Unexpected server error'.

Thank you.",Refund,Medium,Negative,Billing Team,Open
Heather Jimenez,byrdsarah@example.net,Basic,Canada,Phone,Cloud Storage,TKT-C746F5F26F,Invoice missing,"I think I made a mistake.

after modifying my account details, I tried to access my account using Microsoft Edge on my iPhone running iOS 18. The system displays 'Invoice generation failed'.

Our finance team is waiting for this invoice.

I'd appreciate some help.",Billing,High,Negative,Billing Team,Open
Stephen Hebert,dominguezalex@example.org,Free,India,Mobile App,Payment Gateway,TKT-3F5D8E1319,Request refund,"Hello,

after buying a new laptop, I tried to access my account using Google Chrome on my Android Phone running Android 14. The system displays 'Refund service unavailable'.

I already verified my payment details, but the issue still persists.

My funds are still unavailable.

Thank you in advance.",Refund,Medium,Negative,Billing Team,Open
Craig Robinson,qstevenson@example.net,Basic,Japan,Phone,Web Dashboard,TKT-8E2B738039,Incorrect billing amount,"I think I made a mistake.

after installing the latest version, I tried to access my account using Microsoft Edge on my iPad running iPadOS 17. The system displays 'Card declined'.

I already retried the payment, but the issue still persists.

Please guide me.",Billing,Medium,Negative,Billing Team,Open
Nicholas Martin,tbates@example.com,Enterprise,USA,Website,CRM Suite,TKT-DB9DA0949D,Login page not responding,"This issue keeps happening.

after logging in from another location, I tried to access my account using Google Chrome on my Android Phone running Android 15. The system displays 'Invalid credentials'.

This problem is affecting my work.

My support team is blocked.

I need help immediately.",Login,High,Negative,Authentication Team,Open
Jade Trujillo,susan40@example.com,Premium,UAE,Email,CRM Suite,TKT-5A71452F56,Plan changed automatically,"after switching to a new phone, I tried to access my account using Safari on my Windows Laptop running Windows 10. The system displays 'Payment verification failed'.",Subscription,Medium,Neutral,Subscription Team,Open
Angela Hill,jeansullivan@example.com,Basic,USA,Mobile App,Payment Gateway,TKT-5D29A4FB4C,Password reset email not received,"while travelling abroad, I tried to access my account using Mozilla Firefox on my MacBook Pro running macOS Sonoma. The system displays 'Verification failed'.",Password Reset,Low,Neutral,Authentication Team,Open
Gregg Mueller,haynesjustin@example.org,Premium,USA,Chat,Mobile Application,TKT-16485B7D07,Subscription invoice issue,"I've already tried everything.

after buying a new laptop, I tried to access my account using Google Chrome on my Linux Desktop running Fedora 41. The system displays 'Subscription service unavailable'.

This is becoming difficult.

The subscription is inactive.

This is affecting my work.",Subscription,Medium,Neutral,Subscription Team,Open
Melissa Miller,benjamincarrillo@example.com,Basic,UAE,Website,AI Analytics Platform,TKT-1DD563E082,Business profile issue,"Hello,

after logging in from another location, I tried to access my account using Mozilla Firefox on my Android Phone running Android 14. The system displays 'Verification failed'.

I am using Android Phone running Android 14 with Mozilla Firefox.

Can someone help me?",Account,Medium,Negative,Account Support Team,Open
Katie Shelton,richard60@example.com,Premium,Brazil,Chat,AI Analytics Platform,TKT-6D7FE262C3,Automatic payment failed,"Hello,

after enabling two-factor authentication, I tried to access my account using Microsoft Edge on my iPad running iPadOS 18. The system displays 'Billing service unavailable'.

Please assist me.",Billing,High,Negative,Billing Team,Open
Cheryl Ortega,ricardocampbell@example.org,Basic,Canada,Mobile App,Payment Gateway,TKT-0DE4C1CF26,Unable to upgrade plan,"after updating my phone number, I tried to access my account using Microsoft Edge on my iPhone running iOS 17. The system displays 'Renewal failed'.

I already used another browser, but the issue still persists.

The subscription is inactive.",Subscription,Medium,Negative,Subscription Team,Open
Jeffrey Bauer,michaelstewart@example.net,Free,Germany,Mobile App,Cloud Storage,TKT-6DB0B42652,Payment failed,"I'm extremely disappointed.

after modifying my account details, I tried to access my account using Google Chrome on my MacBook Pro running macOS Sequoia. The system displays 'Payment gateway timeout'.

I am using MacBook Pro running macOS Sequoia with Google Chrome.

This level of service is unacceptable.",Billing,Medium,Negative,Billing Team,Open
Jessica Palmer,rodriguezjose@example.com,Enterprise,Canada,Email,Reporting Engine,TKT-23702AB99A,Duplicate payment refund,"This is unacceptable!

while connected to mobile data, I tried to access my account using Mozilla Firefox on my iPhone running iOS 17. The system displays 'Refund processing failed'.

Fix this immediately!",Refund,Medium,Negative,Billing Team,Open
Jesse Adams,christy36@example.com,Basic,Germany,Phone,Reporting Engine,TKT-8E9081A2E4,Change registered email,"after changing my email address, I tried to access my account using Microsoft Edge on my Linux Desktop running Ubuntu 24.04. The system displays 'Validation failed'.

I already used another device, but the issue still persists.

My team cannot use account features.",Account,Medium,Negative,Account Support Team,Open
Matthew Vance,angelabrown@example.com,Basic,Australia,Mobile App,Web Dashboard,TKT-6B3182A1A8,Unable to reset password,"I'm really frustrated.

after installing the latest version, I tried to access my account using Safari on my Windows Laptop running Windows 11. The system displays 'Unexpected server error'.

I already requested another reset email, but the issue still persists.

This is affecting my work.",Password Reset,Low,Neutral,Authentication Team,Open
Todd Oliver,samuel36@example.net,Enterprise,Brazil,Website,API Platform,TKT-7D1F12790B,Unable to download invoice,"after switching to a new phone, I tried to access my account using Safari on my Windows Laptop running Windows 10. The system displays 'Billing service unavailable'.

I already cleared browser cache, but the issue still persists.

Our finance team is waiting for this invoice.",Billing,High,Negative,Billing Team,Open
Wayne Henson,boydmichael@example.org,Basic,India,Mobile App,Cloud Storage,TKT-7A04F63A61,Partial refund received,"Can someone explain this?

while using office Wi-Fi, I tried to access my account using Google Chrome on my Windows Laptop running Windows 10. The system displays 'Refund processing failed'.

I'm worried about this issue.

This is affecting my business expenses.

Thank you.",Refund,Medium,Negative,Billing Team,Open
Jamie Anderson,egonzalez@example.org,Basic,UAE,Phone,API Platform,TKT-298DC02C5F,Login page not responding,"after updating the mobile application, I tried to access my account using Google Chrome on my Windows Laptop running Windows 10. The system displays 'Invalid credentials'.

I already cleared browser cache, but the issue still persists.

My support team is blocked.",Login,Medium,Negative,Authentication Team,Open
Walter Yates,matthewtaylor@example.com,Premium,Germany,Website,Cloud Storage,TKT-6BCBBAA79A,Cancel subscription,"Hello,

after reinstalling the application, I tried to access my account using Google Chrome on my MacBook Pro running macOS Sonoma. The system displays 'Renewal failed'.

This problem is affecting my work.

Premium features are unavailable.

Thank you in advance.",Subscription,Medium,Negative,Subscription Team,Open
Laura Shannon,hillolivia@example.com,Enterprise,Germany,Mobile App,API Platform,TKT-FAD7DE7147,Password reset page not working,"I'm extremely disappointed.

after changing my email address, I tried to access my account using Safari on my Windows Laptop running Windows 11. The system displays 'Invalid reset token'.

I am using Windows Laptop running Windows 11 with Safari.

I expect this to be resolved today.",Password Reset,Medium,Neutral,Authentication Team,Open
Jessica Cummings MD,rclarke@example.net,Free,Germany,Mobile App,CRM Suite,TKT-902AC668BF,Unable to access dashboard,"after entering the wrong password several times, I tried to access my account using Safari on my iPad running iPadOS 18. The system displays 'Connection timeout'.

I already reset my password, but the issue still persists.

Customers are waiting for a response.",Login,Medium,Negative,Authentication Team,Open
Jennifer Anderson,lawrencegilbert@example.net,Premium,United Kingdom,Phone,Reporting Engine,TKT-8631B00D36,Login stuck on loading screen,"Hi Team,

after updating the mobile application, I tried to access my account using Google Chrome on my Linux Desktop running Ubuntu 24.04. The system displays 'Authentication failed'.

I already tried another browser, but the issue still persists.

My business operations are affected.

Looking forward to your response.",Login,Medium,Negative,Authentication Team,Open
William Baird,gregbest@example.org,Premium,Japan,Phone,Cloud Storage,TKT-0E98212AF7,Unable to upgrade plan,"after buying a new laptop, I tried to access my account using Microsoft Edge on my MacBook Pro running macOS Sonoma. The system displays 'Payment verification failed'.",Subscription,Medium,Negative,Subscription Team,Open
Troy Welch,svega@example.org,Enterprise,USA,Mobile App,API Platform,TKT-177242FF74,Unable to update profile,"Why is this still happening?

after switching to a new phone, I tried to access my account using Mozilla Firefox on my Linux Desktop running Ubuntu 24.04. The system displays 'Profile update failed'.

I'm really frustrated.

Business information is incorrect.

I expect this to be resolved today.",Account,Low,Neutral,Account Support Team,Open
Patrick Bennett,scott40@example.net,Basic,Australia,Phone,Payment Gateway,TKT-4185D5C511,Subscription missing,"Hello,

after enabling two-factor authentication, I tried to access my account using Safari on my Linux Desktop running Fedora 41. The system displays 'Plan activation failed'.

I'm really frustrated.

My team cannot continue working.

Can someone help me?",Subscription,Medium,Neutral,Subscription Team,Open
James Dalton,rzimmerman@example.com,Free,Canada,Phone,Cloud Storage,TKT-C901BBFC2C,Unexpected logout after login,"Hi Team,

after modifying my account details, I tried to access my account using Safari on my iPhone running iOS 17. The system displays 'Unexpected server error'.

I'm really frustrated.

My support team is blocked.

Looking forward to your response.",Login,Medium,Negative,Authentication Team,Open
Maureen Wilson,matthew13@example.org,Premium,Singapore,Email,Mobile Application,TKT-FED9C85AB2,Request refund,"Good morning,

after switching to a new phone, I tried to access my account using Google Chrome on my Android Phone running Android 15. The system displays 'Refund service unavailable'.

I am using Android Phone running Android 15 with Google Chrome.

Thank you in advance.",Refund,High,Negative,Billing Team,Open
Adam Andrews,leonjohnson@example.org,Premium,Singapore,Website,API Platform,TKT-0AFC260737,Reset code invalid,"after changing my email address, I tried to access my account using Microsoft Edge on my iPhone running iOS 17. The system displays 'Email not recognized'.",Password Reset,Medium,Neutral,Authentication Team,Open
Briana Roberts,mary31@example.org,Premium,India,Website,Reporting Engine,TKT-EA68CD8A3F,Account locked,"after reinstalling the application, I tried to access my account using Google Chrome on my Linux Desktop running Fedora 41. The system displays 'Validation failed'.

I already cleared browser cache, but the issue still persists.

Business information is incorrect.",Account,Medium,Negative,Account Support Team,Open
Tina Wilkins,lindseygeorge@example.net,Free,Australia,Phone,Web Dashboard,TKT-04E2C73A27,Cannot create new password,"Hello,

after changing my email address, I tried to access my account using Microsoft Edge on my Linux Desktop running Fedora 41. The system displays 'OTP expired'.

This is becoming difficult.

I cannot access my account.

Thank you in advance.",Password Reset,Low,Neutral,Authentication Team,Open
Joshua Barrett,sfrench@example.com,Enterprise,United Kingdom,Website,Payment Gateway,TKT-9BC9765FFA,Incorrect billing amount,"Hi,

after logging in from another location, I tried to access my account using Safari on my Linux Desktop running Fedora 41. The system displays 'Invoice generation failed'.

I already contacted my bank, but the issue still persists.

Our subscription has been interrupted.

Please assist me.",Billing,High,Negative,Billing Team,Open
Lori Wade,russell55@example.com,Premium,UAE,Website,CRM Suite,TKT-DF05ACB167,Unable to reset password,"I'm not sure what's happening.

after logging in from another location, I tried to access my account using Microsoft Edge on my iPhone running iOS 18. The system displays 'Reset token expired'.

I already checked my spam folder, but the issue still persists.

Please guide me.",Password Reset,Low,Neutral,Authentication Team,Open
Tyler Russell,xjackson@example.net,Free,Singapore,Website,AI Analytics Platform,TKT-2EEBFCFC2B,Refund taking too long,"Can someone explain this?

after updating the mobile application, I tried to access my account using Mozilla Firefox on my Android Phone running Android 14. The system displays 'Unexpected server error'.

My funds are still unavailable.

Thank you.",Refund,High,Negative,Billing Team,Open
Regina Velez,mwallace@example.net,Enterprise,UAE,Chat,Mobile Application,TKT-A335B1FD4D,Double charged,"This issue keeps happening.

while travelling abroad, I tried to access my account using Safari on my iPad running iPadOS 17. The system displays 'Unexpected payment error'.

I cannot complete my purchase.

Please fix this soon.",Billing,High,Negative,Billing Team,Open
Robert Miles,fraymond@example.net,Enterprise,Germany,Mobile App,Reporting Engine,TKT-2E90FCF6A3,Unexpected logout after login,"after updating the mobile application, I tried to access my account using Mozilla Firefox on my iPhone running iOS 17. The system displays 'Session expired'.

I already restarted the application, but the issue still persists.

My support team is blocked.",Login,High,Negative,Authentication Team,Open
Andrea Kim,joshuaperry@example.net,Premium,Canada,Email,API Platform,TKT-FBEDB6A4B5,Credit card declined,"Good morning,

after modifying my account details, I tried to access my account using Google Chrome on my iPad running iPadOS 17. The system displays 'Transaction failed'.

Can someone help me?",Billing,High,Negative,Billing Team,Open
Nicole Patton,mgilbert@example.net,Basic,UAE,Website,AI Analytics Platform,TKT-6F58624112,Subscription invoice issue,"Why is this still happening?

after updating the mobile application, I tried to access my account using Mozilla Firefox on my Android Phone running Android 14. The system displays 'Plan activation failed'.

My team cannot continue working.

This level of service is unacceptable.",Subscription,Medium,Neutral,Subscription Team,Open
Bryce Robertson,rebekah79@example.net,Basic,United Kingdom,Phone,AI Analytics Platform,TKT-3467FC732A,Business profile issue,"I'm not sure what's happening.

after switching to a new phone, I tried to access my account using Google Chrome on my iPhone running iOS 17. The system displays 'Permission denied'.

I already cleared browser cache, but the issue still persists.

Please guide me.",Account,Medium,Negative,Account Support Team,Open
Levi Scott,tamarafernandez@example.org,Free,United Kingdom,Mobile App,API Platform,TKT-AB94F85E67,Refund rejected,"Hi,

after my session expired, I tried to access my account using Microsoft Edge on my iPad running iPadOS 17. The system displays 'Payment verification failed'.

This problem is affecting my work.

My funds are still unavailable.

Please assist me.",Refund,High,Negative,Billing Team,Open
Nathan Sullivan,michaelhenderson@example.org,Basic,UAE,Phone,Mobile Application,TKT-6F58F16F8E,Refund status unavailable,"I've already tried everything.

while travelling abroad, I tried to access my account using Safari on my Windows Laptop running Windows 11. The system displays 'Refund service unavailable'.

I already contacted customer support, but the issue still persists.

I need help immediately.",Refund,High,Negative,Billing Team,Open
Jeffrey Johnson,charlesroberts@example.org,Basic,Germany,Email,AI Analytics Platform,TKT-94F58DBE57,Account verification pending,"after logging in from another location, I tried to access my account using Microsoft Edge on my Android Phone running Android 15. The system displays 'Permission denied'.

I already logged out and logged back in, but the issue still persists.

My profile is incomplete.",Account,Low,Neutral,Account Support Team,Open
Maria Cruz,sarah56@example.com,Premium,UAE,Email,Cloud Storage,TKT-DC96E742E0,Double charged,"after updating my phone number, I tried to access my account using Mozilla Firefox on my iPad running iPadOS 18. The system displays 'Payment gateway timeout'.

I already contacted my bank, but the issue still persists.

Our subscription has been interrupted.",Billing,High,Negative,Billing Team,Open
Steven Hartman,paulolson@example.net,Free,Germany,Chat,Web Dashboard,TKT-BEB8597DBC,Temporary password not working,"after reinstalling the application, I tried to access my account using Mozilla Firefox on my Android Phone running Android 14. The system displays 'OTP expired'.",Password Reset,Low,Neutral,Authentication Team,Open
Dylan Paul,kylecook@example.com,Premium,Singapore,Email,Web Dashboard,TKT-491DEC978A,Unexpected logout after login,"Hi,

after changing my email address, I tried to access my account using Safari on my Android Phone running Android 14. The system displays 'Authentication failed'.

Can someone help me?",Login,Medium,Negative,Authentication Team,Open
Tina Erickson,marypatel@example.org,Basic,USA,Mobile App,Reporting Engine,TKT-7FE37C625E,Account locked,"I've already tried everything.

after logging in from another location, I tried to access my account using Mozilla Firefox on my iPhone running iOS 18. The system displays 'Validation failed'.

I already logged out and logged back in, but the issue still persists.

My profile is incomplete.

This is affecting my work.",Account,Low,Negative,Account Support Team,Open
Kevin Carter,michaeljohnson@example.com,Enterprise,Germany,Website,Mobile Application,TKT-EB9D014D05,Refund status unavailable,"Hi,

after logging in from another location, I tried to access my account using Safari on my Linux Desktop running Ubuntu 24.04. The system displays 'Refund processing failed'.

My funds are still unavailable.

Please assist me.",Refund,Medium,Negative,Billing Team,Open
Robert Smith,nicholsapril@example.org,Premium,Brazil,Website,Cloud Storage,TKT-559E8C062E,Payment failed,"I'm really frustrated.

after resetting my device, I tried to access my account using Microsoft Edge on my Windows Laptop running Windows 10. The system displays 'Transaction failed'.

I already used another browser, but the issue still persists.

I cannot complete my purchase.

I need help immediately.",Billing,Medium,Negative,Billing Team,Open
Bradley Cooper,adamsjustin@example.com,Premium,Germany,Phone,CRM Suite,TKT-1B3B2A5D09,Refund status unavailable,"I'm really frustrated.

after logging in from another location, I tried to access my account using Microsoft Edge on my MacBook Pro running macOS Sequoia. The system displays 'Refund service unavailable'.

I am using MacBook Pro running macOS Sequoia with Microsoft Edge.

This is affecting my work.",Refund,High,Negative,Billing Team,Open
Alexander Johnson,kristenyang@example.net,Free,Singapore,Mobile App,Payment Gateway,TKT-72C987842C,Refund taking too long,"after logging in from another location, I tried to access my account using Google Chrome on my Linux Desktop running Ubuntu 24.04. The system displays 'Payment verification failed'.",Refund,High,Negative,Billing Team,Open
Robert Jones,hmurphy@example.org,Free,Brazil,Email,Payment Gateway,TKT-9924D8C6DF,Request refund,"while travelling abroad, I tried to access my account using Google Chrome on my iPad running iPadOS 17. The system displays 'Refund service unavailable'.

I already verified my payment details, but the issue still persists.

This is affecting my business expenses.",Refund,High,Negative,Billing Team,Open
Maria Manning,william17@example.com,Premium,United Kingdom,Chat,Web Dashboard,TKT-BA80760198,Refund not received,"after changing my email address, I tried to access my account using Google Chrome on my Linux Desktop running Fedora 41. The system displays 'Refund processing failed'.

I already checked my bank statement, but the issue still persists.

This is affecting my business expenses.",Refund,Medium,Negative,Billing Team,Open
Renee Reilly,bgonzalez@example.net,Enterprise,Canada,Website,Payment Gateway,TKT-DAA289C3BF,Cancelled order refund,"after entering the wrong password several times, I tried to access my account using Microsoft Edge on my Windows Laptop running Windows 11. The system displays 'Unexpected server error'.

I already contacted customer support, but the issue still persists.

This is affecting my business expenses.",Refund,Medium,Negative,Billing Team,Open
Cindy Daniel,wrivera@example.net,Enterprise,USA,Phone,AI Analytics Platform,TKT-3C1DB29E28,Billing statement incorrect,"Hello,

after enabling two-factor authentication, I tried to access my account using Microsoft Edge on my Android Phone running Android 14. The system displays 'Billing service unavailable'.

This is becoming difficult.

Our subscription has been interrupted.

Please assist me.",Billing,High,Negative,Billing Team,Open
Leon Hall,christinarichards@example.org,Enterprise,UAE,Mobile App,Payment Gateway,TKT-8F399DEC98,Temporary password not working,"I think I made a mistake.

after switching to a new phone, I tried to access my account using Safari on my MacBook Pro running macOS Sonoma. The system displays 'Email not recognized'.

I already cleared browser cache, but the issue still persists.

Thank you.",Password Reset,Medium,Negative,Authentication Team,Open
Rebecca Collins,millermatthew@example.net,Basic,Singapore,Phone,Payment Gateway,TKT-90CDAE50E4,Double charged,"Hi Team,

after switching to a new phone, I tried to access my account using Microsoft Edge on my Android Phone running Android 14. The system displays 'Unexpected payment error'.

I am using Android Phone running Android 14 with Microsoft Edge.

Could you please investigate this issue?",Billing,High,Negative,Billing Team,Open
Joanne Leach,ashleyeaton@example.com,Free,Japan,Email,Payment Gateway,TKT-DDD2AD1C2C,Phone number update failed,"while connected to mobile data, I tried to access my account using Safari on my Android Phone running Android 15. The system displays 'Validation failed'.

I already logged out and logged back in, but the issue still persists.

My profile is incomplete.",Account,Low,Negative,Account Support Team,Open
Kevin Lopez,david70@example.com,Basic,Singapore,Chat,Mobile Application,TKT-8B35C4F169,Login page not responding,"Can someone explain this?

after installing the latest version, I tried to access my account using Safari on my Android Phone running Android 15. The system displays 'Internal server error'.

I am using Android Phone running Android 15 with Safari.

I'd appreciate some help.",Login,High,Negative,Authentication Team,Open
Kari Jimenez,blairisaiah@example.com,Basic,Germany,Mobile App,Cloud Storage,TKT-274AAD0CDA,Cancelled order refund,"Hello Support Team,

after changing my email address, I tried to access my account using Microsoft Edge on my Windows Laptop running Windows 10. The system displays 'Unexpected server error'.

I already verified my payment details, but the issue still persists.

My funds are still unavailable.

I would appreciate your help.",Refund,Medium,Negative,Billing Team,Open
Kevin Rose,jennifer81@example.net,Basic,Canada,Chat,Reporting Engine,TKT-C889053CE4,Temporary password not working,"I'm extremely disappointed.

after entering the wrong password several times, I tried to access my account using Mozilla Firefox on my Windows Laptop running Windows 11. The system displays 'Unexpected server error'.

I expect this to be resolved today.",Password Reset,Low,Neutral,Authentication Team,Open
Julie Coleman,charlesdickson@example.net,Enterprise,Germany,Email,Cloud Storage,TKT-32FF7C1115,Password change failed,"I'm really frustrated.

after installing the latest version, I tried to access my account using Mozilla Firefox on my iPhone running iOS 17. The system displays 'Reset token expired'.

I am using iPhone running iOS 17 with Mozilla Firefox.

I need help immediately.",Password Reset,Medium,Neutral,Authentication Team,Open
Robin Gomez,youngandrew@example.com,Basic,Singapore,Email,Mobile Application,TKT-D96F3FF1AE,Password reset email not received,"while using office Wi-Fi, I tried to access my account using Google Chrome on my Linux Desktop running Fedora 41. The system displays 'OTP expired'.",Password Reset,Medium,Negative,Authentication Team,Open
Shane Garcia,nicholas24@example.net,Premium,India,Mobile App,CRM Suite,TKT-5A58376E01,Refund not received,"after installing the latest version, I tried to access my account using Mozilla Firefox on my Android Phone running Android 15. The system displays 'Refund processing failed'.",Refund,Medium,Negative,Billing Team,Open
Amy Davila,coltonscott@example.com,Enterprise,Australia,Website,CRM Suite,TKT-158CAB33AB,Business profile issue,"Hi Team,

after my session expired, I tried to access my account using Safari on my iPhone running iOS 18. The system displays 'Verification failed'.

I am using iPhone running iOS 18 with Safari.

Kindly assist me with resolving this problem.",Account,Low,Neutral,Account Support Team,Open
Nicole Flores,sbaker@example.net,Premium,Australia,Website,Payment Gateway,TKT-8B841AD866,Cannot create new password,"Hi Team,

after changing my email address, I tried to access my account using Mozilla Firefox on my Windows Laptop running Windows 11. The system displays 'Reset token expired'.

I already cleared browser cache, but the issue still persists.

I would appreciate your help.",Password Reset,Medium,Neutral,Authentication Team,Open
Carla Richards,coreywolf@example.net,Basic,Australia,Email,Mobile Application,TKT-8F3E077C7D,Invoice missing,"after enabling two-factor authentication, I tried to access my account using Microsoft Edge on my MacBook Pro running macOS Sequoia. The system displays 'Invoice generation failed'.",Billing,High,Negative,Billing Team,Open
Lisa Graham,lewissarah@example.net,Free,United Kingdom,Website,Cloud Storage,TKT-B9D8865BB1,Duplicate payment refund,"Hi,

after changing my browser, I tried to access my account using Google Chrome on my Android Phone running Android 14. The system displays 'Refund service unavailable'.

I'm worried about this issue.

This is affecting my business expenses.

Please assist me.",Refund,High,Negative,Billing Team,Open
Angela Garcia,dthompson@example.org,Enterprise,Germany,Phone,Reporting Engine,TKT-388B7CE455,Credit card declined,"Good morning,

while connected to mobile data, I tried to access my account using Safari on my MacBook Pro running macOS Sequoia. The system displays 'Transaction failed'.

I already contacted my bank, but the issue still persists.

I cannot complete my purchase.

Thank you in advance.",Billing,Medium,Negative,Billing Team,Open
Kristin Stevens,ostone@example.net,Enterprise,India,Mobile App,AI Analytics Platform,TKT-663C635CBC,Refund rejected,"after switching to a new phone, I tried to access my account using Safari on my Windows Laptop running Windows 10. The system displays 'Unexpected server error'.",Refund,Medium,Negative,Billing Team,Open
Brianna Rodriguez,jacqueline89@example.com,Free,USA,Phone,Cloud Storage,TKT-A409E29A6B,Refund confirmation missing,"I'm not sure what's happening.

while connected to mobile data, I tried to access my account using Microsoft Edge on my Android Phone running Android 15. The system displays 'Unexpected server error'.

I'm worried about this issue.

This is affecting my business expenses.

I'd appreciate some help.",Refund,High,Negative,Billing Team,Open
Meagan Walker,janet60@example.org,Basic,Canada,Website,API Platform,TKT-AA9660B131,Password reset email not received,"I think I made a mistake.

after installing the latest version, I tried to access my account using Google Chrome on my Windows Laptop running Windows 11. The system displays 'OTP expired'.

I already used another device, but the issue still persists.

Thank you.",Password Reset,Low,Neutral,Authentication Team,Open
Jason Walker,daniel11@example.org,Free,United Kingdom,Mobile App,Payment Gateway,TKT-9EF4AC41C9,Login stuck on loading screen,"Hi,

after enabling two-factor authentication, I tried to access my account using Safari on my Linux Desktop running Ubuntu 24.04. The system displays 'Unexpected server error'.

This is becoming difficult.

I cannot continue my work.

Thank you in advance.",Login,Medium,Negative,Authentication Team,Open
Vanessa White,holmescynthia@example.net,Enterprise,Japan,Email,AI Analytics Platform,TKT-AAC89391A6,Login failed,"This issue keeps happening.

after my session expired, I tried to access my account using Microsoft Edge on my MacBook Pro running macOS Sonoma. The system displays 'Invalid credentials'.

I already disabled VPN, but the issue still persists.

My support team is blocked.

Please fix this soon.",Login,Medium,Negative,Authentication Team,Open
Cynthia Peters,joe18@example.net,Enterprise,India,Mobile App,Web Dashboard,TKT-954F52A1CC,Subscription not activated,"This is unacceptable!

after changing my browser, I tried to access my account using Microsoft Edge on my iPad running iPadOS 18. The system displays 'Renewal failed'.

I already used another browser, but the issue still persists.

This level of service is unacceptable.",Subscription,Medium,Negative,Subscription Team,Open
Marcus Bentley,davidarnold@example.org,Free,Brazil,Phone,AI Analytics Platform,TKT-9CA8482330,Account verification pending,"I think I made a mistake.

after logging in from another location, I tried to access my account using Microsoft Edge on my iPhone running iOS 18. The system displays 'Unexpected server error'.

I already updated my browser, but the issue still persists.

Thank you.",Account,Medium,Neutral,Account Support Team,Open
Rebekah Klein,alexandramyers@example.org,Free,Japan,Phone,Web Dashboard,TKT-8E669A2E14,Cancel subscription,"I'm extremely disappointed.

after reinstalling the application, I tried to access my account using Safari on my Windows Laptop running Windows 11. The system displays 'Renewal failed'.

I already verified my payment, but the issue still persists.

This level of service is unacceptable.",Subscription,Medium,Negative,Subscription Team,Open
Melanie Walters,qwagner@example.org,Free,Australia,Chat,CRM Suite,TKT-B05E163FD7,Double charged,"after changing my browser, I tried to access my account using Microsoft Edge on my Windows Laptop running Windows 11. The system displays 'Billing service unavailable'.

I already tried another payment method, but the issue still persists.

Our finance team is waiting for this invoice.",Billing,High,Negative,Billing Team,Open
Victoria Gilbert,hansondustin@example.com,Enterprise,Australia,Chat,API Platform,TKT-3D89BB8DFD,Password reset page not working,"Why is this still happening?

after installing the latest version, I tried to access my account using Safari on my Windows Laptop running Windows 11. The system displays 'Reset token expired'.

I am using Windows Laptop running Windows 11 with Safari.

This level of service is unacceptable.",Password Reset,Medium,Negative,Authentication Team,Open
Catherine Jones,blopez@example.com,Basic,Germany,Email,CRM Suite,TKT-8BC4E67793,Login failed,"while travelling abroad, I tried to access my account using Microsoft Edge on my Linux Desktop running Ubuntu 24.04. The system displays 'Authentication failed'.",Login,Medium,Negative,Authentication Team,Open
Jacob Warren,kennethmcconnell@example.org,Premium,Japan,Email,Reporting Engine,TKT-9C9EE95297,Organization details incorrect,"Good day,

while travelling abroad, I tried to access my account using Microsoft Edge on my MacBook Pro running macOS Sequoia. The system displays 'Verification failed'.

I already updated my browser, but the issue still persists.

Kindly assist me with resolving this problem.",Account,Medium,Neutral,Account Support Team,Open
John Rose,kimberly50@example.net,Premium,United Kingdom,Phone,CRM Suite,TKT-E193DF2240,Forgot password issue,"I'm really frustrated.

after changing my browser, I tried to access my account using Mozilla Firefox on my Android Phone running Android 14. The system displays 'Verification failed'.

I cannot access my account.

This is affecting my work.",Password Reset,Low,Negative,Authentication Team,Open
Christian Williams,kevinarnold@example.org,Free,USA,Phone,CRM Suite,TKT-0438AEF2F3,Premium features unavailable,"Good day,

after resetting my device, I tried to access my account using Mozilla Firefox on my Windows Laptop running Windows 10. The system displays 'Payment verification failed'.

I am using Windows Laptop running Windows 10 with Mozilla Firefox.

I would appreciate your help.",Subscription,Medium,Neutral,Subscription Team,Open
Paul Kim,andrea76@example.org,Basic,Singapore,Chat,Web Dashboard,TKT-96BFE209D9,Cannot create new password,"Hello,

after switching to a new phone, I tried to access my account using Google Chrome on my iPad running iPadOS 18. The system displays 'Invalid reset token'.

I am using iPad running iPadOS 18 with Google Chrome.

Thank you in advance.",Password Reset,Low,Negative,Authentication Team,Open
Eric Marshall,lori60@example.com,Enterprise,Singapore,Mobile App,API Platform,TKT-A08DEAEA57,Refund processing failed,"I think I made a mistake.

while using office Wi-Fi, I tried to access my account using Mozilla Firefox on my iPhone running iOS 17. The system displays 'Refund service unavailable'.

I'd appreciate some help.",Refund,Medium,Negative,Billing Team,Open
Chad Clark,madison15@example.org,Premium,India,Chat,API Platform,TKT-2D8AD6404D,Password reset email not received,"This issue keeps happening.

while using office Wi-Fi, I tried to access my account using Mozilla Firefox on my Linux Desktop running Fedora 41. The system displays 'Email not recognized'.

I cannot access my account.

This is affecting my work.",Password Reset,Low,Neutral,Authentication Team,Open
Rebecca Hunt,zachary96@example.com,Basic,Canada,Chat,Mobile Application,TKT-4D1841C317,Unable to login,"after buying a new laptop, I tried to access my account using Google Chrome on my Android Phone running Android 14. The system displays 'Access denied'.

I already cleared browser cache, but the issue still persists.

This issue is impacting productivity.",Login,Medium,Negative,Authentication Team,Open
Michael Knox,joshua01@example.com,Free,United Kingdom,Chat,Reporting Engine,TKT-2ED39BA9E0,Tax calculation issue,"Can someone explain this?

after switching to a new phone, I tried to access my account using Microsoft Edge on my Linux Desktop running Ubuntu 24.04. The system displays 'Unexpected payment error'.

Thank you.",Billing,Medium,Negative,Billing Team,Open
Mary Harris,umitchell@example.net,Enterprise,United Kingdom,Mobile App,CRM Suite,TKT-8BE90C25E8,Forgot password issue,"Hello,

after buying a new laptop, I tried to access my account using Mozilla Firefox on my MacBook Pro running macOS Sonoma. The system displays 'Email not recognized'.

This problem is affecting my work.

My team cannot access shared resources.

Please assist me.",Password Reset,Medium,Negative,Authentication Team,Open
Jose Soto,rachelmoore@example.org,Basic,Japan,Website,Payment Gateway,TKT-E2DF5D7EA9,Two-factor authentication failed,"Hi,

after switching to a new phone, I tried to access my account using Safari on my Android Phone running Android 15. The system displays 'Connection timeout'.

I am using Android Phone running Android 15 with Safari.

Can someone help me?",Login,Medium,Negative,Authentication Team,Open
Tonya Rivera,piercekayla@example.net,Premium,Japan,Mobile App,Reporting Engine,TKT-3957CD6914,Refund confirmation missing,"Dear Support,

while using office Wi-Fi, I tried to access my account using Google Chrome on my MacBook Pro running macOS Sequoia. The system displays 'Unexpected server error'.

I am using MacBook Pro running macOS Sequoia with Google Chrome.

I would appreciate your help.",Refund,High,Negative,Billing Team,Open
Daniel Huang,dudleydawn@example.com,Enterprise,United Kingdom,Chat,API Platform,TKT-78E30C44F6,Double charged,"Hello,

after my session expired, I tried to access my account using Google Chrome on my Linux Desktop running Fedora 41. The system displays 'Card declined'.

I'm worried about this issue.

I cannot complete my purchase.

Thank you in advance.",Billing,Medium,Negative,Billing Team,Open
Hannah Johnson,michelle86@example.com,Premium,UAE,Mobile App,Payment Gateway,TKT-F0C2BFF6DC,Cannot sign in,"Hi Team,

after logging in from another location, I tried to access my account using Microsoft Edge on my iPhone running iOS 18. The system displays 'Invalid credentials'.

I cannot continue my work.

Could you please investigate this issue?",Login,High,Negative,Authentication Team,Open
Laura Harris,agardner@example.com,Free,United Kingdom,Email,Cloud Storage,TKT-FFBF5EAD9C,Organization details incorrect,"after updating the mobile application, I tried to access my account using Safari on my Android Phone running Android 15. The system displays 'Permission denied'.

I already used another device, but the issue still persists.

My profile is incomplete.",Account,Low,Neutral,Account Support Team,Open
Richard Ortiz,turnerallison@example.org,Basic,India,Chat,AI Analytics Platform,TKT-90C06CF1EA,Cancel subscription,"Hello,

after resetting my device, I tried to access my account using Safari on my Windows Laptop running Windows 11. The system displays 'Payment verification failed'.

I'm really frustrated.

The subscription is inactive.

Can someone help me?",Subscription,Medium,Negative,Subscription Team,Open
Gary Stephenson,vflowers@example.net,Basic,Canada,Chat,Payment Gateway,TKT-4F19EBC315,Premium features unavailable,"I think I made a mistake.

after reinstalling the application, I tried to access my account using Microsoft Edge on my Android Phone running Android 15. The system displays 'Plan activation failed'.

I'm worried about this issue.

Premium features are unavailable.

Please guide me.",Subscription,Medium,Negative,Subscription Team,Open
Blake Stark,triciaarnold@example.net,Enterprise,Japan,Phone,Mobile Application,TKT-2750662787,Downgrade request,"Dear Support,

after installing the latest version, I tried to access my account using Microsoft Edge on my Windows Laptop running Windows 10. The system displays 'Payment verification failed'.

This problem is affecting my work.

Premium features are unavailable.

Kindly assist me with resolving this problem.",Subscription,Medium,Neutral,Subscription Team,Open
Mitchell Parker,wendypatel@example.net,Premium,Brazil,Chat,Cloud Storage,TKT-E644CCBAB0,Refund taking too long,"I'm not sure what's happening.

after installing the latest version, I tried to access my account using Safari on my iPad running iPadOS 18. The system displays 'Unexpected server error'.

This is affecting my business expenses.

Thank you.",Refund,Medium,Negative,Billing Team,Open
Anthony Blanchard,ryan06@example.com,Premium,Canada,Chat,CRM Suite,TKT-0A14F32A8D,Refund confirmation missing,"This is unacceptable!

while travelling abroad, I tried to access my account using Mozilla Firefox on my Windows Laptop running Windows 11. The system displays 'Refund processing failed'.

My funds are still unavailable.

I expect this to be resolved today.",Refund,High,Negative,Billing Team,Open
Chad Hughes,rgrant@example.com,Premium,USA,Mobile App,Mobile Application,TKT-FADA5DA5D0,Invoice missing,"after logging in from another location, I tried to access my account using Mozilla Firefox on my Windows Laptop running Windows 10. The system displays 'Transaction failed'.

I already cleared browser cache, but the issue still persists.

Business operations are affected.",Billing,Medium,Negative,Billing Team,Open
Kelsey Finley,tylerthomas@example.org,Enterprise,Canada,Phone,Cloud Storage,TKT-49E72286E2,Authentication error,"Hello Support Team,

after reinstalling the application, I tried to access my account using Mozilla Firefox on my Linux Desktop running Ubuntu 24.04. The system displays 'Session expired'.

I'm really frustrated.

This issue is impacting productivity.

Looking forward to your response.",Login,High,Negative,Authentication Team,Open
